﻿<?xml version="1.0" encoding="utf-8"?>
<tp:taxonomyPackage xml:lang="en" xmlns:tp="http://xbrl.org/2016/taxonomy-package" xmlns:xsi="http://www.w3.org/2001/XMLSchema-instance" xsi:schemaLocation="http://xbrl.org/2016/taxonomy-package http://www.xbrl.org/2016/taxonomy-package.xsd">
  <tp:identifier>http://rbinternational.com//20211231</tp:identifier>
  <tp:name>2021-12-31_RaiffeisenBankInternationalAG_report</tp:name>
  <tp:description>XBRL Taxonomy prepared for the European Standard Electronic Format</tp:description>
  <tp:version>2021-12-31</tp:version>
  <tp:publisher>Raiffeisen Bank International AG</tp:publisher>
  <tp:publisherURL>http://rbinternational.com</tp:publisherURL>
  <tp:publisherCountry>AT</tp:publisherCountry>
  <tp:publicationDate>2022-03-03</tp:publicationDate>
  <tp:entryPoints>
    <tp:entryPoint>
      <tp:name>Raiffeisen Bank International AG XBRL Taxonomy for 2021-12-31</tp:name>
      <tp:description>Raiffeisen Bank International AG XBRL report for 2021-12-31</tp:description>
      <tp:entryPointDocument href="http://rbinternational.com/rbi-2021-12-31.xsd" />
      <tp:entryPointDocument href="http://www.esma.europa.eu/taxonomy/2020-03-16/esef_cor-lab-en.xml" />
      <tp:entryPointDocument href="http://www.esma.europa.eu/taxonomy/2020-03-16/esef_cor-gen-en.xml" />
      <tp:languages>
        <tp:language>en</tp:language>
      </tp:languages>
    </tp:entryPoint>
  </tp:entryPoints>
</tp:taxonomyPackage>