<link:linkbase xmlns:xlink="http://www.w3.org/1999/xlink" xmlns:xsi="http://www.w3.org/2001/XMLSchema-instance" xsi:schemaLocation="http://www.xbrl.org/2003/linkbase http://www.xbrl.org/2003/xbrl-linkbase-2003-12-31.xsd" xmlns:link="http://www.xbrl.org/2003/linkbase">
  <link:roleRef roleURI="https://www.tatrabanka.sk/role/GeneralInformation" xlink:type="simple" xlink:href="3157002JBFAI478MD587-2021-12-31.xsd#GeneralInformation" />
  <link:roleRef roleURI="https://www.tatrabanka.sk/role/BalanceSheet" xlink:type="simple" xlink:href="3157002JBFAI478MD587-2021-12-31.xsd#BalanceSheet" />
  <link:roleRef roleURI="https://www.tatrabanka.sk/role/IncomeStatement" xlink:type="simple" xlink:href="3157002JBFAI478MD587-2021-12-31.xsd#IncomeStatement" />
  <link:roleRef roleURI="https://www.tatrabanka.sk/role/ComprehensiveIncome" xlink:type="simple" xlink:href="3157002JBFAI478MD587-2021-12-31.xsd#ComprehensiveIncome" />
  <link:roleRef roleURI="https://www.tatrabanka.sk/role/CashFlow" xlink:type="simple" xlink:href="3157002JBFAI478MD587-2021-12-31.xsd#CashFlow" />
  <link:roleRef roleURI="https://www.tatrabanka.sk/role/ChangesinEquity" xlink:type="simple" xlink:href="3157002JBFAI478MD587-2021-12-31.xsd#ChangesinEquity" />  
  <link:calculationLink xlink:type="extended" xlink:role="https://www.tatrabanka.sk/role/GeneralInformation" />
  <link:calculationLink xlink:type="extended" xlink:role="https://www.tatrabanka.sk/role/BalanceSheet">
    <link:loc xlink:type="locator" xlink:href="http://xbrl.ifrs.org/taxonomy/2020-03-16/full_ifrs/full_ifrs-cor_2020-03-16.xsd#ifrs-full_Assets" xlink:label="Assets" />
    <link:loc xlink:type="locator" xlink:href="http://xbrl.ifrs.org/taxonomy/2020-03-16/full_ifrs/full_ifrs-cor_2020-03-16.xsd#ifrs-full_CashAndCashEquivalents" xlink:label="CashAndCashEquivalents" />
    <link:loc xlink:type="locator" xlink:href="http://xbrl.ifrs.org/taxonomy/2020-03-16/full_ifrs/full_ifrs-cor_2020-03-16.xsd#ifrs-full_CashAndBankBalancesAtCentralBanks" xlink:label="CashAndBankBalancesAtCentralBanks" />
    <link:loc xlink:type="locator" xlink:href="http://xbrl.ifrs.org/taxonomy/2020-03-16/full_ifrs/full_ifrs-cor_2020-03-16.xsd#ifrs-full_FinancialAssetsAtFairValueThroughProfitOrLossClassifiedAsHeldForTrading" xlink:label="FinancialAssetsAtFairValueThroughProfitOrLossClassifiedAsHeldForTrading" />
    <link:loc xlink:type="locator" xlink:href="http://xbrl.ifrs.org/taxonomy/2020-03-16/full_ifrs/full_ifrs-cor_2020-03-16.xsd#ifrs-full_FinancialAssetsAtFairValueThroughProfitOrLossMandatorilyMeasuredAtFairValue" xlink:label="FinancialAssetsAtFairValueThroughProfitOrLossMandatorilyMeasuredAtFairValue" />
    <link:loc xlink:type="locator" xlink:href="http://xbrl.ifrs.org/taxonomy/2020-03-16/full_ifrs/full_ifrs-cor_2020-03-16.xsd#ifrs-full_FinancialAssetsMeasuredAtFairValueThroughOtherComprehensiveIncome" xlink:label="FinancialAssetsMeasuredAtFairValueThroughOtherComprehensiveIncome" />
    <link:loc xlink:type="locator" xlink:href="http://xbrl.ifrs.org/taxonomy/2020-03-16/full_ifrs/full_ifrs-cor_2020-03-16.xsd#ifrs-full_FinancialAssetsAtAmortisedCost" xlink:label="FinancialAssetsAtAmortisedCost" />
    <link:loc xlink:type="locator" xlink:href="http://xbrl.ifrs.org/taxonomy/2020-03-16/full_ifrs/full_ifrs-cor_2020-03-16.xsd#ifrs-full_DerivativeFinancialAssetsHeldForHedging" xlink:label="DerivativeFinancialAssetsHeldForHedging" />
    <link:loc xlink:type="locator" xlink:href="http://xbrl.ifrs.org/taxonomy/2020-03-16/full_ifrs/full_ifrs-cor_2020-03-16.xsd#ifrs-full_AccumulatedFairValueHedgeAdjustmentOnHedgedItemIncludedInCarryingAmountAssets" xlink:label="AccumulatedFairValueHedgeAdjustmentOnHedgedItemIncludedInCarryingAmountAssets" />
    <link:loc xlink:type="locator" xlink:href="http://xbrl.ifrs.org/taxonomy/2020-03-16/full_ifrs/full_ifrs-cor_2020-03-16.xsd#ifrs-full_PropertyPlantAndEquipment" xlink:label="PropertyPlantAndEquipment" />
    <link:loc xlink:type="locator" xlink:href="http://xbrl.ifrs.org/taxonomy/2020-03-16/full_ifrs/full_ifrs-cor_2020-03-16.xsd#ifrs-full_InvestmentProperty" xlink:label="InvestmentProperty" />
    <link:loc xlink:type="locator" xlink:href="http://xbrl.ifrs.org/taxonomy/2020-03-16/full_ifrs/full_ifrs-cor_2020-03-16.xsd#ifrs-full_IntangibleAssetsAndGoodwill" xlink:label="IntangibleAssetsAndGoodwill" />
    <link:loc xlink:type="locator" xlink:href="http://xbrl.ifrs.org/taxonomy/2020-03-16/full_ifrs/full_ifrs-cor_2020-03-16.xsd#ifrs-full_CurrentTaxAssets" xlink:label="CurrentTaxAssets" />
    <link:loc xlink:type="locator" xlink:href="http://xbrl.ifrs.org/taxonomy/2020-03-16/full_ifrs/full_ifrs-cor_2020-03-16.xsd#ifrs-full_DeferredTaxAssets" xlink:label="DeferredTaxAssets" />
    <link:loc xlink:type="locator" xlink:href="http://xbrl.ifrs.org/taxonomy/2020-03-16/full_ifrs/full_ifrs-cor_2020-03-16.xsd#ifrs-full_OtherAssets" xlink:label="OtherAssets" />
    <link:loc xlink:type="locator" xlink:href="http://xbrl.ifrs.org/taxonomy/2020-03-16/full_ifrs/full_ifrs-cor_2020-03-16.xsd#ifrs-full_NoncurrentAssetsOrDisposalGroupsClassifiedAsHeldForSale" xlink:label="NoncurrentAssetsOrDisposalGroupsClassifiedAsHeldForSale" />
    <link:loc xlink:type="locator" xlink:href="http://xbrl.ifrs.org/taxonomy/2020-03-16/full_ifrs/full_ifrs-cor_2020-03-16.xsd#ifrs-full_EquityAndLiabilities" xlink:label="EquityAndLiabilities" />
    <link:loc xlink:type="locator" xlink:href="http://xbrl.ifrs.org/taxonomy/2020-03-16/full_ifrs/full_ifrs-cor_2020-03-16.xsd#ifrs-full_Equity" xlink:label="Equity" />
    <link:loc xlink:type="locator" xlink:href="3157002JBFAI478MD587-2021-12-31.xsd#Tatra_EquityExcludingProfitLossForReportingPeriod" xlink:label="EquityExcludingProfitLossForReportingPeriod" />
    <link:loc xlink:type="locator" xlink:href="3157002JBFAI478MD587-2021-12-31.xsd#Tatra_ProfitOrLossForReportingPeriod" xlink:label="ProfitOrLossForReportingPeriod" />
    <link:loc xlink:type="locator" xlink:href="http://xbrl.ifrs.org/taxonomy/2020-03-16/full_ifrs/full_ifrs-cor_2020-03-16.xsd#ifrs-full_Liabilities" xlink:label="Liabilities" />
    <link:loc xlink:type="locator" xlink:href="http://xbrl.ifrs.org/taxonomy/2020-03-16/full_ifrs/full_ifrs-cor_2020-03-16.xsd#ifrs-full_FinancialLiabilitiesAtFairValueThroughProfitOrLossClassifiedAsHeldForTrading" xlink:label="FinancialLiabilitiesAtFairValueThroughProfitOrLossClassifiedAsHeldForTrading" />
    <link:loc xlink:type="locator" xlink:href="http://xbrl.ifrs.org/taxonomy/2020-03-16/full_ifrs/full_ifrs-cor_2020-03-16.xsd#ifrs-full_FinancialLiabilitiesAtAmortisedCost" xlink:label="FinancialLiabilitiesAtAmortisedCost" />
    <link:loc xlink:type="locator" xlink:href="http://xbrl.ifrs.org/taxonomy/2020-03-16/full_ifrs/full_ifrs-cor_2020-03-16.xsd#ifrs-full_DerivativeFinancialLiabilitiesHeldForHedging" xlink:label="DerivativeFinancialLiabilitiesHeldForHedging" />
    <link:loc xlink:type="locator" xlink:href="http://xbrl.ifrs.org/taxonomy/2020-03-16/full_ifrs/full_ifrs-cor_2020-03-16.xsd#ifrs-full_AccumulatedFairValueHedgeAdjustmentOnHedgedItemIncludedInCarryingAmountLiabilities" xlink:label="AccumulatedFairValueHedgeAdjustmentOnHedgedItemIncludedInCarryingAmountLiabilities" />
    <link:loc xlink:type="locator" xlink:href="http://xbrl.ifrs.org/taxonomy/2020-03-16/full_ifrs/full_ifrs-cor_2020-03-16.xsd#ifrs-full_Provisions" xlink:label="Provisions" />
    <link:loc xlink:type="locator" xlink:href="http://xbrl.ifrs.org/taxonomy/2020-03-16/full_ifrs/full_ifrs-cor_2020-03-16.xsd#ifrs-full_CurrentTaxLiabilities" xlink:label="CurrentTaxLiabilities" />
    <link:loc xlink:type="locator" xlink:href="http://xbrl.ifrs.org/taxonomy/2020-03-16/full_ifrs/full_ifrs-cor_2020-03-16.xsd#ifrs-full_DeferredTaxLiabilities" xlink:label="DeferredTaxLiabilities" />
    <link:loc xlink:type="locator" xlink:href="http://xbrl.ifrs.org/taxonomy/2020-03-16/full_ifrs/full_ifrs-cor_2020-03-16.xsd#ifrs-full_OtherLiabilities" xlink:label="OtherLiabilities" />
    <link:calculationArc xlink:type="arc" xlink:arcrole="http://www.xbrl.org/2003/arcrole/summation-item" xlink:from="Assets" xlink:to="NoncurrentAssetsOrDisposalGroupsClassifiedAsHeldForSale" order="1" weight="1" />
    <link:calculationArc xlink:type="arc" xlink:arcrole="http://www.xbrl.org/2003/arcrole/summation-item" xlink:from="Assets" xlink:to="OtherAssets" order="2" weight="1" />
    <link:calculationArc xlink:type="arc" xlink:arcrole="http://www.xbrl.org/2003/arcrole/summation-item" xlink:from="Assets" xlink:to="DeferredTaxAssets" order="3" weight="1" />
    <link:calculationArc xlink:type="arc" xlink:arcrole="http://www.xbrl.org/2003/arcrole/summation-item" xlink:from="Assets" xlink:to="CurrentTaxAssets" order="4" weight="1" />
    <link:calculationArc xlink:type="arc" xlink:arcrole="http://www.xbrl.org/2003/arcrole/summation-item" xlink:from="Assets" xlink:to="IntangibleAssetsAndGoodwill" order="5" weight="1" />
    <link:calculationArc xlink:type="arc" xlink:arcrole="http://www.xbrl.org/2003/arcrole/summation-item" xlink:from="Assets" xlink:to="InvestmentProperty" order="6" weight="1" />
    <link:calculationArc xlink:type="arc" xlink:arcrole="http://www.xbrl.org/2003/arcrole/summation-item" xlink:from="Assets" xlink:to="PropertyPlantAndEquipment" order="7" weight="1" />
    <link:calculationArc xlink:type="arc" xlink:arcrole="http://www.xbrl.org/2003/arcrole/summation-item" xlink:from="Assets" xlink:to="AccumulatedFairValueHedgeAdjustmentOnHedgedItemIncludedInCarryingAmountAssets" order="8" weight="1" />
    <link:calculationArc xlink:type="arc" xlink:arcrole="http://www.xbrl.org/2003/arcrole/summation-item" xlink:from="Assets" xlink:to="DerivativeFinancialAssetsHeldForHedging" order="9" weight="1" />
    <link:calculationArc xlink:type="arc" xlink:arcrole="http://www.xbrl.org/2003/arcrole/summation-item" xlink:from="Assets" xlink:to="FinancialAssetsAtAmortisedCost" order="10" weight="1" />
    <link:calculationArc xlink:type="arc" xlink:arcrole="http://www.xbrl.org/2003/arcrole/summation-item" xlink:from="Assets" xlink:to="FinancialAssetsMeasuredAtFairValueThroughOtherComprehensiveIncome" order="11" weight="1" />
    <link:calculationArc xlink:type="arc" xlink:arcrole="http://www.xbrl.org/2003/arcrole/summation-item" xlink:from="Assets" xlink:to="FinancialAssetsAtFairValueThroughProfitOrLossMandatorilyMeasuredAtFairValue" order="12" weight="1" />
    <link:calculationArc xlink:type="arc" xlink:arcrole="http://www.xbrl.org/2003/arcrole/summation-item" xlink:from="Assets" xlink:to="FinancialAssetsAtFairValueThroughProfitOrLossClassifiedAsHeldForTrading" order="13" weight="1" />
    <link:calculationArc xlink:type="arc" xlink:arcrole="http://www.xbrl.org/2003/arcrole/summation-item" xlink:from="Assets" xlink:to="CashAndBankBalancesAtCentralBanks" order="14" weight="1" />
    <link:calculationArc xlink:type="arc" xlink:arcrole="http://www.xbrl.org/2003/arcrole/summation-item" xlink:from="Assets" xlink:to="CashAndCashEquivalents" order="15" weight="1" />
    <link:calculationArc xlink:type="arc" xlink:arcrole="http://www.xbrl.org/2003/arcrole/summation-item" xlink:from="EquityAndLiabilities" xlink:to="Liabilities" order="1" weight="1" />
    <link:calculationArc xlink:type="arc" xlink:arcrole="http://www.xbrl.org/2003/arcrole/summation-item" xlink:from="EquityAndLiabilities" xlink:to="Equity" order="2" weight="1" />
    <link:calculationArc xlink:type="arc" xlink:arcrole="http://www.xbrl.org/2003/arcrole/summation-item" xlink:from="Equity" xlink:to="ProfitOrLossForReportingPeriod" order="1" weight="1" />
    <link:calculationArc xlink:type="arc" xlink:arcrole="http://www.xbrl.org/2003/arcrole/summation-item" xlink:from="Equity" xlink:to="EquityExcludingProfitLossForReportingPeriod" order="2" weight="1" />
    <link:calculationArc xlink:type="arc" xlink:arcrole="http://www.xbrl.org/2003/arcrole/summation-item" xlink:from="Liabilities" xlink:to="OtherLiabilities" order="1" weight="1" />
    <link:calculationArc xlink:type="arc" xlink:arcrole="http://www.xbrl.org/2003/arcrole/summation-item" xlink:from="Liabilities" xlink:to="DeferredTaxLiabilities" order="2" weight="1" />
    <link:calculationArc xlink:type="arc" xlink:arcrole="http://www.xbrl.org/2003/arcrole/summation-item" xlink:from="Liabilities" xlink:to="CurrentTaxLiabilities" order="3" weight="1" />
    <link:calculationArc xlink:type="arc" xlink:arcrole="http://www.xbrl.org/2003/arcrole/summation-item" xlink:from="Liabilities" xlink:to="Provisions" order="4" weight="1" />
    <link:calculationArc xlink:type="arc" xlink:arcrole="http://www.xbrl.org/2003/arcrole/summation-item" xlink:from="Liabilities" xlink:to="AccumulatedFairValueHedgeAdjustmentOnHedgedItemIncludedInCarryingAmountLiabilities" order="5" weight="1" />
    <link:calculationArc xlink:type="arc" xlink:arcrole="http://www.xbrl.org/2003/arcrole/summation-item" xlink:from="Liabilities" xlink:to="DerivativeFinancialLiabilitiesHeldForHedging" order="6" weight="1" />
    <link:calculationArc xlink:type="arc" xlink:arcrole="http://www.xbrl.org/2003/arcrole/summation-item" xlink:from="Liabilities" xlink:to="FinancialLiabilitiesAtAmortisedCost" order="7" weight="1" />
    <link:calculationArc xlink:type="arc" xlink:arcrole="http://www.xbrl.org/2003/arcrole/summation-item" xlink:from="Liabilities" xlink:to="FinancialLiabilitiesAtFairValueThroughProfitOrLossClassifiedAsHeldForTrading" order="8" weight="1" />
  </link:calculationLink>
  <link:calculationLink xlink:type="extended" xlink:role="https://www.tatrabanka.sk/role/IncomeStatement">
    <link:loc xlink:type="locator" xlink:href="http://xbrl.ifrs.org/taxonomy/2020-03-16/full_ifrs/full_ifrs-cor_2020-03-16.xsd#ifrs-full_ProfitLoss" xlink:label="ProfitLoss" />
    <link:loc xlink:type="locator" xlink:href="http://xbrl.ifrs.org/taxonomy/2020-03-16/full_ifrs/full_ifrs-cor_2020-03-16.xsd#ifrs-full_ProfitLossBeforeTax" xlink:label="ProfitLossBeforeTax" />
    <link:loc xlink:type="locator" xlink:href="http://xbrl.ifrs.org/taxonomy/2020-03-16/full_ifrs/full_ifrs-cor_2020-03-16.xsd#ifrs-full_FeeAndCommissionIncomeExpense" xlink:label="FeeAndCommissionIncomeExpense" />
    <link:loc xlink:type="locator" xlink:href="http://xbrl.ifrs.org/taxonomy/2020-03-16/full_ifrs/full_ifrs-cor_2020-03-16.xsd#ifrs-full_FeeAndCommissionExpense" xlink:label="FeeAndCommissionExpense" />
    <link:loc xlink:type="locator" xlink:href="http://xbrl.ifrs.org/taxonomy/2020-03-16/full_ifrs/full_ifrs-cor_2020-03-16.xsd#ifrs-full_FeeAndCommissionIncome" xlink:label="FeeAndCommissionIncome" />
    <link:loc xlink:type="locator" xlink:href="3157002JBFAI478MD587-2021-12-31.xsd#Tatra_InterestRevenueExpenseAndDividends" xlink:label="InterestRevenueExpenseAndDividends" />
    <link:loc xlink:type="locator" xlink:href="http://xbrl.ifrs.org/taxonomy/2020-03-16/full_ifrs/full_ifrs-cor_2020-03-16.xsd#ifrs-full_RevenueFromDividends" xlink:label="RevenueFromDividends" />
    <link:loc xlink:type="locator" xlink:href="http://xbrl.ifrs.org/taxonomy/2020-03-16/full_ifrs/full_ifrs-cor_2020-03-16.xsd#ifrs-full_InterestRevenueExpense" xlink:label="InterestRevenueExpense" />
    <link:loc xlink:type="locator" xlink:href="http://xbrl.ifrs.org/taxonomy/2020-03-16/full_ifrs/full_ifrs-cor_2020-03-16.xsd#ifrs-full_InterestRevenueCalculatedUsingEffectiveInterestMethod" xlink:label="InterestRevenueCalculatedUsingEffectiveInterestMethod" />
    <link:loc xlink:type="locator" xlink:href="3157002JBFAI478MD587-2021-12-31.xsd#Tatra_InterestRevenueCalculatedNotUsingEffectiveInterestMethod" xlink:label="InterestRevenueCalculatedNotUsingEffectiveInterestMethod" />
    <link:loc xlink:type="locator" xlink:href="http://xbrl.ifrs.org/taxonomy/2020-03-16/full_ifrs/full_ifrs-cor_2020-03-16.xsd#ifrs-full_InterestExpense" xlink:label="InterestExpense" />
    <link:loc xlink:type="locator" xlink:href="3157002JBFAI478MD587-2021-12-31.xsd#Tatra_GainLossArisingFromDerecognitionOfFinancialAssetsMeasuredAtAmortisedCostAndFinancialAssetsMeasuredAtFairValueThroughOtherComprehensiveIncome" xlink:label="GainLossArisingFromDerecognitionOfFinancialAssetsMeasuredAtAmortisedCostAndFinancialAssetsMeasuredAtFairValueThroughOtherComprehensiveIncome" />
    <link:loc xlink:type="locator" xlink:href="3157002JBFAI478MD587-2021-12-31.xsd#Tatra_GainsLossesOnFinancialAssetsAtFairValueThroughProfitOrLossClassifiedAsHeldForTradingAndGainsLossesOnExchangeDifferencesOnTranslationRecognisedInProfitOrLoss" xlink:label="GainsLossesOnFinancialAssetsAtFairValueThroughProfitOrLossClassifiedAsHeldForTradingAndGainsLossesOnExchangeDifferencesOnTranslationRecognisedInProfitOrLoss" />
    <link:loc xlink:type="locator" xlink:href="http://xbrl.ifrs.org/taxonomy/2020-03-16/full_ifrs/full_ifrs-cor_2020-03-16.xsd#ifrs-full_GainsLossesOnFinancialAssetsAtFairValueThroughProfitOrLossMandatorilyMeasuredAtFairValue" xlink:label="GainsLossesOnFinancialAssetsAtFairValueThroughProfitOrLossMandatorilyMeasuredAtFairValue" />
    <link:loc xlink:type="locator" xlink:href="3157002JBFAI478MD587-2021-12-31.xsd#Tatra_SpecialLevyOfSelectedFinancialInstitutions" xlink:label="SpecialLevyOfSelectedFinancialInstitutions" />
    <link:loc xlink:type="locator" xlink:href="http://xbrl.ifrs.org/taxonomy/2020-03-16/full_ifrs/full_ifrs-cor_2020-03-16.xsd#ifrs-full_MiscellaneousOtherOperatingIncome" xlink:label="MiscellaneousOtherOperatingIncome" />
    <link:loc xlink:type="locator" xlink:href="http://xbrl.ifrs.org/taxonomy/2020-03-16/full_ifrs/full_ifrs-cor_2020-03-16.xsd#ifrs-full_MiscellaneousOtherOperatingExpense" xlink:label="MiscellaneousOtherOperatingExpense" />
    <link:loc xlink:type="locator" xlink:href="http://xbrl.ifrs.org/taxonomy/2020-03-16/full_ifrs/full_ifrs-cor_2020-03-16.xsd#ifrs-full_GeneralAndAdministrativeExpense" xlink:label="GeneralAndAdministrativeExpense" />
    <link:loc xlink:type="locator" xlink:href="3157002JBFAI478MD587-2021-12-31.xsd#Tatra_ContributionToTheResolutionFundAndTheDepositProtectionFund" xlink:label="ContributionToTheResolutionFundAndTheDepositProtectionFund" />
    <link:loc xlink:type="locator" xlink:href="http://xbrl.ifrs.org/taxonomy/2020-03-16/full_ifrs/full_ifrs-cor_2020-03-16.xsd#ifrs-full_GainsLossesOnFinancialAssetsAtAmortisedCost" xlink:label="GainsLossesOnFinancialAssetsAtAmortisedCost" />
    <link:loc xlink:type="locator" xlink:href="3157002JBFAI478MD587-2021-12-31.xsd#Tatra_IncreaseDecreaseInLegalProceedingsProvisions" xlink:label="IncreaseDecreaseInLegalProceedingsProvisions" />
    <link:loc xlink:type="locator" xlink:href="3157002JBFAI478MD587-2021-12-31.xsd#Tatra_IncreaseDecreaseProvisionsForExpectedLossesOnCommitmentsAndGuarantees" xlink:label="IncreaseDecreaseProvisionsForExpectedLossesOnCommitmentsAndGuarantees" />
    <link:loc xlink:type="locator" xlink:href="http://xbrl.ifrs.org/taxonomy/2020-03-16/full_ifrs/full_ifrs-cor_2020-03-16.xsd#ifrs-full_IncreaseDecreaseInAllowanceAccountForCreditLossesOfFinancialAssets" xlink:label="IncreaseDecreaseInAllowanceAccountForCreditLossesOfFinancialAssets" />
    <link:loc xlink:type="locator" xlink:href="http://xbrl.ifrs.org/taxonomy/2020-03-16/full_ifrs/full_ifrs-cor_2020-03-16.xsd#ifrs-full_ImpairmentLossRecognisedInProfitOrLoss" xlink:label="ImpairmentLossRecognisedInProfitOrLoss" />
    <link:loc xlink:type="locator" xlink:href="3157002JBFAI478MD587-2021-12-31.xsd#Tatra_GainLossesOnNonCurrentAssetsHeldForSale" xlink:label="GainLossesOnNonCurrentAssetsHeldForSale" />
    <link:loc xlink:type="locator" xlink:href="http://xbrl.ifrs.org/taxonomy/2020-03-16/full_ifrs/full_ifrs-cor_2020-03-16.xsd#ifrs-full_IncomeTaxExpenseContinuingOperations" xlink:label="IncomeTaxExpenseContinuingOperations" />
    <link:calculationArc xlink:type="arc" xlink:arcrole="http://www.xbrl.org/2003/arcrole/summation-item" xlink:from="ProfitLoss" xlink:to="IncomeTaxExpenseContinuingOperations" order="1" weight="-1" />
    <link:calculationArc xlink:type="arc" xlink:arcrole="http://www.xbrl.org/2003/arcrole/summation-item" xlink:from="ProfitLoss" xlink:to="ProfitLossBeforeTax" order="2" weight="1" />
    <link:calculationArc xlink:type="arc" xlink:arcrole="http://www.xbrl.org/2003/arcrole/summation-item" xlink:from="ProfitLossBeforeTax" xlink:to="GainLossesOnNonCurrentAssetsHeldForSale" order="1" weight="1" />
    <link:calculationArc xlink:type="arc" xlink:arcrole="http://www.xbrl.org/2003/arcrole/summation-item" xlink:from="ProfitLossBeforeTax" xlink:to="ImpairmentLossRecognisedInProfitOrLoss" order="2" weight="-1" />
    <link:calculationArc xlink:type="arc" xlink:arcrole="http://www.xbrl.org/2003/arcrole/summation-item" xlink:from="ProfitLossBeforeTax" xlink:to="IncreaseDecreaseInAllowanceAccountForCreditLossesOfFinancialAssets" order="3" weight="1" />
    <link:calculationArc xlink:type="arc" xlink:arcrole="http://www.xbrl.org/2003/arcrole/summation-item" xlink:from="ProfitLossBeforeTax" xlink:to="IncreaseDecreaseProvisionsForExpectedLossesOnCommitmentsAndGuarantees" order="4" weight="-1" />
    <link:calculationArc xlink:type="arc" xlink:arcrole="http://www.xbrl.org/2003/arcrole/summation-item" xlink:from="ProfitLossBeforeTax" xlink:to="IncreaseDecreaseInLegalProceedingsProvisions" order="5" weight="-1" />
    <link:calculationArc xlink:type="arc" xlink:arcrole="http://www.xbrl.org/2003/arcrole/summation-item" xlink:from="ProfitLossBeforeTax" xlink:to="GainsLossesOnFinancialAssetsAtAmortisedCost" order="6" weight="1" />
    <link:calculationArc xlink:type="arc" xlink:arcrole="http://www.xbrl.org/2003/arcrole/summation-item" xlink:from="ProfitLossBeforeTax" xlink:to="ContributionToTheResolutionFundAndTheDepositProtectionFund" order="7" weight="-1" />
    <link:calculationArc xlink:type="arc" xlink:arcrole="http://www.xbrl.org/2003/arcrole/summation-item" xlink:from="ProfitLossBeforeTax" xlink:to="GeneralAndAdministrativeExpense" order="8" weight="-1" />
    <link:calculationArc xlink:type="arc" xlink:arcrole="http://www.xbrl.org/2003/arcrole/summation-item" xlink:from="ProfitLossBeforeTax" xlink:to="MiscellaneousOtherOperatingExpense" order="9" weight="-1" />
    <link:calculationArc xlink:type="arc" xlink:arcrole="http://www.xbrl.org/2003/arcrole/summation-item" xlink:from="ProfitLossBeforeTax" xlink:to="MiscellaneousOtherOperatingIncome" order="10" weight="1" />
    <link:calculationArc xlink:type="arc" xlink:arcrole="http://www.xbrl.org/2003/arcrole/summation-item" xlink:from="ProfitLossBeforeTax" xlink:to="SpecialLevyOfSelectedFinancialInstitutions" order="11" weight="-1" />
    <link:calculationArc xlink:type="arc" xlink:arcrole="http://www.xbrl.org/2003/arcrole/summation-item" xlink:from="ProfitLossBeforeTax" xlink:to="GainsLossesOnFinancialAssetsAtFairValueThroughProfitOrLossMandatorilyMeasuredAtFairValue" order="12" weight="1" />
    <link:calculationArc xlink:type="arc" xlink:arcrole="http://www.xbrl.org/2003/arcrole/summation-item" xlink:from="ProfitLossBeforeTax" xlink:to="GainsLossesOnFinancialAssetsAtFairValueThroughProfitOrLossClassifiedAsHeldForTradingAndGainsLossesOnExchangeDifferencesOnTranslationRecognisedInProfitOrLoss" order="13" weight="1" />
    <link:calculationArc xlink:type="arc" xlink:arcrole="http://www.xbrl.org/2003/arcrole/summation-item" xlink:from="ProfitLossBeforeTax" xlink:to="GainLossArisingFromDerecognitionOfFinancialAssetsMeasuredAtAmortisedCostAndFinancialAssetsMeasuredAtFairValueThroughOtherComprehensiveIncome" order="14" weight="1" />
    <link:calculationArc xlink:type="arc" xlink:arcrole="http://www.xbrl.org/2003/arcrole/summation-item" xlink:from="ProfitLossBeforeTax" xlink:to="InterestRevenueExpenseAndDividends" order="15" weight="1" />
    <link:calculationArc xlink:type="arc" xlink:arcrole="http://www.xbrl.org/2003/arcrole/summation-item" xlink:from="ProfitLossBeforeTax" xlink:to="FeeAndCommissionIncomeExpense" order="16" weight="1" />
    <link:calculationArc xlink:type="arc" xlink:arcrole="http://www.xbrl.org/2003/arcrole/summation-item" xlink:from="FeeAndCommissionIncomeExpense" xlink:to="FeeAndCommissionIncome" order="1" weight="1" />
    <link:calculationArc xlink:type="arc" xlink:arcrole="http://www.xbrl.org/2003/arcrole/summation-item" xlink:from="FeeAndCommissionIncomeExpense" xlink:to="FeeAndCommissionExpense" order="2" weight="-1" />
    <link:calculationArc xlink:type="arc" xlink:arcrole="http://www.xbrl.org/2003/arcrole/summation-item" xlink:from="InterestRevenueExpenseAndDividends" xlink:to="InterestRevenueExpense" order="1" weight="1" />
    <link:calculationArc xlink:type="arc" xlink:arcrole="http://www.xbrl.org/2003/arcrole/summation-item" xlink:from="InterestRevenueExpenseAndDividends" xlink:to="RevenueFromDividends" order="2" weight="1" />
    <link:calculationArc xlink:type="arc" xlink:arcrole="http://www.xbrl.org/2003/arcrole/summation-item" xlink:from="InterestRevenueExpense" xlink:to="InterestExpense" order="1" weight="-1" />
    <link:calculationArc xlink:type="arc" xlink:arcrole="http://www.xbrl.org/2003/arcrole/summation-item" xlink:from="InterestRevenueExpense" xlink:to="InterestRevenueCalculatedNotUsingEffectiveInterestMethod" order="2" weight="1" />
    <link:calculationArc xlink:type="arc" xlink:arcrole="http://www.xbrl.org/2003/arcrole/summation-item" xlink:from="InterestRevenueExpense" xlink:to="InterestRevenueCalculatedUsingEffectiveInterestMethod" order="3" weight="1" />
  </link:calculationLink>
  <link:calculationLink xlink:type="extended" xlink:role="https://www.tatrabanka.sk/role/ComprehensiveIncome">
    <link:loc xlink:type="locator" xlink:href="http://xbrl.ifrs.org/taxonomy/2020-03-16/full_ifrs/full_ifrs-cor_2020-03-16.xsd#ifrs-full_ComprehensiveIncome" xlink:label="ComprehensiveIncome" />
    <link:loc xlink:type="locator" xlink:href="http://xbrl.ifrs.org/taxonomy/2020-03-16/full_ifrs/full_ifrs-cor_2020-03-16.xsd#ifrs-full_ProfitLoss" xlink:label="ProfitLoss" />
    <link:loc xlink:type="locator" xlink:href="http://xbrl.ifrs.org/taxonomy/2020-03-16/full_ifrs/full_ifrs-cor_2020-03-16.xsd#ifrs-full_OtherComprehensiveIncome" xlink:label="OtherComprehensiveIncome" />
    <link:loc xlink:type="locator" xlink:href="http://xbrl.ifrs.org/taxonomy/2020-03-16/full_ifrs/full_ifrs-cor_2020-03-16.xsd#ifrs-full_OtherComprehensiveIncomeThatWillNotBeReclassifiedToProfitOrLossNetOfTax" xlink:label="OtherComprehensiveIncomeThatWillNotBeReclassifiedToProfitOrLossNetOfTax" />
    <link:loc xlink:type="locator" xlink:href="http://xbrl.ifrs.org/taxonomy/2020-03-16/full_ifrs/full_ifrs-cor_2020-03-16.xsd#ifrs-full_OtherComprehensiveIncomeBeforeTaxGainsLossesFromInvestmentsInEquityInstruments" xlink:label="OtherComprehensiveIncomeBeforeTaxGainsLossesFromInvestmentsInEquityInstruments" />
    <link:loc xlink:type="locator" xlink:href="http://xbrl.ifrs.org/taxonomy/2020-03-16/full_ifrs/full_ifrs-cor_2020-03-16.xsd#ifrs-full_IncomeTaxRelatingToComponentsOfOtherComprehensiveIncomeThatWillNotBeReclassifiedToProfitOrLoss" xlink:label="IncomeTaxRelatingToComponentsOfOtherComprehensiveIncomeThatWillNotBeReclassifiedToProfitOrLoss" />
    <link:loc xlink:type="locator" xlink:href="http://xbrl.ifrs.org/taxonomy/2020-03-16/full_ifrs/full_ifrs-cor_2020-03-16.xsd#ifrs-full_OtherComprehensiveIncomeThatWillBeReclassifiedToProfitOrLossNetOfTax" xlink:label="OtherComprehensiveIncomeThatWillBeReclassifiedToProfitOrLossNetOfTax" />
    <link:loc xlink:type="locator" xlink:href="http://xbrl.ifrs.org/taxonomy/2020-03-16/full_ifrs/full_ifrs-cor_2020-03-16.xsd#ifrs-full_GainsLossesOnFinancialAssetsMeasuredAtFairValueThroughOtherComprehensiveIncomeBeforeTax" xlink:label="GainsLossesOnFinancialAssetsMeasuredAtFairValueThroughOtherComprehensiveIncomeBeforeTax" />
    <link:loc xlink:type="locator" xlink:href="http://xbrl.ifrs.org/taxonomy/2020-03-16/full_ifrs/full_ifrs-cor_2020-03-16.xsd#ifrs-full_GainsLossesOnCashFlowHedgesBeforeTax" xlink:label="GainsLossesOnCashFlowHedgesBeforeTax" />
    <link:loc xlink:type="locator" xlink:href="http://xbrl.ifrs.org/taxonomy/2020-03-16/full_ifrs/full_ifrs-cor_2020-03-16.xsd#ifrs-full_IncomeTaxRelatingToComponentsOfOtherComprehensiveIncomeThatWillBeReclassifiedToProfitOrLoss" xlink:label="IncomeTaxRelatingToComponentsOfOtherComprehensiveIncomeThatWillBeReclassifiedToProfitOrLoss" />
    <link:calculationArc xlink:type="arc" xlink:arcrole="http://www.xbrl.org/2003/arcrole/summation-item" xlink:from="ComprehensiveIncome" xlink:to="OtherComprehensiveIncome" order="1" weight="1" />
    <link:calculationArc xlink:type="arc" xlink:arcrole="http://www.xbrl.org/2003/arcrole/summation-item" xlink:from="ComprehensiveIncome" xlink:to="ProfitLoss" order="2" weight="1" />
    <link:calculationArc xlink:type="arc" xlink:arcrole="http://www.xbrl.org/2003/arcrole/summation-item" xlink:from="OtherComprehensiveIncome" xlink:to="OtherComprehensiveIncomeThatWillBeReclassifiedToProfitOrLossNetOfTax" order="1" weight="1" />
    <link:calculationArc xlink:type="arc" xlink:arcrole="http://www.xbrl.org/2003/arcrole/summation-item" xlink:from="OtherComprehensiveIncome" xlink:to="OtherComprehensiveIncomeThatWillNotBeReclassifiedToProfitOrLossNetOfTax" order="2" weight="1" />
    <link:calculationArc xlink:type="arc" xlink:arcrole="http://www.xbrl.org/2003/arcrole/summation-item" xlink:from="OtherComprehensiveIncomeThatWillNotBeReclassifiedToProfitOrLossNetOfTax" xlink:to="IncomeTaxRelatingToComponentsOfOtherComprehensiveIncomeThatWillNotBeReclassifiedToProfitOrLoss" order="1" weight="-1" />
    <link:calculationArc xlink:type="arc" xlink:arcrole="http://www.xbrl.org/2003/arcrole/summation-item" xlink:from="OtherComprehensiveIncomeThatWillNotBeReclassifiedToProfitOrLossNetOfTax" xlink:to="OtherComprehensiveIncomeBeforeTaxGainsLossesFromInvestmentsInEquityInstruments" order="2" weight="1" />
    <link:calculationArc xlink:type="arc" xlink:arcrole="http://www.xbrl.org/2003/arcrole/summation-item" xlink:from="OtherComprehensiveIncomeThatWillBeReclassifiedToProfitOrLossNetOfTax" xlink:to="IncomeTaxRelatingToComponentsOfOtherComprehensiveIncomeThatWillBeReclassifiedToProfitOrLoss" order="1" weight="-1" />
    <link:calculationArc xlink:type="arc" xlink:arcrole="http://www.xbrl.org/2003/arcrole/summation-item" xlink:from="OtherComprehensiveIncomeThatWillBeReclassifiedToProfitOrLossNetOfTax" xlink:to="GainsLossesOnCashFlowHedgesBeforeTax" order="2" weight="1" />
    <link:calculationArc xlink:type="arc" xlink:arcrole="http://www.xbrl.org/2003/arcrole/summation-item" xlink:from="OtherComprehensiveIncomeThatWillBeReclassifiedToProfitOrLossNetOfTax" xlink:to="GainsLossesOnFinancialAssetsMeasuredAtFairValueThroughOtherComprehensiveIncomeBeforeTax" order="3" weight="1" />
  </link:calculationLink>
  <link:calculationLink xlink:type="extended" xlink:role="https://www.tatrabanka.sk/role/CashFlow">
    <link:loc xlink:type="locator" xlink:href="http://xbrl.ifrs.org/taxonomy/2020-03-16/full_ifrs/full_ifrs-cor_2020-03-16.xsd#ifrs-full_IncreaseDecreaseInCashAndCashEquivalents" xlink:label="IncreaseDecreaseInCashAndCashEquivalents" />
    <link:loc xlink:type="locator" xlink:href="http://xbrl.ifrs.org/taxonomy/2020-03-16/full_ifrs/full_ifrs-cor_2020-03-16.xsd#ifrs-full_CashFlowsFromUsedInFinancingActivities" xlink:label="CashFlowsFromUsedInFinancingActivities" />
    <link:loc xlink:type="locator" xlink:href="http://xbrl.ifrs.org/taxonomy/2020-03-16/full_ifrs/full_ifrs-cor_2020-03-16.xsd#ifrs-full_PaymentsToAcquireOrRedeemEntitysShares" xlink:label="PaymentsToAcquireOrRedeemEntitysShares" />
    <link:loc xlink:type="locator" xlink:href="http://xbrl.ifrs.org/taxonomy/2020-03-16/full_ifrs/full_ifrs-cor_2020-03-16.xsd#ifrs-full_ProceedsFromIssueOfPreferenceShares" xlink:label="ProceedsFromIssueOfPreferenceShares" />
    <link:loc xlink:type="locator" xlink:href="http://xbrl.ifrs.org/taxonomy/2020-03-16/full_ifrs/full_ifrs-cor_2020-03-16.xsd#ifrs-full_ProceedsFromBorrowingsClassifiedAsFinancingActivities" xlink:label="ProceedsFromBorrowingsClassifiedAsFinancingActivities" />
    <link:loc xlink:type="locator" xlink:href="http://xbrl.ifrs.org/taxonomy/2020-03-16/full_ifrs/full_ifrs-cor_2020-03-16.xsd#ifrs-full_RepaymentsOfBorrowingsClassifiedAsFinancingActivities" xlink:label="RepaymentsOfBorrowingsClassifiedAsFinancingActivities" />
    <link:loc xlink:type="locator" xlink:href="http://xbrl.ifrs.org/taxonomy/2020-03-16/full_ifrs/full_ifrs-cor_2020-03-16.xsd#ifrs-full_RepaymentsOfSubordinatedLiabilities" xlink:label="RepaymentsOfSubordinatedLiabilities" />
    <link:loc xlink:type="locator" xlink:href="http://xbrl.ifrs.org/taxonomy/2020-03-16/full_ifrs/full_ifrs-cor_2020-03-16.xsd#ifrs-full_ProceedsFromIssueOfBondsNotesAndDebentures" xlink:label="ProceedsFromIssueOfBondsNotesAndDebentures" />
    <link:loc xlink:type="locator" xlink:href="http://xbrl.ifrs.org/taxonomy/2020-03-16/full_ifrs/full_ifrs-cor_2020-03-16.xsd#ifrs-full_RepaymentsOfBondsNotesAndDebentures" xlink:label="RepaymentsOfBondsNotesAndDebentures" />
    <link:loc xlink:type="locator" xlink:href="http://xbrl.ifrs.org/taxonomy/2020-03-16/full_ifrs/full_ifrs-cor_2020-03-16.xsd#ifrs-full_PaymentsOfLeaseLiabilitiesClassifiedAsFinancingActivities" xlink:label="PaymentsOfLeaseLiabilitiesClassifiedAsFinancingActivities" />
    <link:loc xlink:type="locator" xlink:href="http://xbrl.ifrs.org/taxonomy/2020-03-16/full_ifrs/full_ifrs-cor_2020-03-16.xsd#ifrs-full_DividendsPaidClassifiedAsFinancingActivities" xlink:label="DividendsPaidClassifiedAsFinancingActivities" />
    <link:loc xlink:type="locator" xlink:href="http://xbrl.ifrs.org/taxonomy/2020-03-16/full_ifrs/full_ifrs-cor_2020-03-16.xsd#ifrs-full_CashFlowsFromUsedInInvestingActivities" xlink:label="CashFlowsFromUsedInInvestingActivities" />
    <link:loc xlink:type="locator" xlink:href="http://xbrl.ifrs.org/taxonomy/2020-03-16/full_ifrs/full_ifrs-cor_2020-03-16.xsd#ifrs-full_InterestReceivedClassifiedAsInvestingActivities" xlink:label="InterestReceivedClassifiedAsInvestingActivities" />
    <link:loc xlink:type="locator" xlink:href="http://xbrl.ifrs.org/taxonomy/2020-03-16/full_ifrs/full_ifrs-cor_2020-03-16.xsd#ifrs-full_ProceedsFromDisposalsOfPropertyPlantAndEquipmentIntangibleAssetsOtherThanGoodwillInvestmentPropertyAndOtherNoncurrentAssets" xlink:label="ProceedsFromDisposalsOfPropertyPlantAndEquipmentIntangibleAssetsOtherThanGoodwillInvestmentPropertyAndOtherNoncurrentAssets" />
    <link:loc xlink:type="locator" xlink:href="http://xbrl.ifrs.org/taxonomy/2020-03-16/full_ifrs/full_ifrs-cor_2020-03-16.xsd#ifrs-full_PurchaseOfPropertyPlantAndEquipmentIntangibleAssetsOtherThanGoodwillInvestmentPropertyAndOtherNoncurrentAssets" xlink:label="PurchaseOfPropertyPlantAndEquipmentIntangibleAssetsOtherThanGoodwillInvestmentPropertyAndOtherNoncurrentAssets" />
    <link:loc xlink:type="locator" xlink:href="http://xbrl.ifrs.org/taxonomy/2020-03-16/full_ifrs/full_ifrs-cor_2020-03-16.xsd#ifrs-full_DividendsReceivedClassifiedAsInvestingActivities" xlink:label="DividendsReceivedClassifiedAsInvestingActivities" />
    <link:loc xlink:type="locator" xlink:href="3157002JBFAI478MD587-2021-12-31.xsd#Tatra_CashPaymentsToAcquireEquityOrDebtInstrumentsOfOtherEntitiesClassifiedAsInvestingActivitiesMeasuredAtAmortisedCost" xlink:label="CashPaymentsToAcquireEquityOrDebtInstrumentsOfOtherEntitiesClassifiedAsInvestingActivitiesMeasuredAtAmortisedCost" />
    <link:loc xlink:type="locator" xlink:href="3157002JBFAI478MD587-2021-12-31.xsd#Tatra_CashReceiptsFromSalesOfEquityOrDebtInstrumentsOfOtherEntitiesClassifiedAsInvestingActivitiesMeasuredAtAmortisedCost" xlink:label="CashReceiptsFromSalesOfEquityOrDebtInstrumentsOfOtherEntitiesClassifiedAsInvestingActivitiesMeasuredAtAmortisedCost" />
    <link:loc xlink:type="locator" xlink:href="3157002JBFAI478MD587-2021-12-31.xsd#Tatra_CashPaymentsToAcquireEquityOrDebtInstrumentsOfOtherEntitiesClassifiedAsInvestingActivitiesMeasuredAtFairValueThroughOtherComprehensiveIncome" xlink:label="CashPaymentsToAcquireEquityOrDebtInstrumentsOfOtherEntitiesClassifiedAsInvestingActivitiesMeasuredAtFairValueThroughOtherComprehensiveIncome" />
    <link:loc xlink:type="locator" xlink:href="3157002JBFAI478MD587-2021-12-31.xsd#Tatra_CashReceiptsFromSalesOfEquityOrDebtInstrumentsOfOtherEntitiesClassifiedAsInvestingActivitiesMeasuredAtFairValueThroughOtherComprehensiveIncome" xlink:label="CashReceiptsFromSalesOfEquityOrDebtInstrumentsOfOtherEntitiesClassifiedAsInvestingActivitiesMeasuredAtFairValueThroughOtherComprehensiveIncome" />
    <link:loc xlink:type="locator" xlink:href="3157002JBFAI478MD587-2021-12-31.xsd#Tatra_PurchaseOfGoodwillClassifiedAsInvestingActivities" xlink:label="PurchaseOfGoodwillClassifiedAsInvestingActivities" />
    <link:loc xlink:type="locator" xlink:href="http://xbrl.ifrs.org/taxonomy/2020-03-16/full_ifrs/full_ifrs-cor_2020-03-16.xsd#ifrs-full_CashFlowsUsedInObtainingControlOfSubsidiariesOrOtherBusinessesClassifiedAsInvestingActivities" xlink:label="CashFlowsUsedInObtainingControlOfSubsidiariesOrOtherBusinessesClassifiedAsInvestingActivities" />
    <link:loc xlink:type="locator" xlink:href="http://xbrl.ifrs.org/taxonomy/2020-03-16/full_ifrs/full_ifrs-cor_2020-03-16.xsd#ifrs-full_CashFlowsFromUsedInOperatingActivities" xlink:label="CashFlowsFromUsedInOperatingActivities" />
    <link:loc xlink:type="locator" xlink:href="3157002JBFAI478MD587-2021-12-31.xsd#Tatra_CashflowsFromUsedInOperatingActivitiesBeforeInterestsAndIncomeTaxes" xlink:label="CashflowsFromUsedInOperatingActivitiesBeforeInterestsAndIncomeTaxes" />
    <link:loc xlink:type="locator" xlink:href="http://xbrl.ifrs.org/taxonomy/2020-03-16/full_ifrs/full_ifrs-cor_2020-03-16.xsd#ifrs-full_CashFlowsFromUsedInOperationsBeforeChangesInWorkingCapital" xlink:label="CashFlowsFromUsedInOperationsBeforeChangesInWorkingCapital" />
    <link:loc xlink:type="locator" xlink:href="http://xbrl.ifrs.org/taxonomy/2020-03-16/full_ifrs/full_ifrs-cor_2020-03-16.xsd#ifrs-full_ProfitLossBeforeTax" xlink:label="ProfitLossBeforeTax" />
    <link:loc xlink:type="locator" xlink:href="http://xbrl.ifrs.org/taxonomy/2020-03-16/full_ifrs/full_ifrs-cor_2020-03-16.xsd#ifrs-full_AdjustmentsForReconcileProfitLoss" xlink:label="AdjustmentsForReconcileProfitLoss" />
    <link:loc xlink:type="locator" xlink:href="http://xbrl.ifrs.org/taxonomy/2020-03-16/full_ifrs/full_ifrs-cor_2020-03-16.xsd#ifrs-full_AdjustmentsForInterestExpense" xlink:label="AdjustmentsForInterestExpense" />
    <link:loc xlink:type="locator" xlink:href="http://xbrl.ifrs.org/taxonomy/2020-03-16/full_ifrs/full_ifrs-cor_2020-03-16.xsd#ifrs-full_AdjustmentsForInterestIncome" xlink:label="AdjustmentsForInterestIncome" />
    <link:loc xlink:type="locator" xlink:href="http://xbrl.ifrs.org/taxonomy/2020-03-16/full_ifrs/full_ifrs-cor_2020-03-16.xsd#ifrs-full_AdjustmentsForDividendIncome" xlink:label="AdjustmentsForDividendIncome" />
    <link:loc xlink:type="locator" xlink:href="http://xbrl.ifrs.org/taxonomy/2020-03-16/full_ifrs/full_ifrs-cor_2020-03-16.xsd#ifrs-full_OtherAdjustmentsForNoncashItems" xlink:label="OtherAdjustmentsForNoncashItems" />
    <link:loc xlink:type="locator" xlink:href="http://xbrl.ifrs.org/taxonomy/2020-03-16/full_ifrs/full_ifrs-cor_2020-03-16.xsd#ifrs-full_AdjustmentsForGainLossOnDisposalsPropertyPlantAndEquipment" xlink:label="AdjustmentsForGainLossOnDisposalsPropertyPlantAndEquipment" />
    <link:loc xlink:type="locator" xlink:href="3157002JBFAI478MD587-2021-12-31.xsd#Tatra_AdjustmentsForLossesGainsOnDisposalOfNoncurrentAssetsHeldForSale" xlink:label="AdjustmentsForLossesGainsOnDisposalOfNoncurrentAssetsHeldForSale" />
    <link:loc xlink:type="locator" xlink:href="3157002JBFAI478MD587-2021-12-31.xsd#Tatra_AdjustmentsForGainsLossesOnChangeInFairValueOfDerivativesAndFinancialAssetsHeldForTrading" xlink:label="AdjustmentsForGainsLossesOnChangeInFairValueOfDerivativesAndFinancialAssetsHeldForTrading" />
    <link:loc xlink:type="locator" xlink:href="3157002JBFAI478MD587-2021-12-31.xsd#Tatra_AdjustmentsForGainsLossesOnFinancialAssetsAtFairValueThroughProfitOrLossMandatorilyMeasuredAtFairValue" xlink:label="AdjustmentsForGainsLossesOnFinancialAssetsAtFairValueThroughProfitOrLossMandatorilyMeasuredAtFairValue" />
    <link:loc xlink:type="locator" xlink:href="http://xbrl.ifrs.org/taxonomy/2020-03-16/full_ifrs/full_ifrs-cor_2020-03-16.xsd#ifrs-full_AdjustmentsForGainsLossesOnChangeInFairValueOfDerivatives" xlink:label="AdjustmentsForGainsLossesOnChangeInFairValueOfDerivatives" />
    <link:loc xlink:type="locator" xlink:href="3157002JBFAI478MD587-2021-12-31.xsd#Tatra_AdjustmentsForFairValueGainsLossesOnFinancialAssetsMeasuredAtFairValueThroughOtherComprehensiveIncomeNetOfTax" xlink:label="AdjustmentsForFairValueGainsLossesOnFinancialAssetsMeasuredAtFairValueThroughOtherComprehensiveIncomeNetOfTax" />
    <link:loc xlink:type="locator" xlink:href="http://xbrl.ifrs.org/taxonomy/2020-03-16/full_ifrs/full_ifrs-cor_2020-03-16.xsd#ifrs-full_AdjustmentsForDepreciationAndAmortisationExpense" xlink:label="AdjustmentsForDepreciationAndAmortisationExpense" />
    <link:loc xlink:type="locator" xlink:href="3157002JBFAI478MD587-2021-12-31.xsd#Tatra_AdjustmentsForDecreaseIncreaseInTangibleAssets" xlink:label="AdjustmentsForDecreaseIncreaseInTangibleAssets" />
    <link:loc xlink:type="locator" xlink:href="http://xbrl.ifrs.org/taxonomy/2020-03-16/full_ifrs/full_ifrs-cor_2020-03-16.xsd#ifrs-full_AdjustmentsForUnrealisedForeignExchangeLossesGains" xlink:label="AdjustmentsForUnrealisedForeignExchangeLossesGains" />
    <link:loc xlink:type="locator" xlink:href="http://xbrl.ifrs.org/taxonomy/2020-03-16/full_ifrs/full_ifrs-cor_2020-03-16.xsd#ifrs-full_AdjustmentsForProvisions" xlink:label="AdjustmentsForProvisions" />
    <link:loc xlink:type="locator" xlink:href="3157002JBFAI478MD587-2021-12-31.xsd#Tatra_AdjustmentsForDecreaseIncreaseInLoansAndAdvancesToBanksAndCustomers" xlink:label="AdjustmentsForDecreaseIncreaseInLoansAndAdvancesToBanksAndCustomers" />
    <link:loc xlink:type="locator" xlink:href="http://xbrl.ifrs.org/taxonomy/2020-03-16/full_ifrs/full_ifrs-cor_2020-03-16.xsd#ifrs-full_AdjustmentsForDecreaseIncreaseInFinancialAssetsHeldForTrading" xlink:label="AdjustmentsForDecreaseIncreaseInFinancialAssetsHeldForTrading" />
    <link:loc xlink:type="locator" xlink:href="3157002JBFAI478MD587-2021-12-31.xsd#Tatra_AdjustmentsForDecreaseIncreaseInFinancialAssetsAtFairValueThroughProfitOrLossMandatorilyMeasuredAtFairValue" xlink:label="AdjustmentsForDecreaseIncreaseInFinancialAssetsAtFairValueThroughProfitOrLossMandatorilyMeasuredAtFairValue" />
    <link:loc xlink:type="locator" xlink:href="http://xbrl.ifrs.org/taxonomy/2020-03-16/full_ifrs/full_ifrs-cor_2020-03-16.xsd#ifrs-full_AdjustmentsForDecreaseIncreaseInOtherAssets" xlink:label="AdjustmentsForDecreaseIncreaseInOtherAssets" />
    <link:loc xlink:type="locator" xlink:href="3157002JBFAI478MD587-2021-12-31.xsd#Tatra_AdjustmentsForIncreaseDecreaseInDepositsFromCustomersAndBanks" xlink:label="AdjustmentsForIncreaseDecreaseInDepositsFromCustomersAndBanks" />
    <link:loc xlink:type="locator" xlink:href="http://xbrl.ifrs.org/taxonomy/2020-03-16/full_ifrs/full_ifrs-cor_2020-03-16.xsd#ifrs-full_AdjustmentsForIncreaseDecreaseInFinancialLiabilitiesHeldForTrading" xlink:label="AdjustmentsForIncreaseDecreaseInFinancialLiabilitiesHeldForTrading" />
    <link:loc xlink:type="locator" xlink:href="http://xbrl.ifrs.org/taxonomy/2020-03-16/full_ifrs/full_ifrs-cor_2020-03-16.xsd#ifrs-full_AdjustmentsForIncreaseDecreaseInOtherLiabilities" xlink:label="AdjustmentsForIncreaseDecreaseInOtherLiabilities" />
    <link:loc xlink:type="locator" xlink:href="http://xbrl.ifrs.org/taxonomy/2020-03-16/full_ifrs/full_ifrs-cor_2020-03-16.xsd#ifrs-full_InterestPaidClassifiedAsOperatingActivities" xlink:label="InterestPaidClassifiedAsOperatingActivities" />
    <link:loc xlink:type="locator" xlink:href="http://xbrl.ifrs.org/taxonomy/2020-03-16/full_ifrs/full_ifrs-cor_2020-03-16.xsd#ifrs-full_IncomeTaxesPaidClassifiedAsOperatingActivities" xlink:label="IncomeTaxesPaidClassifiedAsOperatingActivities" />
    <link:loc xlink:type="locator" xlink:href="http://xbrl.ifrs.org/taxonomy/2020-03-16/full_ifrs/full_ifrs-cor_2020-03-16.xsd#ifrs-full_InterestReceivedClassifiedAsOperatingActivities" xlink:label="InterestReceivedClassifiedAsOperatingActivities" />
    <link:loc xlink:type="locator" xlink:href="http://xbrl.ifrs.org/taxonomy/2020-03-16/full_ifrs/full_ifrs-cor_2020-03-16.xsd#ifrs-full_EffectOfExchangeRateChangesOnCashAndCashEquivalents" xlink:label="EffectOfExchangeRateChangesOnCashAndCashEquivalents" />
    <link:calculationArc xlink:type="arc" xlink:arcrole="http://www.xbrl.org/2003/arcrole/summation-item" xlink:from="IncreaseDecreaseInCashAndCashEquivalents" xlink:to="EffectOfExchangeRateChangesOnCashAndCashEquivalents" order="1" weight="1" />
    <link:calculationArc xlink:type="arc" xlink:arcrole="http://www.xbrl.org/2003/arcrole/summation-item" xlink:from="IncreaseDecreaseInCashAndCashEquivalents" xlink:to="CashFlowsFromUsedInOperatingActivities" order="2" weight="1" />
    <link:calculationArc xlink:type="arc" xlink:arcrole="http://www.xbrl.org/2003/arcrole/summation-item" xlink:from="IncreaseDecreaseInCashAndCashEquivalents" xlink:to="CashFlowsFromUsedInInvestingActivities" order="3" weight="1" />
    <link:calculationArc xlink:type="arc" xlink:arcrole="http://www.xbrl.org/2003/arcrole/summation-item" xlink:from="IncreaseDecreaseInCashAndCashEquivalents" xlink:to="CashFlowsFromUsedInFinancingActivities" order="4" weight="1" />
    <link:calculationArc xlink:type="arc" xlink:arcrole="http://www.xbrl.org/2003/arcrole/summation-item" xlink:from="CashFlowsFromUsedInFinancingActivities" xlink:to="DividendsPaidClassifiedAsFinancingActivities" order="1" weight="-1" />
    <link:calculationArc xlink:type="arc" xlink:arcrole="http://www.xbrl.org/2003/arcrole/summation-item" xlink:from="CashFlowsFromUsedInFinancingActivities" xlink:to="PaymentsOfLeaseLiabilitiesClassifiedAsFinancingActivities" order="2" weight="-1" />
    <link:calculationArc xlink:type="arc" xlink:arcrole="http://www.xbrl.org/2003/arcrole/summation-item" xlink:from="CashFlowsFromUsedInFinancingActivities" xlink:to="RepaymentsOfBondsNotesAndDebentures" order="3" weight="-1" />
    <link:calculationArc xlink:type="arc" xlink:arcrole="http://www.xbrl.org/2003/arcrole/summation-item" xlink:from="CashFlowsFromUsedInFinancingActivities" xlink:to="ProceedsFromIssueOfBondsNotesAndDebentures" order="4" weight="1" />
    <link:calculationArc xlink:type="arc" xlink:arcrole="http://www.xbrl.org/2003/arcrole/summation-item" xlink:from="CashFlowsFromUsedInFinancingActivities" xlink:to="RepaymentsOfSubordinatedLiabilities" order="5" weight="-1" />
    <link:calculationArc xlink:type="arc" xlink:arcrole="http://www.xbrl.org/2003/arcrole/summation-item" xlink:from="CashFlowsFromUsedInFinancingActivities" xlink:to="RepaymentsOfBorrowingsClassifiedAsFinancingActivities" order="6" weight="-1" />
    <link:calculationArc xlink:type="arc" xlink:arcrole="http://www.xbrl.org/2003/arcrole/summation-item" xlink:from="CashFlowsFromUsedInFinancingActivities" xlink:to="ProceedsFromBorrowingsClassifiedAsFinancingActivities" order="7" weight="1" />
    <link:calculationArc xlink:type="arc" xlink:arcrole="http://www.xbrl.org/2003/arcrole/summation-item" xlink:from="CashFlowsFromUsedInFinancingActivities" xlink:to="ProceedsFromIssueOfPreferenceShares" order="8" weight="1" />
    <link:calculationArc xlink:type="arc" xlink:arcrole="http://www.xbrl.org/2003/arcrole/summation-item" xlink:from="CashFlowsFromUsedInFinancingActivities" xlink:to="PaymentsToAcquireOrRedeemEntitysShares" order="9" weight="-1" />
    <link:calculationArc xlink:type="arc" xlink:arcrole="http://www.xbrl.org/2003/arcrole/summation-item" xlink:from="CashFlowsFromUsedInInvestingActivities" xlink:to="CashFlowsUsedInObtainingControlOfSubsidiariesOrOtherBusinessesClassifiedAsInvestingActivities" order="1" weight="-1" />
    <link:calculationArc xlink:type="arc" xlink:arcrole="http://www.xbrl.org/2003/arcrole/summation-item" xlink:from="CashFlowsFromUsedInInvestingActivities" xlink:to="PurchaseOfGoodwillClassifiedAsInvestingActivities" order="2" weight="-1" />
    <link:calculationArc xlink:type="arc" xlink:arcrole="http://www.xbrl.org/2003/arcrole/summation-item" xlink:from="CashFlowsFromUsedInInvestingActivities" xlink:to="CashReceiptsFromSalesOfEquityOrDebtInstrumentsOfOtherEntitiesClassifiedAsInvestingActivitiesMeasuredAtFairValueThroughOtherComprehensiveIncome" order="3" weight="1" />
    <link:calculationArc xlink:type="arc" xlink:arcrole="http://www.xbrl.org/2003/arcrole/summation-item" xlink:from="CashFlowsFromUsedInInvestingActivities" xlink:to="CashPaymentsToAcquireEquityOrDebtInstrumentsOfOtherEntitiesClassifiedAsInvestingActivitiesMeasuredAtFairValueThroughOtherComprehensiveIncome" order="4" weight="-1" />
    <link:calculationArc xlink:type="arc" xlink:arcrole="http://www.xbrl.org/2003/arcrole/summation-item" xlink:from="CashFlowsFromUsedInInvestingActivities" xlink:to="CashReceiptsFromSalesOfEquityOrDebtInstrumentsOfOtherEntitiesClassifiedAsInvestingActivitiesMeasuredAtAmortisedCost" order="5" weight="1" />
    <link:calculationArc xlink:type="arc" xlink:arcrole="http://www.xbrl.org/2003/arcrole/summation-item" xlink:from="CashFlowsFromUsedInInvestingActivities" xlink:to="CashPaymentsToAcquireEquityOrDebtInstrumentsOfOtherEntitiesClassifiedAsInvestingActivitiesMeasuredAtAmortisedCost" order="6" weight="-1" />
    <link:calculationArc xlink:type="arc" xlink:arcrole="http://www.xbrl.org/2003/arcrole/summation-item" xlink:from="CashFlowsFromUsedInInvestingActivities" xlink:to="DividendsReceivedClassifiedAsInvestingActivities" order="7" weight="1" />
    <link:calculationArc xlink:type="arc" xlink:arcrole="http://www.xbrl.org/2003/arcrole/summation-item" xlink:from="CashFlowsFromUsedInInvestingActivities" xlink:to="PurchaseOfPropertyPlantAndEquipmentIntangibleAssetsOtherThanGoodwillInvestmentPropertyAndOtherNoncurrentAssets" order="8" weight="-1" />
    <link:calculationArc xlink:type="arc" xlink:arcrole="http://www.xbrl.org/2003/arcrole/summation-item" xlink:from="CashFlowsFromUsedInInvestingActivities" xlink:to="ProceedsFromDisposalsOfPropertyPlantAndEquipmentIntangibleAssetsOtherThanGoodwillInvestmentPropertyAndOtherNoncurrentAssets" order="9" weight="1" />
    <link:calculationArc xlink:type="arc" xlink:arcrole="http://www.xbrl.org/2003/arcrole/summation-item" xlink:from="CashFlowsFromUsedInInvestingActivities" xlink:to="InterestReceivedClassifiedAsInvestingActivities" order="10" weight="1" />
    <link:calculationArc xlink:type="arc" xlink:arcrole="http://www.xbrl.org/2003/arcrole/summation-item" xlink:from="CashFlowsFromUsedInOperatingActivities" xlink:to="InterestReceivedClassifiedAsOperatingActivities" order="1" weight="1" />
    <link:calculationArc xlink:type="arc" xlink:arcrole="http://www.xbrl.org/2003/arcrole/summation-item" xlink:from="CashFlowsFromUsedInOperatingActivities" xlink:to="IncomeTaxesPaidClassifiedAsOperatingActivities" order="2" weight="-1" />
    <link:calculationArc xlink:type="arc" xlink:arcrole="http://www.xbrl.org/2003/arcrole/summation-item" xlink:from="CashFlowsFromUsedInOperatingActivities" xlink:to="InterestPaidClassifiedAsOperatingActivities" order="3" weight="-1" />
    <link:calculationArc xlink:type="arc" xlink:arcrole="http://www.xbrl.org/2003/arcrole/summation-item" xlink:from="CashFlowsFromUsedInOperatingActivities" xlink:to="CashflowsFromUsedInOperatingActivitiesBeforeInterestsAndIncomeTaxes" order="4" weight="1" />
    <link:calculationArc xlink:type="arc" xlink:arcrole="http://www.xbrl.org/2003/arcrole/summation-item" xlink:from="CashflowsFromUsedInOperatingActivitiesBeforeInterestsAndIncomeTaxes" xlink:to="AdjustmentsForIncreaseDecreaseInOtherLiabilities" order="1" weight="-1" />
    <link:calculationArc xlink:type="arc" xlink:arcrole="http://www.xbrl.org/2003/arcrole/summation-item" xlink:from="CashflowsFromUsedInOperatingActivitiesBeforeInterestsAndIncomeTaxes" xlink:to="AdjustmentsForIncreaseDecreaseInFinancialLiabilitiesHeldForTrading" order="2" weight="-1" />
    <link:calculationArc xlink:type="arc" xlink:arcrole="http://www.xbrl.org/2003/arcrole/summation-item" xlink:from="CashflowsFromUsedInOperatingActivitiesBeforeInterestsAndIncomeTaxes" xlink:to="AdjustmentsForIncreaseDecreaseInDepositsFromCustomersAndBanks" order="3" weight="1" />
    <link:calculationArc xlink:type="arc" xlink:arcrole="http://www.xbrl.org/2003/arcrole/summation-item" xlink:from="CashflowsFromUsedInOperatingActivitiesBeforeInterestsAndIncomeTaxes" xlink:to="AdjustmentsForDecreaseIncreaseInOtherAssets" order="4" weight="-1" />
    <link:calculationArc xlink:type="arc" xlink:arcrole="http://www.xbrl.org/2003/arcrole/summation-item" xlink:from="CashflowsFromUsedInOperatingActivitiesBeforeInterestsAndIncomeTaxes" xlink:to="AdjustmentsForDecreaseIncreaseInFinancialAssetsAtFairValueThroughProfitOrLossMandatorilyMeasuredAtFairValue" order="5" weight="1" />
    <link:calculationArc xlink:type="arc" xlink:arcrole="http://www.xbrl.org/2003/arcrole/summation-item" xlink:from="CashflowsFromUsedInOperatingActivitiesBeforeInterestsAndIncomeTaxes" xlink:to="AdjustmentsForDecreaseIncreaseInFinancialAssetsHeldForTrading" order="6" weight="-1" />
    <link:calculationArc xlink:type="arc" xlink:arcrole="http://www.xbrl.org/2003/arcrole/summation-item" xlink:from="CashflowsFromUsedInOperatingActivitiesBeforeInterestsAndIncomeTaxes" xlink:to="AdjustmentsForDecreaseIncreaseInLoansAndAdvancesToBanksAndCustomers" order="7" weight="1" />
    <link:calculationArc xlink:type="arc" xlink:arcrole="http://www.xbrl.org/2003/arcrole/summation-item" xlink:from="CashflowsFromUsedInOperatingActivitiesBeforeInterestsAndIncomeTaxes" xlink:to="AdjustmentsForProvisions" order="8" weight="-1" />
    <link:calculationArc xlink:type="arc" xlink:arcrole="http://www.xbrl.org/2003/arcrole/summation-item" xlink:from="CashflowsFromUsedInOperatingActivitiesBeforeInterestsAndIncomeTaxes" xlink:to="CashFlowsFromUsedInOperationsBeforeChangesInWorkingCapital" order="9" weight="1" />
    <link:calculationArc xlink:type="arc" xlink:arcrole="http://www.xbrl.org/2003/arcrole/summation-item" xlink:from="CashFlowsFromUsedInOperationsBeforeChangesInWorkingCapital" xlink:to="AdjustmentsForReconcileProfitLoss" order="1" weight="1" />
    <link:calculationArc xlink:type="arc" xlink:arcrole="http://www.xbrl.org/2003/arcrole/summation-item" xlink:from="CashFlowsFromUsedInOperationsBeforeChangesInWorkingCapital" xlink:to="ProfitLossBeforeTax" order="2" weight="1" />
    <link:calculationArc xlink:type="arc" xlink:arcrole="http://www.xbrl.org/2003/arcrole/summation-item" xlink:from="AdjustmentsForReconcileProfitLoss" xlink:to="AdjustmentsForUnrealisedForeignExchangeLossesGains" order="1" weight="1" />
    <link:calculationArc xlink:type="arc" xlink:arcrole="http://www.xbrl.org/2003/arcrole/summation-item" xlink:from="AdjustmentsForReconcileProfitLoss" xlink:to="AdjustmentsForDecreaseIncreaseInTangibleAssets" order="2" weight="-1" />
    <link:calculationArc xlink:type="arc" xlink:arcrole="http://www.xbrl.org/2003/arcrole/summation-item" xlink:from="AdjustmentsForReconcileProfitLoss" xlink:to="AdjustmentsForDepreciationAndAmortisationExpense" order="3" weight="1" />
    <link:calculationArc xlink:type="arc" xlink:arcrole="http://www.xbrl.org/2003/arcrole/summation-item" xlink:from="AdjustmentsForReconcileProfitLoss" xlink:to="AdjustmentsForFairValueGainsLossesOnFinancialAssetsMeasuredAtFairValueThroughOtherComprehensiveIncomeNetOfTax" order="4" weight="-1" />
    <link:calculationArc xlink:type="arc" xlink:arcrole="http://www.xbrl.org/2003/arcrole/summation-item" xlink:from="AdjustmentsForReconcileProfitLoss" xlink:to="AdjustmentsForGainsLossesOnChangeInFairValueOfDerivatives" order="5" weight="-1" />
    <link:calculationArc xlink:type="arc" xlink:arcrole="http://www.xbrl.org/2003/arcrole/summation-item" xlink:from="AdjustmentsForReconcileProfitLoss" xlink:to="AdjustmentsForGainsLossesOnFinancialAssetsAtFairValueThroughProfitOrLossMandatorilyMeasuredAtFairValue" order="6" weight="-1" />
    <link:calculationArc xlink:type="arc" xlink:arcrole="http://www.xbrl.org/2003/arcrole/summation-item" xlink:from="AdjustmentsForReconcileProfitLoss" xlink:to="AdjustmentsForGainsLossesOnChangeInFairValueOfDerivativesAndFinancialAssetsHeldForTrading" order="7" weight="-1" />
    <link:calculationArc xlink:type="arc" xlink:arcrole="http://www.xbrl.org/2003/arcrole/summation-item" xlink:from="AdjustmentsForReconcileProfitLoss" xlink:to="AdjustmentsForLossesGainsOnDisposalOfNoncurrentAssetsHeldForSale" order="8" weight="-1" />
    <link:calculationArc xlink:type="arc" xlink:arcrole="http://www.xbrl.org/2003/arcrole/summation-item" xlink:from="AdjustmentsForReconcileProfitLoss" xlink:to="AdjustmentsForGainLossOnDisposalsPropertyPlantAndEquipment" order="9" weight="-1" />
    <link:calculationArc xlink:type="arc" xlink:arcrole="http://www.xbrl.org/2003/arcrole/summation-item" xlink:from="AdjustmentsForReconcileProfitLoss" xlink:to="OtherAdjustmentsForNoncashItems" order="10" weight="1" />
    <link:calculationArc xlink:type="arc" xlink:arcrole="http://www.xbrl.org/2003/arcrole/summation-item" xlink:from="AdjustmentsForReconcileProfitLoss" xlink:to="AdjustmentsForDividendIncome" order="11" weight="-1" />
    <link:calculationArc xlink:type="arc" xlink:arcrole="http://www.xbrl.org/2003/arcrole/summation-item" xlink:from="AdjustmentsForReconcileProfitLoss" xlink:to="AdjustmentsForInterestIncome" order="12" weight="-1" />
    <link:calculationArc xlink:type="arc" xlink:arcrole="http://www.xbrl.org/2003/arcrole/summation-item" xlink:from="AdjustmentsForReconcileProfitLoss" xlink:to="AdjustmentsForInterestExpense" order="13" weight="1" />
  </link:calculationLink>
  <link:calculationLink xlink:type="extended" xlink:role="https://www.tatrabanka.sk/role/ChangesinEquity">
    <link:loc xlink:type="locator" xlink:href="http://xbrl.ifrs.org/taxonomy/2020-03-16/full_ifrs/full_ifrs-cor_2020-03-16.xsd#ifrs-full_ComprehensiveIncome" xlink:label="ComprehensiveIncome" />
    <link:loc xlink:type="locator" xlink:href="http://xbrl.ifrs.org/taxonomy/2020-03-16/full_ifrs/full_ifrs-cor_2020-03-16.xsd#ifrs-full_ProfitLoss" xlink:label="ProfitLoss" />
    <link:loc xlink:type="locator" xlink:href="http://xbrl.ifrs.org/taxonomy/2020-03-16/full_ifrs/full_ifrs-cor_2020-03-16.xsd#ifrs-full_OtherComprehensiveIncomeNetOfTaxGainsLossesFromInvestmentsInEquityInstruments" xlink:label="OtherComprehensiveIncomeNetOfTaxGainsLossesFromInvestmentsInEquityInstruments" />
    <link:loc xlink:type="locator" xlink:href="http://xbrl.ifrs.org/taxonomy/2020-03-16/full_ifrs/full_ifrs-cor_2020-03-16.xsd#ifrs-full_GainsLossesOnCashFlowHedgesNetOfTax" xlink:label="GainsLossesOnCashFlowHedgesNetOfTax" />
    <link:loc xlink:type="locator" xlink:href="http://xbrl.ifrs.org/taxonomy/2020-03-16/full_ifrs/full_ifrs-cor_2020-03-16.xsd#ifrs-full_GainsLossesOnFinancialAssetsMeasuredAtFairValueThroughOtherComprehensiveIncomeNetOfTax" xlink:label="GainsLossesOnFinancialAssetsMeasuredAtFairValueThroughOtherComprehensiveIncomeNetOfTax" />
<link:loc xlink:type="locator" xlink:href="http://xbrl.ifrs.org/taxonomy/2020-03-16/full_ifrs/full_ifrs-cor_2020-03-16.xsd#ifrs-full_OtherComprehensiveIncome" xlink:label="OtherComprehensiveIncome" />
    <link:loc xlink:type="locator" xlink:href="http://xbrl.ifrs.org/taxonomy/2020-03-16/full_ifrs/full_ifrs-cor_2020-03-16.xsd#ifrs-full_IncreaseDecreaseThroughTransactionsWithOwners" xlink:label="IncreaseDecreaseThroughTransactionsWithOwners" />
    <link:loc xlink:type="locator" xlink:href="http://xbrl.ifrs.org/taxonomy/2020-03-16/full_ifrs/full_ifrs-cor_2020-03-16.xsd#ifrs-full_IncreaseDecreaseThroughAppropriationOfRetainedEarnings" xlink:label="IncreaseDecreaseThroughAppropriationOfRetainedEarnings" />
    <link:loc xlink:type="locator" xlink:href="http://xbrl.ifrs.org/taxonomy/2020-03-16/full_ifrs/full_ifrs-cor_2020-03-16.xsd#ifrs-full_SaleOrIssueOfTreasuryShares" xlink:label="SaleOrIssueOfTreasuryShares" />
    <link:loc xlink:type="locator" xlink:href="http://xbrl.ifrs.org/taxonomy/2020-03-16/full_ifrs/full_ifrs-cor_2020-03-16.xsd#ifrs-full_PurchaseOfTreasuryShares" xlink:label="PurchaseOfTreasuryShares" />
    <link:loc xlink:type="locator" xlink:href="3157002JBFAI478MD587-2021-12-31.xsd#Tatra_ProfitDistribution" xlink:label="ProfitDistribution" />
    <link:loc xlink:type="locator" xlink:href="3157002JBFAI478MD587-2021-12-31.xsd#Tatra_DividendsRecognisedAsDistributionsToOwnersOrdinaryShares" xlink:label="DividendsRecognisedAsDistributionsToOwnersOrdinaryShares" />
    <link:loc xlink:type="locator" xlink:href="3157002JBFAI478MD587-2021-12-31.xsd#Tatra_DividendsRecognisedAsDistributionsToOwnersPreferenceShares" xlink:label="DividendsRecognisedAsDistributionsToOwnersPreferenceShares" />
    <link:loc xlink:type="locator" xlink:href="3157002JBFAI478MD587-2021-12-31.xsd#Tatra_SaleOfOrdinaryAndPreferenceShares" xlink:label="SaleOfOrdinaryAndPreferenceShares" />
    <link:loc xlink:type="locator" xlink:href="3157002JBFAI478MD587-2021-12-31.xsd#Tatra_DistributionOfGainsFromAt1" xlink:label="DistributionOfGainsFromAt1" />
    <link:calculationArc xlink:type="arc" xlink:arcrole="http://www.xbrl.org/2003/arcrole/summation-item" xlink:from="ComprehensiveIncome" xlink:to="ProfitLoss" order="1" weight="1" />
    <link:calculationArc xlink:type="arc" xlink:arcrole="http://www.xbrl.org/2003/arcrole/summation-item" xlink:from="ComprehensiveIncome" xlink:to="OtherComprehensiveIncome" order="2" weight="1" />
    <link:calculationArc xlink:type="arc" xlink:arcrole="http://www.xbrl.org/2003/arcrole/summation-item" xlink:from="OtherComprehensiveIncome" xlink:to="GainsLossesOnCashFlowHedgesNetOfTax" order="1" weight="1" />
    <link:calculationArc xlink:type="arc" xlink:arcrole="http://www.xbrl.org/2003/arcrole/summation-item" xlink:from="OtherComprehensiveIncome" xlink:to="GainsLossesOnFinancialAssetsMeasuredAtFairValueThroughOtherComprehensiveIncomeNetOfTax" order="2" weight="1" />
    <link:calculationArc xlink:type="arc" xlink:arcrole="http://www.xbrl.org/2003/arcrole/summation-item" xlink:from="OtherComprehensiveIncome" xlink:to="OtherComprehensiveIncomeNetOfTaxGainsLossesFromInvestmentsInEquityInstruments" order="3" weight="1" />
    <link:calculationArc xlink:type="arc" xlink:arcrole="http://www.xbrl.org/2003/arcrole/summation-item" xlink:from="IncreaseDecreaseThroughTransactionsWithOwners" xlink:to="ProfitDistribution" order="1" weight="1" />
    <link:calculationArc xlink:type="arc" xlink:arcrole="http://www.xbrl.org/2003/arcrole/summation-item" xlink:from="IncreaseDecreaseThroughTransactionsWithOwners" xlink:to="SaleOrIssueOfTreasuryShares" order="2" weight="1" />
    <link:calculationArc xlink:type="arc" xlink:arcrole="http://www.xbrl.org/2003/arcrole/summation-item" xlink:from="IncreaseDecreaseThroughTransactionsWithOwners" xlink:to="SaleOfOrdinaryAndPreferenceShares" order="3" weight="1" />
    <link:calculationArc xlink:type="arc" xlink:arcrole="http://www.xbrl.org/2003/arcrole/summation-item" xlink:from="IncreaseDecreaseThroughTransactionsWithOwners" xlink:to="PurchaseOfTreasuryShares" order="4" weight="-1" />
    <link:calculationArc xlink:type="arc" xlink:arcrole="http://www.xbrl.org/2003/arcrole/summation-item" xlink:from="ProfitDistribution" xlink:to="IncreaseDecreaseThroughAppropriationOfRetainedEarnings" order="1" weight="1" />
    <link:calculationArc xlink:type="arc" xlink:arcrole="http://www.xbrl.org/2003/arcrole/summation-item" xlink:from="ProfitDistribution" xlink:to="DividendsRecognisedAsDistributionsToOwnersOrdinaryShares" order="2" weight="-1" />
    <link:calculationArc xlink:type="arc" xlink:arcrole="http://www.xbrl.org/2003/arcrole/summation-item" xlink:from="ProfitDistribution" xlink:to="DividendsRecognisedAsDistributionsToOwnersPreferenceShares" order="3" weight="-1" />
    <link:calculationArc xlink:type="arc" xlink:arcrole="http://www.xbrl.org/2003/arcrole/summation-item" xlink:from="ProfitDistribution" xlink:to="DistributionOfGainsFromAt1" order="4" weight="1" />
  </link:calculationLink>
</link:linkbase>