<link:linkbase xmlns:xlink="http://www.w3.org/1999/xlink" xmlns:xsi="http://www.w3.org/2001/XMLSchema-instance" xsi:schemaLocation="http://www.xbrl.org/2003/linkbase http://www.xbrl.org/2003/xbrl-linkbase-2003-12-31.xsd" xmlns:link="http://www.xbrl.org/2003/linkbase">
  <link:labelLink xlink:type="extended" xlink:role="http://www.xbrl.org/2003/role/link">
    <link:label xlink:type="resource" xlink:role="http://www.xbrl.org/2003/role/label" xml:lang="en" xlink:label="label_AdjustmentsForDecreaseIncreaseInFinancialAssetsAtFairValueThroughProfitOrLossMandatorilyMeasuredAtFairValue">Adjustments for decrease increase in financial assets at fair value through profit or loss mandatorily measured at fair value</link:label>
    <link:label xlink:type="resource" xlink:role="http://www.xbrl.org/2003/role/label" xml:lang="en" xlink:label="label_AdjustmentsForDecreaseIncreaseInLoansAndAdvancesToBanksAndCustomers">Adjustments for decrease increase in loans and advances to banks and customers</link:label>
    <link:label xlink:type="resource" xlink:role="http://www.xbrl.org/2003/role/label" xml:lang="en" xlink:label="label_AdjustmentsForDecreaseIncreaseInTangibleAssets">Adjustments for decrease increase in tangible assets</link:label>
    <link:label xlink:type="resource" xlink:role="http://www.xbrl.org/2003/role/label" xml:lang="en" xlink:label="label_AdjustmentsForFairValueGainsLossesOnFinancialAssetsMeasuredAtFairValueThroughOtherComprehensiveIncomeNetOfTax">Adjustments for fair value gains losses on financial assets measured at fair value through other comprehensive income net of tax</link:label>
    <link:label xlink:type="resource" xlink:role="http://www.xbrl.org/2003/role/label" xml:lang="en" xlink:label="label_AdjustmentsForGainsLossesOnFinancialAssetsAtFairValueThroughProfitOrLossMandatorilyMeasuredAtFairValue">Adjustments for gains losses on financial assets at fair value through profit or loss mandatorily measured at fair value</link:label>
    <link:label xlink:type="resource" xlink:role="http://www.xbrl.org/2003/role/label" xml:lang="en" xlink:label="label_AdjustmentsForGainsLossesOnChangeInFairValueOfDerivativesAndFinancialAssetsHeldForTrading">Adjustments for gains losses on change in fair value of derivatives and financial assets held for trading</link:label>
    <link:label xlink:type="resource" xlink:role="http://www.xbrl.org/2003/role/label" xml:lang="en" xlink:label="label_AdjustmentsForIncreaseDecreaseInDepositsFromCustomersAndBanks">Adjustments for increase decrease in deposits from customers and banks</link:label>
    <link:label xlink:type="resource" xlink:role="http://www.xbrl.org/2003/role/label" xml:lang="en" xlink:label="label_AdjustmentsForLossesGainsOnDisposalOfNoncurrentAssetsHeldForSale">Adjustments for losses gains on disposal of noncurrent assets held for sale</link:label>
    <link:label xlink:type="resource" xlink:role="http://www.xbrl.org/2003/role/label" xml:lang="en" xlink:label="label_BasicAndDilutedEarningsLossNominalValue4000EurPerOrdinaryShare">Basic and diluted earnings loss nominal value 4000 Eur per ordinary share</link:label>
    <link:label xlink:type="resource" xlink:role="http://www.xbrl.org/2003/role/label" xml:lang="en" xlink:label="label_BasicAndDilutedEarningsLossNominalValue4EurPerPreferenceShare">Basic and diluted earnings loss nominal value 4 Eur per preference share</link:label>
    <link:label xlink:type="resource" xlink:role="http://www.xbrl.org/2003/role/label" xml:lang="en" xlink:label="label_BasicAndDilutedEarningsLossNominalValue800EurPerOrdinaryShare">Basic and diluted earnings loss nominal value 800 Eur per ordinary share</link:label>
    <link:label xlink:type="resource" xlink:role="http://www.xbrl.org/2003/role/label" xml:lang="en" xlink:label="label_CapitalAt1Member">Capital AT1 member</link:label>
    <link:label xlink:type="resource" xlink:role="http://www.xbrl.org/2003/role/label" xml:lang="en" xlink:label="label_CashflowsFromUsedInOperatingActivitiesBeforeInterestsAndIncomeTaxes">Cashflows from used in operating activities before interests and income taxes</link:label>
    <link:label xlink:type="resource" xlink:role="http://www.xbrl.org/2003/role/label" xml:lang="en" xlink:label="label_CashPaymentsToAcquireEquityOrDebtInstrumentsOfOtherEntitiesClassifiedAsInvestingActivitiesMeasuredAtAmortisedCost">Cash payments to acquire equity or debt instruments of other entities classified as investing activities measured at amortised cost</link:label>
    <link:label xlink:type="resource" xlink:role="http://www.xbrl.org/2003/role/label" xml:lang="en" xlink:label="label_CashPaymentsToAcquireEquityOrDebtInstrumentsOfOtherEntitiesClassifiedAsInvestingActivitiesMeasuredAtFairValueThroughOtherComprehensiveIncome">Cash payments to acquire equity or debt instruments of other entities classified as investing activities measured at fair value through other comprehensive income</link:label>
    <link:label xlink:type="resource" xlink:role="http://www.xbrl.org/2003/role/label" xml:lang="en" xlink:label="label_CashReceiptsFromSalesOfEquityOrDebtInstrumentsOfOtherEntitiesClassifiedAsInvestingActivitiesMeasuredAtAmortisedCost">Cash receipts from sales of equity or debt instruments of other entities classified as investing activities measured at amortised cost</link:label>
    <link:label xlink:type="resource" xlink:role="http://www.xbrl.org/2003/role/label" xml:lang="en" xlink:label="label_CashReceiptsFromSalesOfEquityOrDebtInstrumentsOfOtherEntitiesClassifiedAsInvestingActivitiesMeasuredAtFairValueThroughOtherComprehensiveIncome">Cash receipts from sales of equity or debt instruments of other entities classified as investing activities measured at fair value through other comprehensive income</link:label>
    <link:label xlink:type="resource" xlink:role="http://www.xbrl.org/2003/role/label" xml:lang="en" xlink:label="label_ContributionToTheResolutionFundAndTheDepositProtectionFund">Contribution to the resolution fund and the deposit protection fund</link:label>
    <link:label xlink:type="resource" xlink:role="http://www.xbrl.org/2003/role/label" xml:lang="en" xlink:label="label_DistributionOfGainsFromAt1">Distribution of gains from AT1</link:label>
    <link:label xlink:type="resource" xlink:role="http://www.xbrl.org/2003/role/label" xml:lang="en" xlink:label="label_DividendsRecognisedAsDistributionsToOwnersOrdinaryShares">Dividends recognised as distributions to owners ordinary shares</link:label>
    <link:label xlink:type="resource" xlink:role="http://www.xbrl.org/2003/role/label" xml:lang="en" xlink:label="label_DividendsRecognisedAsDistributionsToOwnersPreferenceShares">Dividends recognised as distributions to owners preference shares</link:label>
    <link:label xlink:type="resource" xlink:role="http://www.xbrl.org/2003/role/label" xml:lang="en" xlink:label="label_EquityExcludingProfitLossForReportingPeriod">Equity excluding profit loss for reporting period</link:label>
    <link:label xlink:type="resource" xlink:role="http://www.xbrl.org/2003/role/label" xml:lang="en" xlink:label="label_GainLossArisingFromDerecognitionOfFinancialAssetsMeasuredAtAmortisedCostAndFinancialAssetsMeasuredAtFairValueThroughOtherComprehensiveIncome">Gain loss arising from derecognition of financial assets measured at amortised cost and financial assets measured at fair value through other comprehensive income</link:label>
    <link:label xlink:type="resource" xlink:role="http://www.xbrl.org/2003/role/label" xml:lang="en" xlink:label="label_GainLossesOnNonCurrentAssetsHeldForSale">Gain losses on non current assets held for sale</link:label>
    <link:label xlink:type="resource" xlink:role="http://www.xbrl.org/2003/role/label" xml:lang="en" xlink:label="label_GainsLossesOnFinancialAssetsAtFairValueThroughProfitOrLossClassifiedAsHeldForTradingAndGainsLossesOnExchangeDifferencesOnTranslationRecognisedInProfitOrLoss">Gains losses on financial assets at fair value through profit or loss classified as held for trading and gains losses on exchange differences on translation recognised in profit or loss</link:label>
    <link:label xlink:type="resource" xlink:role="http://www.xbrl.org/2003/role/label" xml:lang="en" xlink:label="label_IncreaseDecreaseInLegalProceedingsProvisions">Increase decrease in legal proceedings provisions</link:label>
    <link:label xlink:type="resource" xlink:role="http://www.xbrl.org/2003/role/label" xml:lang="en" xlink:label="label_IncreaseDecreaseProvisionsForExpectedLossesOnCommitmentsAndGuarantees">Increase decrease provisions for expected losses on commitments and guarantees</link:label>
    <link:label xlink:type="resource" xlink:role="http://www.xbrl.org/2003/role/label" xml:lang="en" xlink:label="label_InterestRevenueCalculatedNotUsingEffectiveInterestMethod">Interest revenue calculated not using effective interest method</link:label>
    <link:label xlink:type="resource" xlink:role="http://www.xbrl.org/2003/role/label" xml:lang="en" xlink:label="label_InterestRevenueExpenseAndDividends">Interest revenue expense and dividends</link:label>
    <link:label xlink:type="resource" xlink:role="http://www.xbrl.org/2003/role/label" xml:lang="en" xlink:label="label_IssuedCapitalOrdinarySharesMember">Issued capital ordinary shares member</link:label>
    <link:label xlink:type="resource" xlink:role="http://www.xbrl.org/2003/role/label" xml:lang="en" xlink:label="label_ProfitDistribution">Profit distribution</link:label>
    <link:label xlink:type="resource" xlink:role="http://www.xbrl.org/2003/role/label" xml:lang="en" xlink:label="label_ProfitOrLossForReportingPeriod">Profit or loss for reporting period</link:label>
    <link:label xlink:type="resource" xlink:role="http://www.xbrl.org/2003/role/label" xml:lang="en" xlink:label="label_PurchaseOfGoodwillClassifiedAsInvestingActivities">Purchase of goodwill classified as investing activities</link:label>
    <link:label xlink:type="resource" xlink:role="http://www.xbrl.org/2003/role/label" xml:lang="en" xlink:label="label_Reclassification">Reclassification</link:label>
    <link:label xlink:type="resource" xlink:role="http://www.xbrl.org/2003/role/label" xml:lang="en" xlink:label="label_RetainedEarningsExcludingProfitLossForReportingPeriodMember">Retained earnings excluding profit loss for reporting period member</link:label>
    <link:label xlink:type="resource" xlink:role="http://www.xbrl.org/2003/role/label" xml:lang="en" xlink:label="label_RetainedEarningsProfitLossForReportingPeriodMember">Retained earnings profit loss for reporting period member</link:label>
    <link:label xlink:type="resource" xlink:role="http://www.xbrl.org/2003/role/label" xml:lang="en" xlink:label="label_SaleOfOrdinaryAndPreferenceShares">Sale of ordinary and preference shares</link:label>
    <link:label xlink:type="resource" xlink:role="http://www.xbrl.org/2003/role/label" xml:lang="en" xlink:label="label_SharePremiumOrdinarySharesMember">Share premium ordinary shares member</link:label>
    <link:label xlink:type="resource" xlink:role="http://www.xbrl.org/2003/role/label" xml:lang="en" xlink:label="label_SpecialLevyOfSelectedFinancialInstitutions">Special levy of selected financial institutions</link:label>
    <link:label xlink:type="resource" xlink:role="http://www.xbrl.org/2003/role/label" xml:lang="en" xlink:label="label_TransferWithinTheComponentsOfEquity">Transfer within the components of equity</link:label>
    <link:loc xlink:type="locator" xlink:href="3157002JBFAI478MD587-2021-12-31.xsd#Tatra_AdjustmentsForDecreaseIncreaseInFinancialAssetsAtFairValueThroughProfitOrLossMandatorilyMeasuredAtFairValue" xlink:label="AdjustmentsForDecreaseIncreaseInFinancialAssetsAtFairValueThroughProfitOrLossMandatorilyMeasuredAtFairValue" />
    <link:loc xlink:type="locator" xlink:href="3157002JBFAI478MD587-2021-12-31.xsd#Tatra_AdjustmentsForDecreaseIncreaseInLoansAndAdvancesToBanksAndCustomers" xlink:label="AdjustmentsForDecreaseIncreaseInLoansAndAdvancesToBanksAndCustomers" />
    <link:loc xlink:type="locator" xlink:href="3157002JBFAI478MD587-2021-12-31.xsd#Tatra_AdjustmentsForDecreaseIncreaseInTangibleAssets" xlink:label="AdjustmentsForDecreaseIncreaseInTangibleAssets" />
    <link:loc xlink:type="locator" xlink:href="3157002JBFAI478MD587-2021-12-31.xsd#Tatra_AdjustmentsForFairValueGainsLossesOnFinancialAssetsMeasuredAtFairValueThroughOtherComprehensiveIncomeNetOfTax" xlink:label="AdjustmentsForFairValueGainsLossesOnFinancialAssetsMeasuredAtFairValueThroughOtherComprehensiveIncomeNetOfTax" />
    <link:loc xlink:type="locator" xlink:href="3157002JBFAI478MD587-2021-12-31.xsd#Tatra_AdjustmentsForGainsLossesOnFinancialAssetsAtFairValueThroughProfitOrLossMandatorilyMeasuredAtFairValue" xlink:label="AdjustmentsForGainsLossesOnFinancialAssetsAtFairValueThroughProfitOrLossMandatorilyMeasuredAtFairValue" />
    <link:loc xlink:type="locator" xlink:href="3157002JBFAI478MD587-2021-12-31.xsd#Tatra_AdjustmentsForGainsLossesOnChangeInFairValueOfDerivativesAndFinancialAssetsHeldForTrading" xlink:label="AdjustmentsForGainsLossesOnChangeInFairValueOfDerivativesAndFinancialAssetsHeldForTrading" />
    <link:loc xlink:type="locator" xlink:href="3157002JBFAI478MD587-2021-12-31.xsd#Tatra_AdjustmentsForIncreaseDecreaseInDepositsFromCustomersAndBanks" xlink:label="AdjustmentsForIncreaseDecreaseInDepositsFromCustomersAndBanks" />
    <link:loc xlink:type="locator" xlink:href="3157002JBFAI478MD587-2021-12-31.xsd#Tatra_AdjustmentsForLossesGainsOnDisposalOfNoncurrentAssetsHeldForSale" xlink:label="AdjustmentsForLossesGainsOnDisposalOfNoncurrentAssetsHeldForSale" />
    <link:loc xlink:type="locator" xlink:href="3157002JBFAI478MD587-2021-12-31.xsd#Tatra_BasicAndDilutedEarningsLossNominalValue4000EurPerOrdinaryShare" xlink:label="BasicAndDilutedEarningsLossNominalValue4000EurPerOrdinaryShare" />
    <link:loc xlink:type="locator" xlink:href="3157002JBFAI478MD587-2021-12-31.xsd#Tatra_BasicAndDilutedEarningsLossNominalValue4EurPerPreferenceShare" xlink:label="BasicAndDilutedEarningsLossNominalValue4EurPerPreferenceShare" />
    <link:loc xlink:type="locator" xlink:href="3157002JBFAI478MD587-2021-12-31.xsd#Tatra_BasicAndDilutedEarningsLossNominalValue800EurPerOrdinaryShare" xlink:label="BasicAndDilutedEarningsLossNominalValue800EurPerOrdinaryShare" />
    <link:loc xlink:type="locator" xlink:href="3157002JBFAI478MD587-2021-12-31.xsd#Tatra_CapitalAt1Member" xlink:label="CapitalAt1Member" />
    <link:loc xlink:type="locator" xlink:href="3157002JBFAI478MD587-2021-12-31.xsd#Tatra_CashflowsFromUsedInOperatingActivitiesBeforeInterestsAndIncomeTaxes" xlink:label="CashflowsFromUsedInOperatingActivitiesBeforeInterestsAndIncomeTaxes" />
    <link:loc xlink:type="locator" xlink:href="3157002JBFAI478MD587-2021-12-31.xsd#Tatra_CashPaymentsToAcquireEquityOrDebtInstrumentsOfOtherEntitiesClassifiedAsInvestingActivitiesMeasuredAtAmortisedCost" xlink:label="CashPaymentsToAcquireEquityOrDebtInstrumentsOfOtherEntitiesClassifiedAsInvestingActivitiesMeasuredAtAmortisedCost" />
    <link:loc xlink:type="locator" xlink:href="3157002JBFAI478MD587-2021-12-31.xsd#Tatra_CashPaymentsToAcquireEquityOrDebtInstrumentsOfOtherEntitiesClassifiedAsInvestingActivitiesMeasuredAtFairValueThroughOtherComprehensiveIncome" xlink:label="CashPaymentsToAcquireEquityOrDebtInstrumentsOfOtherEntitiesClassifiedAsInvestingActivitiesMeasuredAtFairValueThroughOtherComprehensiveIncome" />
    <link:loc xlink:type="locator" xlink:href="3157002JBFAI478MD587-2021-12-31.xsd#Tatra_CashReceiptsFromSalesOfEquityOrDebtInstrumentsOfOtherEntitiesClassifiedAsInvestingActivitiesMeasuredAtAmortisedCost" xlink:label="CashReceiptsFromSalesOfEquityOrDebtInstrumentsOfOtherEntitiesClassifiedAsInvestingActivitiesMeasuredAtAmortisedCost" />
    <link:loc xlink:type="locator" xlink:href="3157002JBFAI478MD587-2021-12-31.xsd#Tatra_CashReceiptsFromSalesOfEquityOrDebtInstrumentsOfOtherEntitiesClassifiedAsInvestingActivitiesMeasuredAtFairValueThroughOtherComprehensiveIncome" xlink:label="CashReceiptsFromSalesOfEquityOrDebtInstrumentsOfOtherEntitiesClassifiedAsInvestingActivitiesMeasuredAtFairValueThroughOtherComprehensiveIncome" />
    <link:loc xlink:type="locator" xlink:href="3157002JBFAI478MD587-2021-12-31.xsd#Tatra_ContributionToTheResolutionFundAndTheDepositProtectionFund" xlink:label="ContributionToTheResolutionFundAndTheDepositProtectionFund" />
    <link:loc xlink:type="locator" xlink:href="3157002JBFAI478MD587-2021-12-31.xsd#Tatra_DistributionOfGainsFromAt1" xlink:label="DistributionOfGainsFromAt1" />
    <link:loc xlink:type="locator" xlink:href="3157002JBFAI478MD587-2021-12-31.xsd#Tatra_DividendsRecognisedAsDistributionsToOwnersOrdinaryShares" xlink:label="DividendsRecognisedAsDistributionsToOwnersOrdinaryShares" />
    <link:loc xlink:type="locator" xlink:href="3157002JBFAI478MD587-2021-12-31.xsd#Tatra_DividendsRecognisedAsDistributionsToOwnersPreferenceShares" xlink:label="DividendsRecognisedAsDistributionsToOwnersPreferenceShares" />
    <link:loc xlink:type="locator" xlink:href="3157002JBFAI478MD587-2021-12-31.xsd#Tatra_EquityExcludingProfitLossForReportingPeriod" xlink:label="EquityExcludingProfitLossForReportingPeriod" />
    <link:loc xlink:type="locator" xlink:href="3157002JBFAI478MD587-2021-12-31.xsd#Tatra_GainLossArisingFromDerecognitionOfFinancialAssetsMeasuredAtAmortisedCostAndFinancialAssetsMeasuredAtFairValueThroughOtherComprehensiveIncome" xlink:label="GainLossArisingFromDerecognitionOfFinancialAssetsMeasuredAtAmortisedCostAndFinancialAssetsMeasuredAtFairValueThroughOtherComprehensiveIncome" />
    <link:loc xlink:type="locator" xlink:href="3157002JBFAI478MD587-2021-12-31.xsd#Tatra_GainLossesOnNonCurrentAssetsHeldForSale" xlink:label="GainLossesOnNonCurrentAssetsHeldForSale" />
    <link:loc xlink:type="locator" xlink:href="3157002JBFAI478MD587-2021-12-31.xsd#Tatra_GainsLossesOnFinancialAssetsAtFairValueThroughProfitOrLossClassifiedAsHeldForTradingAndGainsLossesOnExchangeDifferencesOnTranslationRecognisedInProfitOrLoss" xlink:label="GainsLossesOnFinancialAssetsAtFairValueThroughProfitOrLossClassifiedAsHeldForTradingAndGainsLossesOnExchangeDifferencesOnTranslationRecognisedInProfitOrLoss" />
    <link:loc xlink:type="locator" xlink:href="3157002JBFAI478MD587-2021-12-31.xsd#Tatra_IncreaseDecreaseInLegalProceedingsProvisions" xlink:label="IncreaseDecreaseInLegalProceedingsProvisions" />
    <link:loc xlink:type="locator" xlink:href="3157002JBFAI478MD587-2021-12-31.xsd#Tatra_IncreaseDecreaseProvisionsForExpectedLossesOnCommitmentsAndGuarantees" xlink:label="IncreaseDecreaseProvisionsForExpectedLossesOnCommitmentsAndGuarantees" />
    <link:loc xlink:type="locator" xlink:href="3157002JBFAI478MD587-2021-12-31.xsd#Tatra_InterestRevenueCalculatedNotUsingEffectiveInterestMethod" xlink:label="InterestRevenueCalculatedNotUsingEffectiveInterestMethod" />
    <link:loc xlink:type="locator" xlink:href="3157002JBFAI478MD587-2021-12-31.xsd#Tatra_InterestRevenueExpenseAndDividends" xlink:label="InterestRevenueExpenseAndDividends" />
    <link:loc xlink:type="locator" xlink:href="3157002JBFAI478MD587-2021-12-31.xsd#Tatra_IssuedCapitalOrdinarySharesMember" xlink:label="IssuedCapitalOrdinarySharesMember" />
    <link:loc xlink:type="locator" xlink:href="3157002JBFAI478MD587-2021-12-31.xsd#Tatra_ProfitDistribution" xlink:label="ProfitDistribution" />
    <link:loc xlink:type="locator" xlink:href="3157002JBFAI478MD587-2021-12-31.xsd#Tatra_ProfitOrLossForReportingPeriod" xlink:label="ProfitOrLossForReportingPeriod" />
    <link:loc xlink:type="locator" xlink:href="3157002JBFAI478MD587-2021-12-31.xsd#Tatra_PurchaseOfGoodwillClassifiedAsInvestingActivities" xlink:label="PurchaseOfGoodwillClassifiedAsInvestingActivities" />
    <link:loc xlink:type="locator" xlink:href="3157002JBFAI478MD587-2021-12-31.xsd#Tatra_Reclassification" xlink:label="Reclassification" />
    <link:loc xlink:type="locator" xlink:href="3157002JBFAI478MD587-2021-12-31.xsd#Tatra_RetainedEarningsExcludingProfitLossForReportingPeriodMember" xlink:label="RetainedEarningsExcludingProfitLossForReportingPeriodMember" />
    <link:loc xlink:type="locator" xlink:href="3157002JBFAI478MD587-2021-12-31.xsd#Tatra_RetainedEarningsProfitLossForReportingPeriodMember" xlink:label="RetainedEarningsProfitLossForReportingPeriodMember" />
    <link:loc xlink:type="locator" xlink:href="3157002JBFAI478MD587-2021-12-31.xsd#Tatra_SaleOfOrdinaryAndPreferenceShares" xlink:label="SaleOfOrdinaryAndPreferenceShares" />
    <link:loc xlink:type="locator" xlink:href="3157002JBFAI478MD587-2021-12-31.xsd#Tatra_SharePremiumOrdinarySharesMember" xlink:label="SharePremiumOrdinarySharesMember" />
    <link:loc xlink:type="locator" xlink:href="3157002JBFAI478MD587-2021-12-31.xsd#Tatra_SpecialLevyOfSelectedFinancialInstitutions" xlink:label="SpecialLevyOfSelectedFinancialInstitutions" />
    <link:loc xlink:type="locator" xlink:href="3157002JBFAI478MD587-2021-12-31.xsd#Tatra_TransferWithinTheComponentsOfEquity" xlink:label="TransferWithinTheComponentsOfEquity" />
    <link:labelArc xlink:type="arc" xlink:arcrole="http://www.xbrl.org/2003/arcrole/concept-label" xlink:from="AdjustmentsForDecreaseIncreaseInFinancialAssetsAtFairValueThroughProfitOrLossMandatorilyMeasuredAtFairValue" xlink:to="label_AdjustmentsForDecreaseIncreaseInFinancialAssetsAtFairValueThroughProfitOrLossMandatorilyMeasuredAtFairValue" order="1" />
    <link:labelArc xlink:type="arc" xlink:arcrole="http://www.xbrl.org/2003/arcrole/concept-label" xlink:from="AdjustmentsForDecreaseIncreaseInLoansAndAdvancesToBanksAndCustomers" xlink:to="label_AdjustmentsForDecreaseIncreaseInLoansAndAdvancesToBanksAndCustomers" order="1" />
    <link:labelArc xlink:type="arc" xlink:arcrole="http://www.xbrl.org/2003/arcrole/concept-label" xlink:from="AdjustmentsForDecreaseIncreaseInTangibleAssets" xlink:to="label_AdjustmentsForDecreaseIncreaseInTangibleAssets" order="1" />
    <link:labelArc xlink:type="arc" xlink:arcrole="http://www.xbrl.org/2003/arcrole/concept-label" xlink:from="AdjustmentsForFairValueGainsLossesOnFinancialAssetsMeasuredAtFairValueThroughOtherComprehensiveIncomeNetOfTax" xlink:to="label_AdjustmentsForFairValueGainsLossesOnFinancialAssetsMeasuredAtFairValueThroughOtherComprehensiveIncomeNetOfTax" order="1" />
    <link:labelArc xlink:type="arc" xlink:arcrole="http://www.xbrl.org/2003/arcrole/concept-label" xlink:from="AdjustmentsForGainsLossesOnFinancialAssetsAtFairValueThroughProfitOrLossMandatorilyMeasuredAtFairValue" xlink:to="label_AdjustmentsForGainsLossesOnFinancialAssetsAtFairValueThroughProfitOrLossMandatorilyMeasuredAtFairValue" order="1" />
    <link:labelArc xlink:type="arc" xlink:arcrole="http://www.xbrl.org/2003/arcrole/concept-label" xlink:from="AdjustmentsForGainsLossesOnChangeInFairValueOfDerivativesAndFinancialAssetsHeldForTrading" xlink:to="label_AdjustmentsForGainsLossesOnChangeInFairValueOfDerivativesAndFinancialAssetsHeldForTrading" order="1" />
    <link:labelArc xlink:type="arc" xlink:arcrole="http://www.xbrl.org/2003/arcrole/concept-label" xlink:from="AdjustmentsForIncreaseDecreaseInDepositsFromCustomersAndBanks" xlink:to="label_AdjustmentsForIncreaseDecreaseInDepositsFromCustomersAndBanks" order="1" />
    <link:labelArc xlink:type="arc" xlink:arcrole="http://www.xbrl.org/2003/arcrole/concept-label" xlink:from="AdjustmentsForLossesGainsOnDisposalOfNoncurrentAssetsHeldForSale" xlink:to="label_AdjustmentsForLossesGainsOnDisposalOfNoncurrentAssetsHeldForSale" order="1" />
    <link:labelArc xlink:type="arc" xlink:arcrole="http://www.xbrl.org/2003/arcrole/concept-label" xlink:from="BasicAndDilutedEarningsLossNominalValue4000EurPerOrdinaryShare" xlink:to="label_BasicAndDilutedEarningsLossNominalValue4000EurPerOrdinaryShare" order="1" />
    <link:labelArc xlink:type="arc" xlink:arcrole="http://www.xbrl.org/2003/arcrole/concept-label" xlink:from="BasicAndDilutedEarningsLossNominalValue4EurPerPreferenceShare" xlink:to="label_BasicAndDilutedEarningsLossNominalValue4EurPerPreferenceShare" order="1" />
    <link:labelArc xlink:type="arc" xlink:arcrole="http://www.xbrl.org/2003/arcrole/concept-label" xlink:from="BasicAndDilutedEarningsLossNominalValue800EurPerOrdinaryShare" xlink:to="label_BasicAndDilutedEarningsLossNominalValue800EurPerOrdinaryShare" order="1" />
    <link:labelArc xlink:type="arc" xlink:arcrole="http://www.xbrl.org/2003/arcrole/concept-label" xlink:from="CapitalAt1Member" xlink:to="label_CapitalAt1Member" order="1" />
    <link:labelArc xlink:type="arc" xlink:arcrole="http://www.xbrl.org/2003/arcrole/concept-label" xlink:from="CashflowsFromUsedInOperatingActivitiesBeforeInterestsAndIncomeTaxes" xlink:to="label_CashflowsFromUsedInOperatingActivitiesBeforeInterestsAndIncomeTaxes" order="1" />
    <link:labelArc xlink:type="arc" xlink:arcrole="http://www.xbrl.org/2003/arcrole/concept-label" xlink:from="CashPaymentsToAcquireEquityOrDebtInstrumentsOfOtherEntitiesClassifiedAsInvestingActivitiesMeasuredAtAmortisedCost" xlink:to="label_CashPaymentsToAcquireEquityOrDebtInstrumentsOfOtherEntitiesClassifiedAsInvestingActivitiesMeasuredAtAmortisedCost" order="1" />
    <link:labelArc xlink:type="arc" xlink:arcrole="http://www.xbrl.org/2003/arcrole/concept-label" xlink:from="CashPaymentsToAcquireEquityOrDebtInstrumentsOfOtherEntitiesClassifiedAsInvestingActivitiesMeasuredAtFairValueThroughOtherComprehensiveIncome" xlink:to="label_CashPaymentsToAcquireEquityOrDebtInstrumentsOfOtherEntitiesClassifiedAsInvestingActivitiesMeasuredAtFairValueThroughOtherComprehensiveIncome" order="1" />
    <link:labelArc xlink:type="arc" xlink:arcrole="http://www.xbrl.org/2003/arcrole/concept-label" xlink:from="CashReceiptsFromSalesOfEquityOrDebtInstrumentsOfOtherEntitiesClassifiedAsInvestingActivitiesMeasuredAtAmortisedCost" xlink:to="label_CashReceiptsFromSalesOfEquityOrDebtInstrumentsOfOtherEntitiesClassifiedAsInvestingActivitiesMeasuredAtAmortisedCost" order="1" />
    <link:labelArc xlink:type="arc" xlink:arcrole="http://www.xbrl.org/2003/arcrole/concept-label" xlink:from="CashReceiptsFromSalesOfEquityOrDebtInstrumentsOfOtherEntitiesClassifiedAsInvestingActivitiesMeasuredAtFairValueThroughOtherComprehensiveIncome" xlink:to="label_CashReceiptsFromSalesOfEquityOrDebtInstrumentsOfOtherEntitiesClassifiedAsInvestingActivitiesMeasuredAtFairValueThroughOtherComprehensiveIncome" order="1" />
    <link:labelArc xlink:type="arc" xlink:arcrole="http://www.xbrl.org/2003/arcrole/concept-label" xlink:from="ContributionToTheResolutionFundAndTheDepositProtectionFund" xlink:to="label_ContributionToTheResolutionFundAndTheDepositProtectionFund" order="1" />
    <link:labelArc xlink:type="arc" xlink:arcrole="http://www.xbrl.org/2003/arcrole/concept-label" xlink:from="DistributionOfGainsFromAt1" xlink:to="label_DistributionOfGainsFromAt1" order="1" />
    <link:labelArc xlink:type="arc" xlink:arcrole="http://www.xbrl.org/2003/arcrole/concept-label" xlink:from="DividendsRecognisedAsDistributionsToOwnersOrdinaryShares" xlink:to="label_DividendsRecognisedAsDistributionsToOwnersOrdinaryShares" order="1" />
    <link:labelArc xlink:type="arc" xlink:arcrole="http://www.xbrl.org/2003/arcrole/concept-label" xlink:from="DividendsRecognisedAsDistributionsToOwnersPreferenceShares" xlink:to="label_DividendsRecognisedAsDistributionsToOwnersPreferenceShares" order="1" />
    <link:labelArc xlink:type="arc" xlink:arcrole="http://www.xbrl.org/2003/arcrole/concept-label" xlink:from="EquityExcludingProfitLossForReportingPeriod" xlink:to="label_EquityExcludingProfitLossForReportingPeriod" order="1" />
    <link:labelArc xlink:type="arc" xlink:arcrole="http://www.xbrl.org/2003/arcrole/concept-label" xlink:from="GainLossArisingFromDerecognitionOfFinancialAssetsMeasuredAtAmortisedCostAndFinancialAssetsMeasuredAtFairValueThroughOtherComprehensiveIncome" xlink:to="label_GainLossArisingFromDerecognitionOfFinancialAssetsMeasuredAtAmortisedCostAndFinancialAssetsMeasuredAtFairValueThroughOtherComprehensiveIncome" order="1" />
    <link:labelArc xlink:type="arc" xlink:arcrole="http://www.xbrl.org/2003/arcrole/concept-label" xlink:from="GainLossesOnNonCurrentAssetsHeldForSale" xlink:to="label_GainLossesOnNonCurrentAssetsHeldForSale" order="1" />
    <link:labelArc xlink:type="arc" xlink:arcrole="http://www.xbrl.org/2003/arcrole/concept-label" xlink:from="GainsLossesOnFinancialAssetsAtFairValueThroughProfitOrLossClassifiedAsHeldForTradingAndGainsLossesOnExchangeDifferencesOnTranslationRecognisedInProfitOrLoss" xlink:to="label_GainsLossesOnFinancialAssetsAtFairValueThroughProfitOrLossClassifiedAsHeldForTradingAndGainsLossesOnExchangeDifferencesOnTranslationRecognisedInProfitOrLoss" order="1" />
    <link:labelArc xlink:type="arc" xlink:arcrole="http://www.xbrl.org/2003/arcrole/concept-label" xlink:from="IncreaseDecreaseInLegalProceedingsProvisions" xlink:to="label_IncreaseDecreaseInLegalProceedingsProvisions" order="1" />
    <link:labelArc xlink:type="arc" xlink:arcrole="http://www.xbrl.org/2003/arcrole/concept-label" xlink:from="IncreaseDecreaseProvisionsForExpectedLossesOnCommitmentsAndGuarantees" xlink:to="label_IncreaseDecreaseProvisionsForExpectedLossesOnCommitmentsAndGuarantees" order="1" />
    <link:labelArc xlink:type="arc" xlink:arcrole="http://www.xbrl.org/2003/arcrole/concept-label" xlink:from="InterestRevenueCalculatedNotUsingEffectiveInterestMethod" xlink:to="label_InterestRevenueCalculatedNotUsingEffectiveInterestMethod" order="1" />
    <link:labelArc xlink:type="arc" xlink:arcrole="http://www.xbrl.org/2003/arcrole/concept-label" xlink:from="InterestRevenueExpenseAndDividends" xlink:to="label_InterestRevenueExpenseAndDividends" order="1" />
    <link:labelArc xlink:type="arc" xlink:arcrole="http://www.xbrl.org/2003/arcrole/concept-label" xlink:from="IssuedCapitalOrdinarySharesMember" xlink:to="label_IssuedCapitalOrdinarySharesMember" order="1" />
    <link:labelArc xlink:type="arc" xlink:arcrole="http://www.xbrl.org/2003/arcrole/concept-label" xlink:from="ProfitDistribution" xlink:to="label_ProfitDistribution" order="1" />
    <link:labelArc xlink:type="arc" xlink:arcrole="http://www.xbrl.org/2003/arcrole/concept-label" xlink:from="ProfitOrLossForReportingPeriod" xlink:to="label_ProfitOrLossForReportingPeriod" order="1" />
    <link:labelArc xlink:type="arc" xlink:arcrole="http://www.xbrl.org/2003/arcrole/concept-label" xlink:from="PurchaseOfGoodwillClassifiedAsInvestingActivities" xlink:to="label_PurchaseOfGoodwillClassifiedAsInvestingActivities" order="1" />
    <link:labelArc xlink:type="arc" xlink:arcrole="http://www.xbrl.org/2003/arcrole/concept-label" xlink:from="Reclassification" xlink:to="label_Reclassification" order="1" />
    <link:labelArc xlink:type="arc" xlink:arcrole="http://www.xbrl.org/2003/arcrole/concept-label" xlink:from="RetainedEarningsExcludingProfitLossForReportingPeriodMember" xlink:to="label_RetainedEarningsExcludingProfitLossForReportingPeriodMember" order="1" />
    <link:labelArc xlink:type="arc" xlink:arcrole="http://www.xbrl.org/2003/arcrole/concept-label" xlink:from="RetainedEarningsProfitLossForReportingPeriodMember" xlink:to="label_RetainedEarningsProfitLossForReportingPeriodMember" order="1" />
    <link:labelArc xlink:type="arc" xlink:arcrole="http://www.xbrl.org/2003/arcrole/concept-label" xlink:from="SaleOfOrdinaryAndPreferenceShares" xlink:to="label_SaleOfOrdinaryAndPreferenceShares" order="1" />
    <link:labelArc xlink:type="arc" xlink:arcrole="http://www.xbrl.org/2003/arcrole/concept-label" xlink:from="SharePremiumOrdinarySharesMember" xlink:to="label_SharePremiumOrdinarySharesMember" order="1" />
    <link:labelArc xlink:type="arc" xlink:arcrole="http://www.xbrl.org/2003/arcrole/concept-label" xlink:from="SpecialLevyOfSelectedFinancialInstitutions" xlink:to="label_SpecialLevyOfSelectedFinancialInstitutions" order="1" />
    <link:labelArc xlink:type="arc" xlink:arcrole="http://www.xbrl.org/2003/arcrole/concept-label" xlink:from="TransferWithinTheComponentsOfEquity" xlink:to="label_TransferWithinTheComponentsOfEquity" order="1" />
  </link:labelLink>
</link:linkbase>