<link:linkbase xmlns:xlink="http://www.w3.org/1999/xlink" xmlns:xsi="http://www.w3.org/2001/XMLSchema-instance" xsi:schemaLocation="http://www.xbrl.org/2003/linkbase http://www.xbrl.org/2003/xbrl-linkbase-2003-12-31.xsd" xmlns:link="http://www.xbrl.org/2003/linkbase">
  <link:roleRef roleURI="https://www.tatrabanka.sk/role/GeneralInformation" xlink:type="simple" xlink:href="3157002JBFAI478MD587-2021-12-31.xsd#GeneralInformation" />
  <link:roleRef roleURI="https://www.tatrabanka.sk/role/IncomeStatement" xlink:type="simple" xlink:href="3157002JBFAI478MD587-2021-12-31.xsd#IncomeStatement" />
  <link:roleRef roleURI="https://www.tatrabanka.sk/role/ComprehensiveIncome" xlink:type="simple" xlink:href="3157002JBFAI478MD587-2021-12-31.xsd#ComprehensiveIncome" />
  <link:roleRef roleURI="https://www.tatrabanka.sk/role/Earningspershare" xlink:type="simple" xlink:href="3157002JBFAI478MD587-2021-12-31.xsd#Earningspershare" />
  <link:roleRef roleURI="https://www.tatrabanka.sk/role/BalanceSheet" xlink:type="simple" xlink:href="3157002JBFAI478MD587-2021-12-31.xsd#BalanceSheet" />
  <link:roleRef roleURI="https://www.tatrabanka.sk/role/ChangesinEquity" xlink:type="simple" xlink:href="3157002JBFAI478MD587-2021-12-31.xsd#ChangesinEquity" />
  <link:roleRef roleURI="https://www.tatrabanka.sk/role/CashFlow" xlink:type="simple" xlink:href="3157002JBFAI478MD587-2021-12-31.xsd#CashFlow" />
  <link:presentationLink xlink:type="extended" xlink:role="https://www.tatrabanka.sk/role/GeneralInformation">
    <link:loc xlink:type="locator" xlink:href="http://www.esma.europa.eu/taxonomy/2020-03-16/esef_cor.xsd#esef_cor_NotesAccountingPoliciesAndMandatoryTags" xlink:label="NotesAccountingPoliciesAndMandatoryTags" />
    <link:loc xlink:type="locator" xlink:href="http://xbrl.ifrs.org/taxonomy/2020-03-16/full_ifrs/full_ifrs-cor_2020-03-16.xsd#ifrs-full_NameOfUltimateParentOfGroup" xlink:label="NameOfUltimateParentOfGroup" />
    <link:loc xlink:type="locator" xlink:href="http://xbrl.ifrs.org/taxonomy/2020-03-16/full_ifrs/full_ifrs-cor_2020-03-16.xsd#ifrs-full_NameOfParentEntity" xlink:label="NameOfParentEntity" />
    <link:loc xlink:type="locator" xlink:href="http://xbrl.ifrs.org/taxonomy/2020-03-16/full_ifrs/full_ifrs-cor_2020-03-16.xsd#ifrs-full_DescriptionOfNatureOfEntitysOperationsAndPrincipalActivities" xlink:label="DescriptionOfNatureOfEntitysOperationsAndPrincipalActivities" />
    <link:loc xlink:type="locator" xlink:href="http://xbrl.ifrs.org/taxonomy/2020-03-16/full_ifrs/full_ifrs-cor_2020-03-16.xsd#ifrs-full_PrincipalPlaceOfBusiness" xlink:label="PrincipalPlaceOfBusiness" />
    <link:loc xlink:type="locator" xlink:href="http://xbrl.ifrs.org/taxonomy/2020-03-16/full_ifrs/full_ifrs-cor_2020-03-16.xsd#ifrs-full_CountryOfIncorporation" xlink:label="CountryOfIncorporation" />
    <link:loc xlink:type="locator" xlink:href="http://xbrl.ifrs.org/taxonomy/2020-03-16/full_ifrs/full_ifrs-cor_2020-03-16.xsd#ifrs-full_AddressOfRegisteredOfficeOfEntity" xlink:label="AddressOfRegisteredOfficeOfEntity" />
    <link:loc xlink:type="locator" xlink:href="http://xbrl.ifrs.org/taxonomy/2020-03-16/full_ifrs/full_ifrs-cor_2020-03-16.xsd#ifrs-full_DomicileOfEntity" xlink:label="DomicileOfEntity" />
    <link:loc xlink:type="locator" xlink:href="http://xbrl.ifrs.org/taxonomy/2020-03-16/full_ifrs/full_ifrs-cor_2020-03-16.xsd#ifrs-full_LegalFormOfEntity" xlink:label="LegalFormOfEntity" />
    <link:loc xlink:type="locator" xlink:href="http://xbrl.ifrs.org/taxonomy/2020-03-16/full_ifrs/full_ifrs-cor_2020-03-16.xsd#ifrs-full_NameOfReportingEntityOrOtherMeansOfIdentification" xlink:label="NameOfReportingEntityOrOtherMeansOfIdentification" />
    <link:presentationArc xlink:type="arc" xlink:arcrole="http://www.xbrl.org/2003/arcrole/parent-child" xlink:from="NotesAccountingPoliciesAndMandatoryTags" xlink:to="NameOfReportingEntityOrOtherMeansOfIdentification" order="1" />
    <link:presentationArc xlink:type="arc" xlink:arcrole="http://www.xbrl.org/2003/arcrole/parent-child" xlink:from="NotesAccountingPoliciesAndMandatoryTags" xlink:to="LegalFormOfEntity" order="2" />
    <link:presentationArc xlink:type="arc" xlink:arcrole="http://www.xbrl.org/2003/arcrole/parent-child" xlink:from="NotesAccountingPoliciesAndMandatoryTags" xlink:to="DomicileOfEntity" order="3" />
    <link:presentationArc xlink:type="arc" xlink:arcrole="http://www.xbrl.org/2003/arcrole/parent-child" xlink:from="NotesAccountingPoliciesAndMandatoryTags" xlink:to="AddressOfRegisteredOfficeOfEntity" order="4" />
    <link:presentationArc xlink:type="arc" xlink:arcrole="http://www.xbrl.org/2003/arcrole/parent-child" xlink:from="NotesAccountingPoliciesAndMandatoryTags" xlink:to="CountryOfIncorporation" order="5" />
    <link:presentationArc xlink:type="arc" xlink:arcrole="http://www.xbrl.org/2003/arcrole/parent-child" xlink:from="NotesAccountingPoliciesAndMandatoryTags" xlink:to="PrincipalPlaceOfBusiness" order="6" />
    <link:presentationArc xlink:type="arc" xlink:arcrole="http://www.xbrl.org/2003/arcrole/parent-child" xlink:from="NotesAccountingPoliciesAndMandatoryTags" xlink:to="DescriptionOfNatureOfEntitysOperationsAndPrincipalActivities" order="7" />
    <link:presentationArc xlink:type="arc" xlink:arcrole="http://www.xbrl.org/2003/arcrole/parent-child" xlink:from="NotesAccountingPoliciesAndMandatoryTags" xlink:to="NameOfParentEntity" order="8" />
    <link:presentationArc xlink:type="arc" xlink:arcrole="http://www.xbrl.org/2003/arcrole/parent-child" xlink:from="NotesAccountingPoliciesAndMandatoryTags" xlink:to="NameOfUltimateParentOfGroup" order="9" />
  </link:presentationLink>
  <link:presentationLink xlink:type="extended" xlink:role="https://www.tatrabanka.sk/role/IncomeStatement">
    <link:loc xlink:type="locator" xlink:href="http://xbrl.ifrs.org/taxonomy/2020-03-16/full_ifrs/full_ifrs-cor_2020-03-16.xsd#ifrs-full_IncomeStatementAbstract" xlink:label="IncomeStatementAbstract" />
    <link:loc xlink:type="locator" xlink:href="http://xbrl.ifrs.org/taxonomy/2020-03-16/full_ifrs/full_ifrs-cor_2020-03-16.xsd#ifrs-full_ProfitLoss" xlink:label="ProfitLoss" />
    <link:loc xlink:type="locator" xlink:href="http://xbrl.ifrs.org/taxonomy/2020-03-16/full_ifrs/full_ifrs-cor_2020-03-16.xsd#ifrs-full_IncomeTaxExpenseContinuingOperations" xlink:label="IncomeTaxExpenseContinuingOperations" />
    <link:loc xlink:type="locator" xlink:href="http://xbrl.ifrs.org/taxonomy/2020-03-16/full_ifrs/full_ifrs-cor_2020-03-16.xsd#ifrs-full_ProfitLossBeforeTax" xlink:label="ProfitLossBeforeTax" />
    <link:loc xlink:type="locator" xlink:href="3157002JBFAI478MD587-2021-12-31.xsd#Tatra_GainLossesOnNonCurrentAssetsHeldForSale" xlink:label="GainLossesOnNonCurrentAssetsHeldForSale" />
    <link:loc xlink:type="locator" xlink:href="http://xbrl.ifrs.org/taxonomy/2020-03-16/full_ifrs/full_ifrs-cor_2020-03-16.xsd#ifrs-full_ImpairmentLossRecognisedInProfitOrLoss" xlink:label="ImpairmentLossRecognisedInProfitOrLoss" />
    <link:loc xlink:type="locator" xlink:href="http://xbrl.ifrs.org/taxonomy/2020-03-16/full_ifrs/full_ifrs-cor_2020-03-16.xsd#ifrs-full_IncreaseDecreaseInAllowanceAccountForCreditLossesOfFinancialAssets" xlink:label="IncreaseDecreaseInAllowanceAccountForCreditLossesOfFinancialAssets" />
    <link:loc xlink:type="locator" xlink:href="3157002JBFAI478MD587-2021-12-31.xsd#Tatra_IncreaseDecreaseProvisionsForExpectedLossesOnCommitmentsAndGuarantees" xlink:label="IncreaseDecreaseProvisionsForExpectedLossesOnCommitmentsAndGuarantees" />
    <link:loc xlink:type="locator" xlink:href="3157002JBFAI478MD587-2021-12-31.xsd#Tatra_IncreaseDecreaseInLegalProceedingsProvisions" xlink:label="IncreaseDecreaseInLegalProceedingsProvisions" />
    <link:loc xlink:type="locator" xlink:href="http://xbrl.ifrs.org/taxonomy/2020-03-16/full_ifrs/full_ifrs-cor_2020-03-16.xsd#ifrs-full_GainsLossesOnFinancialAssetsAtAmortisedCost" xlink:label="GainsLossesOnFinancialAssetsAtAmortisedCost" />
    <link:loc xlink:type="locator" xlink:href="3157002JBFAI478MD587-2021-12-31.xsd#Tatra_ContributionToTheResolutionFundAndTheDepositProtectionFund" xlink:label="ContributionToTheResolutionFundAndTheDepositProtectionFund" />
    <link:loc xlink:type="locator" xlink:href="http://xbrl.ifrs.org/taxonomy/2020-03-16/full_ifrs/full_ifrs-cor_2020-03-16.xsd#ifrs-full_GeneralAndAdministrativeExpense" xlink:label="GeneralAndAdministrativeExpense" />
    <link:loc xlink:type="locator" xlink:href="http://xbrl.ifrs.org/taxonomy/2020-03-16/full_ifrs/full_ifrs-cor_2020-03-16.xsd#ifrs-full_MiscellaneousOtherOperatingExpense" xlink:label="MiscellaneousOtherOperatingExpense" />
    <link:loc xlink:type="locator" xlink:href="http://xbrl.ifrs.org/taxonomy/2020-03-16/full_ifrs/full_ifrs-cor_2020-03-16.xsd#ifrs-full_MiscellaneousOtherOperatingIncome" xlink:label="MiscellaneousOtherOperatingIncome" />
    <link:loc xlink:type="locator" xlink:href="3157002JBFAI478MD587-2021-12-31.xsd#Tatra_SpecialLevyOfSelectedFinancialInstitutions" xlink:label="SpecialLevyOfSelectedFinancialInstitutions" />
    <link:loc xlink:type="locator" xlink:href="http://xbrl.ifrs.org/taxonomy/2020-03-16/full_ifrs/full_ifrs-cor_2020-03-16.xsd#ifrs-full_GainsLossesOnFinancialAssetsAtFairValueThroughProfitOrLossMandatorilyMeasuredAtFairValue" xlink:label="GainsLossesOnFinancialAssetsAtFairValueThroughProfitOrLossMandatorilyMeasuredAtFairValue" />
    <link:loc xlink:type="locator" xlink:href="3157002JBFAI478MD587-2021-12-31.xsd#Tatra_GainsLossesOnFinancialAssetsAtFairValueThroughProfitOrLossClassifiedAsHeldForTradingAndGainsLossesOnExchangeDifferencesOnTranslationRecognisedInProfitOrLoss" xlink:label="GainsLossesOnFinancialAssetsAtFairValueThroughProfitOrLossClassifiedAsHeldForTradingAndGainsLossesOnExchangeDifferencesOnTranslationRecognisedInProfitOrLoss" />
    <link:loc xlink:type="locator" xlink:href="3157002JBFAI478MD587-2021-12-31.xsd#Tatra_GainLossArisingFromDerecognitionOfFinancialAssetsMeasuredAtAmortisedCostAndFinancialAssetsMeasuredAtFairValueThroughOtherComprehensiveIncome" xlink:label="GainLossArisingFromDerecognitionOfFinancialAssetsMeasuredAtAmortisedCostAndFinancialAssetsMeasuredAtFairValueThroughOtherComprehensiveIncome" />
    <link:loc xlink:type="locator" xlink:href="http://xbrl.ifrs.org/taxonomy/2020-03-16/full_ifrs/full_ifrs-cor_2020-03-16.xsd#ifrs-full_FeeAndCommissionIncomeExpense" xlink:label="FeeAndCommissionIncomeExpense" />
    <link:loc xlink:type="locator" xlink:href="http://xbrl.ifrs.org/taxonomy/2020-03-16/full_ifrs/full_ifrs-cor_2020-03-16.xsd#ifrs-full_FeeAndCommissionExpense" xlink:label="FeeAndCommissionExpense" />
    <link:loc xlink:type="locator" xlink:href="http://xbrl.ifrs.org/taxonomy/2020-03-16/full_ifrs/full_ifrs-cor_2020-03-16.xsd#ifrs-full_FeeAndCommissionIncome" xlink:label="FeeAndCommissionIncome" />
    <link:loc xlink:type="locator" xlink:href="3157002JBFAI478MD587-2021-12-31.xsd#Tatra_InterestRevenueExpenseAndDividends" xlink:label="InterestRevenueExpenseAndDividends" />
    <link:loc xlink:type="locator" xlink:href="http://xbrl.ifrs.org/taxonomy/2020-03-16/full_ifrs/full_ifrs-cor_2020-03-16.xsd#ifrs-full_RevenueFromDividends" xlink:label="RevenueFromDividends" />
    <link:loc xlink:type="locator" xlink:href="http://xbrl.ifrs.org/taxonomy/2020-03-16/full_ifrs/full_ifrs-cor_2020-03-16.xsd#ifrs-full_InterestRevenueExpense" xlink:label="InterestRevenueExpense" />
    <link:loc xlink:type="locator" xlink:href="http://xbrl.ifrs.org/taxonomy/2020-03-16/full_ifrs/full_ifrs-cor_2020-03-16.xsd#ifrs-full_InterestExpense" xlink:label="InterestExpense" />
    <link:loc xlink:type="locator" xlink:href="3157002JBFAI478MD587-2021-12-31.xsd#Tatra_InterestRevenueCalculatedNotUsingEffectiveInterestMethod" xlink:label="InterestRevenueCalculatedNotUsingEffectiveInterestMethod" />
    <link:loc xlink:type="locator" xlink:href="http://xbrl.ifrs.org/taxonomy/2020-03-16/full_ifrs/full_ifrs-cor_2020-03-16.xsd#ifrs-full_InterestRevenueCalculatedUsingEffectiveInterestMethod" xlink:label="InterestRevenueCalculatedUsingEffectiveInterestMethod" />
    <link:presentationArc xlink:type="arc" xlink:arcrole="http://www.xbrl.org/2003/arcrole/parent-child" xlink:from="IncomeStatementAbstract" xlink:to="InterestRevenueCalculatedUsingEffectiveInterestMethod" order="1" />
    <link:presentationArc xlink:type="arc" xlink:arcrole="http://www.xbrl.org/2003/arcrole/parent-child" xlink:from="IncomeStatementAbstract" xlink:to="InterestRevenueCalculatedNotUsingEffectiveInterestMethod" order="2" />
    <link:presentationArc xlink:type="arc" xlink:arcrole="http://www.xbrl.org/2003/arcrole/parent-child" xlink:from="IncomeStatementAbstract" xlink:to="InterestExpense" order="3" />
    <link:presentationArc xlink:type="arc" xlink:arcrole="http://www.xbrl.org/2003/arcrole/parent-child" xlink:from="IncomeStatementAbstract" xlink:to="InterestRevenueExpense" order="4" />
    <link:presentationArc xlink:type="arc" xlink:arcrole="http://www.xbrl.org/2003/arcrole/parent-child" xlink:from="IncomeStatementAbstract" xlink:to="RevenueFromDividends" order="5" />
    <link:presentationArc xlink:type="arc" xlink:arcrole="http://www.xbrl.org/2003/arcrole/parent-child" xlink:from="IncomeStatementAbstract" xlink:to="InterestRevenueExpenseAndDividends" order="6" />
    <link:presentationArc xlink:type="arc" xlink:arcrole="http://www.xbrl.org/2003/arcrole/parent-child" xlink:from="IncomeStatementAbstract" xlink:to="FeeAndCommissionIncome" order="7" />
    <link:presentationArc xlink:type="arc" xlink:arcrole="http://www.xbrl.org/2003/arcrole/parent-child" xlink:from="IncomeStatementAbstract" xlink:to="FeeAndCommissionExpense" order="8" />
    <link:presentationArc xlink:type="arc" xlink:arcrole="http://www.xbrl.org/2003/arcrole/parent-child" xlink:from="IncomeStatementAbstract" xlink:to="FeeAndCommissionIncomeExpense" order="9" />
    <link:presentationArc xlink:type="arc" xlink:arcrole="http://www.xbrl.org/2003/arcrole/parent-child" xlink:from="IncomeStatementAbstract" xlink:to="GainLossArisingFromDerecognitionOfFinancialAssetsMeasuredAtAmortisedCostAndFinancialAssetsMeasuredAtFairValueThroughOtherComprehensiveIncome" order="10" />
    <link:presentationArc xlink:type="arc" xlink:arcrole="http://www.xbrl.org/2003/arcrole/parent-child" xlink:from="IncomeStatementAbstract" xlink:to="GainsLossesOnFinancialAssetsAtFairValueThroughProfitOrLossClassifiedAsHeldForTradingAndGainsLossesOnExchangeDifferencesOnTranslationRecognisedInProfitOrLoss" order="11" />
    <link:presentationArc xlink:type="arc" xlink:arcrole="http://www.xbrl.org/2003/arcrole/parent-child" xlink:from="IncomeStatementAbstract" xlink:to="GainsLossesOnFinancialAssetsAtFairValueThroughProfitOrLossMandatorilyMeasuredAtFairValue" order="12" />
    <link:presentationArc xlink:type="arc" xlink:arcrole="http://www.xbrl.org/2003/arcrole/parent-child" xlink:from="IncomeStatementAbstract" xlink:to="SpecialLevyOfSelectedFinancialInstitutions" order="13" />
    <link:presentationArc xlink:type="arc" xlink:arcrole="http://www.xbrl.org/2003/arcrole/parent-child" xlink:from="IncomeStatementAbstract" xlink:to="MiscellaneousOtherOperatingIncome" order="14" />
    <link:presentationArc xlink:type="arc" xlink:arcrole="http://www.xbrl.org/2003/arcrole/parent-child" xlink:from="IncomeStatementAbstract" xlink:to="MiscellaneousOtherOperatingExpense" order="15" />
    <link:presentationArc xlink:type="arc" xlink:arcrole="http://www.xbrl.org/2003/arcrole/parent-child" xlink:from="IncomeStatementAbstract" xlink:to="GeneralAndAdministrativeExpense" order="16" />
    <link:presentationArc xlink:type="arc" xlink:arcrole="http://www.xbrl.org/2003/arcrole/parent-child" xlink:from="IncomeStatementAbstract" xlink:to="ContributionToTheResolutionFundAndTheDepositProtectionFund" order="17" />
    <link:presentationArc xlink:type="arc" xlink:arcrole="http://www.xbrl.org/2003/arcrole/parent-child" xlink:from="IncomeStatementAbstract" xlink:to="GainsLossesOnFinancialAssetsAtAmortisedCost" order="18" />
    <link:presentationArc xlink:type="arc" xlink:arcrole="http://www.xbrl.org/2003/arcrole/parent-child" xlink:from="IncomeStatementAbstract" xlink:to="IncreaseDecreaseInLegalProceedingsProvisions" order="19" />
    <link:presentationArc xlink:type="arc" xlink:arcrole="http://www.xbrl.org/2003/arcrole/parent-child" xlink:from="IncomeStatementAbstract" xlink:to="IncreaseDecreaseProvisionsForExpectedLossesOnCommitmentsAndGuarantees" order="20" />
    <link:presentationArc xlink:type="arc" xlink:arcrole="http://www.xbrl.org/2003/arcrole/parent-child" xlink:from="IncomeStatementAbstract" xlink:to="IncreaseDecreaseInAllowanceAccountForCreditLossesOfFinancialAssets" order="21" />
    <link:presentationArc xlink:type="arc" xlink:arcrole="http://www.xbrl.org/2003/arcrole/parent-child" xlink:from="IncomeStatementAbstract" xlink:to="ImpairmentLossRecognisedInProfitOrLoss" order="22" />
    <link:presentationArc xlink:type="arc" xlink:arcrole="http://www.xbrl.org/2003/arcrole/parent-child" xlink:from="IncomeStatementAbstract" xlink:to="GainLossesOnNonCurrentAssetsHeldForSale" order="23" />
    <link:presentationArc xlink:type="arc" xlink:arcrole="http://www.xbrl.org/2003/arcrole/parent-child" xlink:from="IncomeStatementAbstract" xlink:to="ProfitLossBeforeTax" order="24" />
    <link:presentationArc xlink:type="arc" xlink:arcrole="http://www.xbrl.org/2003/arcrole/parent-child" xlink:from="IncomeStatementAbstract" xlink:to="IncomeTaxExpenseContinuingOperations" order="25" />
    <link:presentationArc xlink:type="arc" xlink:arcrole="http://www.xbrl.org/2003/arcrole/parent-child" xlink:from="IncomeStatementAbstract" xlink:to="ProfitLoss" order="26" />
  </link:presentationLink>
  <link:presentationLink xlink:type="extended" xlink:role="https://www.tatrabanka.sk/role/ComprehensiveIncome">
    <link:loc xlink:type="locator" xlink:href="http://xbrl.ifrs.org/taxonomy/2020-03-16/full_ifrs/full_ifrs-cor_2020-03-16.xsd#ifrs-full_StatementOfComprehensiveIncomeAbstract" xlink:label="StatementOfComprehensiveIncomeAbstract" />
    <link:loc xlink:type="locator" xlink:href="http://xbrl.ifrs.org/taxonomy/2020-03-16/full_ifrs/full_ifrs-cor_2020-03-16.xsd#ifrs-full_ComprehensiveIncome" xlink:label="ComprehensiveIncome" />
    <link:loc xlink:type="locator" xlink:href="http://xbrl.ifrs.org/taxonomy/2020-03-16/full_ifrs/full_ifrs-cor_2020-03-16.xsd#ifrs-full_OtherComprehensiveIncome" xlink:label="OtherComprehensiveIncome" />
    <link:loc xlink:type="locator" xlink:href="http://xbrl.ifrs.org/taxonomy/2020-03-16/full_ifrs/full_ifrs-cor_2020-03-16.xsd#ifrs-full_OtherComprehensiveIncomeThatWillNotBeReclassifiedToProfitOrLossNetOfTax" xlink:label="OtherComprehensiveIncomeThatWillNotBeReclassifiedToProfitOrLossNetOfTax" />
    <link:loc xlink:type="locator" xlink:href="http://xbrl.ifrs.org/taxonomy/2020-03-16/full_ifrs/full_ifrs-cor_2020-03-16.xsd#ifrs-full_IncomeTaxRelatingToComponentsOfOtherComprehensiveIncomeThatWillNotBeReclassifiedToProfitOrLoss" xlink:label="IncomeTaxRelatingToComponentsOfOtherComprehensiveIncomeThatWillNotBeReclassifiedToProfitOrLoss" />
    <link:loc xlink:type="locator" xlink:href="http://xbrl.ifrs.org/taxonomy/2020-03-16/full_ifrs/full_ifrs-cor_2020-03-16.xsd#ifrs-full_OtherComprehensiveIncomeBeforeTaxGainsLossesFromInvestmentsInEquityInstruments" xlink:label="OtherComprehensiveIncomeBeforeTaxGainsLossesFromInvestmentsInEquityInstruments" />
    <link:loc xlink:type="locator" xlink:href="http://xbrl.ifrs.org/taxonomy/2020-03-16/full_ifrs/full_ifrs-cor_2020-03-16.xsd#ifrs-full_OtherComprehensiveIncomeThatWillBeReclassifiedToProfitOrLossNetOfTax" xlink:label="OtherComprehensiveIncomeThatWillBeReclassifiedToProfitOrLossNetOfTax" />
    <link:loc xlink:type="locator" xlink:href="http://xbrl.ifrs.org/taxonomy/2020-03-16/full_ifrs/full_ifrs-cor_2020-03-16.xsd#ifrs-full_IncomeTaxRelatingToComponentsOfOtherComprehensiveIncomeThatWillBeReclassifiedToProfitOrLoss" xlink:label="IncomeTaxRelatingToComponentsOfOtherComprehensiveIncomeThatWillBeReclassifiedToProfitOrLoss" />
    <link:loc xlink:type="locator" xlink:href="http://xbrl.ifrs.org/taxonomy/2020-03-16/full_ifrs/full_ifrs-cor_2020-03-16.xsd#ifrs-full_GainsLossesOnCashFlowHedgesBeforeTax" xlink:label="GainsLossesOnCashFlowHedgesBeforeTax" />
    <link:loc xlink:type="locator" xlink:href="http://xbrl.ifrs.org/taxonomy/2020-03-16/full_ifrs/full_ifrs-cor_2020-03-16.xsd#ifrs-full_GainsLossesOnFinancialAssetsMeasuredAtFairValueThroughOtherComprehensiveIncomeBeforeTax" xlink:label="GainsLossesOnFinancialAssetsMeasuredAtFairValueThroughOtherComprehensiveIncomeBeforeTax" />
    <link:presentationArc xlink:type="arc" xlink:arcrole="http://www.xbrl.org/2003/arcrole/parent-child" xlink:from="StatementOfComprehensiveIncomeAbstract" xlink:to="GainsLossesOnFinancialAssetsMeasuredAtFairValueThroughOtherComprehensiveIncomeBeforeTax" order="1" />
    <link:presentationArc xlink:type="arc" xlink:arcrole="http://www.xbrl.org/2003/arcrole/parent-child" xlink:from="StatementOfComprehensiveIncomeAbstract" xlink:to="GainsLossesOnCashFlowHedgesBeforeTax" order="2" />
    <link:presentationArc xlink:type="arc" xlink:arcrole="http://www.xbrl.org/2003/arcrole/parent-child" xlink:from="StatementOfComprehensiveIncomeAbstract" xlink:to="IncomeTaxRelatingToComponentsOfOtherComprehensiveIncomeThatWillBeReclassifiedToProfitOrLoss" order="3" />
    <link:presentationArc xlink:type="arc" xlink:arcrole="http://www.xbrl.org/2003/arcrole/parent-child" xlink:from="StatementOfComprehensiveIncomeAbstract" xlink:to="OtherComprehensiveIncomeThatWillBeReclassifiedToProfitOrLossNetOfTax" order="4" />
    <link:presentationArc xlink:type="arc" xlink:arcrole="http://www.xbrl.org/2003/arcrole/parent-child" xlink:from="StatementOfComprehensiveIncomeAbstract" xlink:to="OtherComprehensiveIncomeBeforeTaxGainsLossesFromInvestmentsInEquityInstruments" order="5" />
    <link:presentationArc xlink:type="arc" xlink:arcrole="http://www.xbrl.org/2003/arcrole/parent-child" xlink:from="StatementOfComprehensiveIncomeAbstract" xlink:to="IncomeTaxRelatingToComponentsOfOtherComprehensiveIncomeThatWillNotBeReclassifiedToProfitOrLoss" order="6" />
    <link:presentationArc xlink:type="arc" xlink:arcrole="http://www.xbrl.org/2003/arcrole/parent-child" xlink:from="StatementOfComprehensiveIncomeAbstract" xlink:to="OtherComprehensiveIncomeThatWillNotBeReclassifiedToProfitOrLossNetOfTax" order="7" />
    <link:presentationArc xlink:type="arc" xlink:arcrole="http://www.xbrl.org/2003/arcrole/parent-child" xlink:from="StatementOfComprehensiveIncomeAbstract" xlink:to="OtherComprehensiveIncome" order="8" />
    <link:presentationArc xlink:type="arc" xlink:arcrole="http://www.xbrl.org/2003/arcrole/parent-child" xlink:from="StatementOfComprehensiveIncomeAbstract" xlink:to="ComprehensiveIncome" order="9" />
  </link:presentationLink>
  <link:presentationLink xlink:type="extended" xlink:role="https://www.tatrabanka.sk/role/Earningspershare">
    <link:loc xlink:type="locator" xlink:href="http://xbrl.ifrs.org/taxonomy/2020-03-16/full_ifrs/full_ifrs-cor_2020-03-16.xsd#ifrs-full_BasicAndDilutedEarningsPerShareAbstract" xlink:label="BasicAndDilutedEarningsPerShareAbstract" />
    <link:loc xlink:type="locator" xlink:href="3157002JBFAI478MD587-2021-12-31.xsd#Tatra_BasicAndDilutedEarningsLossNominalValue4EurPerPreferenceShare" xlink:label="BasicAndDilutedEarningsLossNominalValue4EurPerPreferenceShare" />
    <link:loc xlink:type="locator" xlink:href="3157002JBFAI478MD587-2021-12-31.xsd#Tatra_BasicAndDilutedEarningsLossNominalValue4000EurPerOrdinaryShare" xlink:label="BasicAndDilutedEarningsLossNominalValue4000EurPerOrdinaryShare" />
    <link:loc xlink:type="locator" xlink:href="3157002JBFAI478MD587-2021-12-31.xsd#Tatra_BasicAndDilutedEarningsLossNominalValue800EurPerOrdinaryShare" xlink:label="BasicAndDilutedEarningsLossNominalValue800EurPerOrdinaryShare" />
    <link:presentationArc xlink:type="arc" xlink:arcrole="http://www.xbrl.org/2003/arcrole/parent-child" xlink:from="BasicAndDilutedEarningsPerShareAbstract" xlink:to="BasicAndDilutedEarningsLossNominalValue800EurPerOrdinaryShare" order="1" />
    <link:presentationArc xlink:type="arc" xlink:arcrole="http://www.xbrl.org/2003/arcrole/parent-child" xlink:from="BasicAndDilutedEarningsPerShareAbstract" xlink:to="BasicAndDilutedEarningsLossNominalValue4000EurPerOrdinaryShare" order="2" />
    <link:presentationArc xlink:type="arc" xlink:arcrole="http://www.xbrl.org/2003/arcrole/parent-child" xlink:from="BasicAndDilutedEarningsPerShareAbstract" xlink:to="BasicAndDilutedEarningsLossNominalValue4EurPerPreferenceShare" order="3" />
  </link:presentationLink>
  <link:presentationLink xlink:type="extended" xlink:role="https://www.tatrabanka.sk/role/BalanceSheet">
    <link:loc xlink:type="locator" xlink:href="http://xbrl.ifrs.org/taxonomy/2020-03-16/full_ifrs/full_ifrs-cor_2020-03-16.xsd#ifrs-full_StatementOfFinancialPositionAbstract" xlink:label="StatementOfFinancialPositionAbstract" />
    <link:loc xlink:type="locator" xlink:href="http://xbrl.ifrs.org/taxonomy/2020-03-16/full_ifrs/full_ifrs-cor_2020-03-16.xsd#ifrs-full_EquityAndLiabilitiesAbstract" xlink:label="EquityAndLiabilitiesAbstract" />
    <link:loc xlink:type="locator" xlink:href="http://xbrl.ifrs.org/taxonomy/2020-03-16/full_ifrs/full_ifrs-cor_2020-03-16.xsd#ifrs-full_EquityAndLiabilities" xlink:label="EquityAndLiabilities" />
    <link:loc xlink:type="locator" xlink:href="http://xbrl.ifrs.org/taxonomy/2020-03-16/full_ifrs/full_ifrs-cor_2020-03-16.xsd#ifrs-full_EquityAbstract" xlink:label="EquityAbstract" />
    <link:loc xlink:type="locator" xlink:href="http://xbrl.ifrs.org/taxonomy/2020-03-16/full_ifrs/full_ifrs-cor_2020-03-16.xsd#ifrs-full_Equity" xlink:label="Equity" />
    <link:loc xlink:type="locator" xlink:href="3157002JBFAI478MD587-2021-12-31.xsd#Tatra_ProfitOrLossForReportingPeriod" xlink:label="ProfitOrLossForReportingPeriod" />
    <link:loc xlink:type="locator" xlink:href="3157002JBFAI478MD587-2021-12-31.xsd#Tatra_EquityExcludingProfitLossForReportingPeriod" xlink:label="EquityExcludingProfitLossForReportingPeriod" />
    <link:loc xlink:type="locator" xlink:href="http://xbrl.ifrs.org/taxonomy/2020-03-16/full_ifrs/full_ifrs-cor_2020-03-16.xsd#ifrs-full_LiabilitiesAbstract" xlink:label="LiabilitiesAbstract" />
    <link:loc xlink:type="locator" xlink:href="http://xbrl.ifrs.org/taxonomy/2020-03-16/full_ifrs/full_ifrs-cor_2020-03-16.xsd#ifrs-full_Liabilities" xlink:label="Liabilities" />
    <link:loc xlink:type="locator" xlink:href="http://xbrl.ifrs.org/taxonomy/2020-03-16/full_ifrs/full_ifrs-cor_2020-03-16.xsd#ifrs-full_OtherLiabilities" xlink:label="OtherLiabilities" />
    <link:loc xlink:type="locator" xlink:href="http://xbrl.ifrs.org/taxonomy/2020-03-16/full_ifrs/full_ifrs-cor_2020-03-16.xsd#ifrs-full_DeferredTaxLiabilities" xlink:label="DeferredTaxLiabilities" />
    <link:loc xlink:type="locator" xlink:href="http://xbrl.ifrs.org/taxonomy/2020-03-16/full_ifrs/full_ifrs-cor_2020-03-16.xsd#ifrs-full_CurrentTaxLiabilities" xlink:label="CurrentTaxLiabilities" />
    <link:loc xlink:type="locator" xlink:href="http://xbrl.ifrs.org/taxonomy/2020-03-16/full_ifrs/full_ifrs-cor_2020-03-16.xsd#ifrs-full_Provisions" xlink:label="Provisions" />
    <link:loc xlink:type="locator" xlink:href="http://xbrl.ifrs.org/taxonomy/2020-03-16/full_ifrs/full_ifrs-cor_2020-03-16.xsd#ifrs-full_AccumulatedFairValueHedgeAdjustmentOnHedgedItemIncludedInCarryingAmountLiabilities" xlink:label="AccumulatedFairValueHedgeAdjustmentOnHedgedItemIncludedInCarryingAmountLiabilities" />
    <link:loc xlink:type="locator" xlink:href="http://xbrl.ifrs.org/taxonomy/2020-03-16/full_ifrs/full_ifrs-cor_2020-03-16.xsd#ifrs-full_DerivativeFinancialLiabilitiesHeldForHedging" xlink:label="DerivativeFinancialLiabilitiesHeldForHedging" />
    <link:loc xlink:type="locator" xlink:href="http://xbrl.ifrs.org/taxonomy/2020-03-16/full_ifrs/full_ifrs-cor_2020-03-16.xsd#ifrs-full_FinancialLiabilitiesAtAmortisedCost" xlink:label="FinancialLiabilitiesAtAmortisedCost" />
    <link:loc xlink:type="locator" xlink:href="http://xbrl.ifrs.org/taxonomy/2020-03-16/full_ifrs/full_ifrs-cor_2020-03-16.xsd#ifrs-full_FinancialLiabilitiesAtFairValueThroughProfitOrLossClassifiedAsHeldForTrading" xlink:label="FinancialLiabilitiesAtFairValueThroughProfitOrLossClassifiedAsHeldForTrading" />
    <link:loc xlink:type="locator" xlink:href="http://xbrl.ifrs.org/taxonomy/2020-03-16/full_ifrs/full_ifrs-cor_2020-03-16.xsd#ifrs-full_AssetsAbstract" xlink:label="AssetsAbstract" />
    <link:loc xlink:type="locator" xlink:href="http://xbrl.ifrs.org/taxonomy/2020-03-16/full_ifrs/full_ifrs-cor_2020-03-16.xsd#ifrs-full_Assets" xlink:label="Assets" />
    <link:loc xlink:type="locator" xlink:href="http://xbrl.ifrs.org/taxonomy/2020-03-16/full_ifrs/full_ifrs-cor_2020-03-16.xsd#ifrs-full_NoncurrentAssetsOrDisposalGroupsClassifiedAsHeldForSale" xlink:label="NoncurrentAssetsOrDisposalGroupsClassifiedAsHeldForSale" />
    <link:loc xlink:type="locator" xlink:href="http://xbrl.ifrs.org/taxonomy/2020-03-16/full_ifrs/full_ifrs-cor_2020-03-16.xsd#ifrs-full_OtherAssets" xlink:label="OtherAssets" />
    <link:loc xlink:type="locator" xlink:href="http://xbrl.ifrs.org/taxonomy/2020-03-16/full_ifrs/full_ifrs-cor_2020-03-16.xsd#ifrs-full_DeferredTaxAssets" xlink:label="DeferredTaxAssets" />
    <link:loc xlink:type="locator" xlink:href="http://xbrl.ifrs.org/taxonomy/2020-03-16/full_ifrs/full_ifrs-cor_2020-03-16.xsd#ifrs-full_CurrentTaxAssets" xlink:label="CurrentTaxAssets" />
    <link:loc xlink:type="locator" xlink:href="http://xbrl.ifrs.org/taxonomy/2020-03-16/full_ifrs/full_ifrs-cor_2020-03-16.xsd#ifrs-full_IntangibleAssetsAndGoodwill" xlink:label="IntangibleAssetsAndGoodwill" />
    <link:loc xlink:type="locator" xlink:href="http://xbrl.ifrs.org/taxonomy/2020-03-16/full_ifrs/full_ifrs-cor_2020-03-16.xsd#ifrs-full_InvestmentProperty" xlink:label="InvestmentProperty" />
    <link:loc xlink:type="locator" xlink:href="http://xbrl.ifrs.org/taxonomy/2020-03-16/full_ifrs/full_ifrs-cor_2020-03-16.xsd#ifrs-full_PropertyPlantAndEquipment" xlink:label="PropertyPlantAndEquipment" />
    <link:loc xlink:type="locator" xlink:href="http://xbrl.ifrs.org/taxonomy/2020-03-16/full_ifrs/full_ifrs-cor_2020-03-16.xsd#ifrs-full_AccumulatedFairValueHedgeAdjustmentOnHedgedItemIncludedInCarryingAmountAssets" xlink:label="AccumulatedFairValueHedgeAdjustmentOnHedgedItemIncludedInCarryingAmountAssets" />
    <link:loc xlink:type="locator" xlink:href="http://xbrl.ifrs.org/taxonomy/2020-03-16/full_ifrs/full_ifrs-cor_2020-03-16.xsd#ifrs-full_DerivativeFinancialAssetsHeldForHedging" xlink:label="DerivativeFinancialAssetsHeldForHedging" />
    <link:loc xlink:type="locator" xlink:href="http://xbrl.ifrs.org/taxonomy/2020-03-16/full_ifrs/full_ifrs-cor_2020-03-16.xsd#ifrs-full_FinancialAssetsAtAmortisedCost" xlink:label="FinancialAssetsAtAmortisedCost" />
    <link:loc xlink:type="locator" xlink:href="http://xbrl.ifrs.org/taxonomy/2020-03-16/full_ifrs/full_ifrs-cor_2020-03-16.xsd#ifrs-full_FinancialAssetsMeasuredAtFairValueThroughOtherComprehensiveIncome" xlink:label="FinancialAssetsMeasuredAtFairValueThroughOtherComprehensiveIncome" />
    <link:loc xlink:type="locator" xlink:href="http://xbrl.ifrs.org/taxonomy/2020-03-16/full_ifrs/full_ifrs-cor_2020-03-16.xsd#ifrs-full_FinancialAssetsAtFairValueThroughProfitOrLossMandatorilyMeasuredAtFairValue" xlink:label="FinancialAssetsAtFairValueThroughProfitOrLossMandatorilyMeasuredAtFairValue" />
    <link:loc xlink:type="locator" xlink:href="http://xbrl.ifrs.org/taxonomy/2020-03-16/full_ifrs/full_ifrs-cor_2020-03-16.xsd#ifrs-full_FinancialAssetsAtFairValueThroughProfitOrLossClassifiedAsHeldForTrading" xlink:label="FinancialAssetsAtFairValueThroughProfitOrLossClassifiedAsHeldForTrading" />
    <link:loc xlink:type="locator" xlink:href="http://xbrl.ifrs.org/taxonomy/2020-03-16/full_ifrs/full_ifrs-cor_2020-03-16.xsd#ifrs-full_CashAndBankBalancesAtCentralBanks" xlink:label="CashAndBankBalancesAtCentralBanks" />
    <link:loc xlink:type="locator" xlink:href="http://xbrl.ifrs.org/taxonomy/2020-03-16/full_ifrs/full_ifrs-cor_2020-03-16.xsd#ifrs-full_CashAndCashEquivalents" xlink:label="CashAndCashEquivalents" />
    <link:presentationArc xlink:type="arc" xlink:arcrole="http://www.xbrl.org/2003/arcrole/parent-child" xlink:from="StatementOfFinancialPositionAbstract" xlink:to="AssetsAbstract" order="1" />
    <link:presentationArc xlink:type="arc" xlink:arcrole="http://www.xbrl.org/2003/arcrole/parent-child" xlink:from="StatementOfFinancialPositionAbstract" xlink:to="EquityAndLiabilitiesAbstract" order="2" />
    <link:presentationArc xlink:type="arc" xlink:arcrole="http://www.xbrl.org/2003/arcrole/parent-child" xlink:from="EquityAndLiabilitiesAbstract" xlink:to="LiabilitiesAbstract" order="1" />
    <link:presentationArc xlink:type="arc" xlink:arcrole="http://www.xbrl.org/2003/arcrole/parent-child" xlink:from="EquityAndLiabilitiesAbstract" xlink:to="EquityAbstract" order="2" />
    <link:presentationArc xlink:type="arc" xlink:arcrole="http://www.xbrl.org/2003/arcrole/parent-child" xlink:from="EquityAndLiabilitiesAbstract" xlink:to="EquityAndLiabilities" order="3" />
    <link:presentationArc xlink:type="arc" xlink:arcrole="http://www.xbrl.org/2003/arcrole/parent-child" xlink:from="EquityAbstract" xlink:to="EquityExcludingProfitLossForReportingPeriod" order="1" />
    <link:presentationArc xlink:type="arc" xlink:arcrole="http://www.xbrl.org/2003/arcrole/parent-child" xlink:from="EquityAbstract" xlink:to="ProfitOrLossForReportingPeriod" order="2" />
    <link:presentationArc xlink:type="arc" xlink:arcrole="http://www.xbrl.org/2003/arcrole/parent-child" xlink:from="EquityAbstract" xlink:to="Equity" order="3" />
    <link:presentationArc xlink:type="arc" xlink:arcrole="http://www.xbrl.org/2003/arcrole/parent-child" xlink:from="LiabilitiesAbstract" xlink:to="FinancialLiabilitiesAtFairValueThroughProfitOrLossClassifiedAsHeldForTrading" order="1" />
    <link:presentationArc xlink:type="arc" xlink:arcrole="http://www.xbrl.org/2003/arcrole/parent-child" xlink:from="LiabilitiesAbstract" xlink:to="FinancialLiabilitiesAtAmortisedCost" order="2" />
    <link:presentationArc xlink:type="arc" xlink:arcrole="http://www.xbrl.org/2003/arcrole/parent-child" xlink:from="LiabilitiesAbstract" xlink:to="DerivativeFinancialLiabilitiesHeldForHedging" order="3" />
    <link:presentationArc xlink:type="arc" xlink:arcrole="http://www.xbrl.org/2003/arcrole/parent-child" xlink:from="LiabilitiesAbstract" xlink:to="AccumulatedFairValueHedgeAdjustmentOnHedgedItemIncludedInCarryingAmountLiabilities" order="4" />
    <link:presentationArc xlink:type="arc" xlink:arcrole="http://www.xbrl.org/2003/arcrole/parent-child" xlink:from="LiabilitiesAbstract" xlink:to="Provisions" order="5" />
    <link:presentationArc xlink:type="arc" xlink:arcrole="http://www.xbrl.org/2003/arcrole/parent-child" xlink:from="LiabilitiesAbstract" xlink:to="CurrentTaxLiabilities" order="6" />
    <link:presentationArc xlink:type="arc" xlink:arcrole="http://www.xbrl.org/2003/arcrole/parent-child" xlink:from="LiabilitiesAbstract" xlink:to="DeferredTaxLiabilities" order="7" />
    <link:presentationArc xlink:type="arc" xlink:arcrole="http://www.xbrl.org/2003/arcrole/parent-child" xlink:from="LiabilitiesAbstract" xlink:to="OtherLiabilities" order="8" />
    <link:presentationArc xlink:type="arc" xlink:arcrole="http://www.xbrl.org/2003/arcrole/parent-child" xlink:from="LiabilitiesAbstract" xlink:to="Liabilities" order="9" />
    <link:presentationArc xlink:type="arc" xlink:arcrole="http://www.xbrl.org/2003/arcrole/parent-child" xlink:from="AssetsAbstract" xlink:to="CashAndCashEquivalents" order="1" />
    <link:presentationArc xlink:type="arc" xlink:arcrole="http://www.xbrl.org/2003/arcrole/parent-child" xlink:from="AssetsAbstract" xlink:to="CashAndBankBalancesAtCentralBanks" order="2" />
    <link:presentationArc xlink:type="arc" xlink:arcrole="http://www.xbrl.org/2003/arcrole/parent-child" xlink:from="AssetsAbstract" xlink:to="FinancialAssetsAtFairValueThroughProfitOrLossClassifiedAsHeldForTrading" order="3" />
    <link:presentationArc xlink:type="arc" xlink:arcrole="http://www.xbrl.org/2003/arcrole/parent-child" xlink:from="AssetsAbstract" xlink:to="FinancialAssetsAtFairValueThroughProfitOrLossMandatorilyMeasuredAtFairValue" order="4" />
    <link:presentationArc xlink:type="arc" xlink:arcrole="http://www.xbrl.org/2003/arcrole/parent-child" xlink:from="AssetsAbstract" xlink:to="FinancialAssetsMeasuredAtFairValueThroughOtherComprehensiveIncome" order="5" />
    <link:presentationArc xlink:type="arc" xlink:arcrole="http://www.xbrl.org/2003/arcrole/parent-child" xlink:from="AssetsAbstract" xlink:to="FinancialAssetsAtAmortisedCost" order="6" />
    <link:presentationArc xlink:type="arc" xlink:arcrole="http://www.xbrl.org/2003/arcrole/parent-child" xlink:from="AssetsAbstract" xlink:to="DerivativeFinancialAssetsHeldForHedging" order="7" />
    <link:presentationArc xlink:type="arc" xlink:arcrole="http://www.xbrl.org/2003/arcrole/parent-child" xlink:from="AssetsAbstract" xlink:to="AccumulatedFairValueHedgeAdjustmentOnHedgedItemIncludedInCarryingAmountAssets" order="8" />
    <link:presentationArc xlink:type="arc" xlink:arcrole="http://www.xbrl.org/2003/arcrole/parent-child" xlink:from="AssetsAbstract" xlink:to="PropertyPlantAndEquipment" order="9" />
    <link:presentationArc xlink:type="arc" xlink:arcrole="http://www.xbrl.org/2003/arcrole/parent-child" xlink:from="AssetsAbstract" xlink:to="InvestmentProperty" order="10" />
    <link:presentationArc xlink:type="arc" xlink:arcrole="http://www.xbrl.org/2003/arcrole/parent-child" xlink:from="AssetsAbstract" xlink:to="IntangibleAssetsAndGoodwill" order="11" />
    <link:presentationArc xlink:type="arc" xlink:arcrole="http://www.xbrl.org/2003/arcrole/parent-child" xlink:from="AssetsAbstract" xlink:to="CurrentTaxAssets" order="12" />
    <link:presentationArc xlink:type="arc" xlink:arcrole="http://www.xbrl.org/2003/arcrole/parent-child" xlink:from="AssetsAbstract" xlink:to="DeferredTaxAssets" order="13" />
    <link:presentationArc xlink:type="arc" xlink:arcrole="http://www.xbrl.org/2003/arcrole/parent-child" xlink:from="AssetsAbstract" xlink:to="OtherAssets" order="14" />
    <link:presentationArc xlink:type="arc" xlink:arcrole="http://www.xbrl.org/2003/arcrole/parent-child" xlink:from="AssetsAbstract" xlink:to="NoncurrentAssetsOrDisposalGroupsClassifiedAsHeldForSale" order="15" />
    <link:presentationArc xlink:type="arc" xlink:arcrole="http://www.xbrl.org/2003/arcrole/parent-child" xlink:from="AssetsAbstract" xlink:to="Assets" order="16" />
  </link:presentationLink>
  <link:presentationLink xlink:type="extended" xlink:role="https://www.tatrabanka.sk/role/ChangesinEquity">
    <link:loc xlink:type="locator" xlink:href="http://xbrl.ifrs.org/taxonomy/2020-03-16/full_ifrs/full_ifrs-cor_2020-03-16.xsd#ifrs-full_StatementOfChangesInEquityLineItems" xlink:label="StatementOfChangesInEquityLineItems" />
    <link:loc xlink:type="locator" xlink:href="http://xbrl.ifrs.org/taxonomy/2020-03-16/full_ifrs/full_ifrs-cor_2020-03-16.xsd#ifrs-full_StatementOfChangesInEquityAbstract" xlink:label="StatementOfChangesInEquityAbstract" />
    <link:loc xlink:type="locator" xlink:href="http://xbrl.ifrs.org/taxonomy/2020-03-16/full_ifrs/full_ifrs-cor_2020-03-16.xsd#ifrs-full_StatementOfChangesInEquityTable" xlink:label="StatementOfChangesInEquityTable" />
    <link:loc xlink:type="locator" xlink:href="http://xbrl.ifrs.org/taxonomy/2020-03-16/full_ifrs/full_ifrs-cor_2020-03-16.xsd#ifrs-full_IssuedCapitalMember" xlink:label="IssuedCapitalMember" />
    <link:loc xlink:type="locator" xlink:href="3157002JBFAI478MD587-2021-12-31.xsd#Tatra_IssuedCapitalOrdinarySharesMember" xlink:label="IssuedCapitalOrdinarySharesMember" />
    <link:loc xlink:type="locator" xlink:href="http://xbrl.ifrs.org/taxonomy/2020-03-16/full_ifrs/full_ifrs-cor_2020-03-16.xsd#ifrs-full_SharePremiumMember" xlink:label="SharePremiumMember" />
    <link:loc xlink:type="locator" xlink:href="3157002JBFAI478MD587-2021-12-31.xsd#Tatra_SharePremiumOrdinarySharesMember" xlink:label="SharePremiumOrdinarySharesMember" />
    <link:loc xlink:type="locator" xlink:href="http://xbrl.ifrs.org/taxonomy/2020-03-16/full_ifrs/full_ifrs-cor_2020-03-16.xsd#ifrs-full_OtherReservesMember" xlink:label="OtherReservesMember" />
    <link:loc xlink:type="locator" xlink:href="http://xbrl.ifrs.org/taxonomy/2020-03-16/full_ifrs/full_ifrs-cor_2020-03-16.xsd#ifrs-full_ReserveOfGainsAndLossesOnFinancialAssetsMeasuredAtFairValueThroughOtherComprehensiveIncomeMember" xlink:label="ReserveOfGainsAndLossesOnFinancialAssetsMeasuredAtFairValueThroughOtherComprehensiveIncomeMember" />
    <link:loc xlink:type="locator" xlink:href="http://xbrl.ifrs.org/taxonomy/2020-03-16/full_ifrs/full_ifrs-cor_2020-03-16.xsd#ifrs-full_ReserveOfCashFlowHedgesMember" xlink:label="ReserveOfCashFlowHedgesMember" />
    <link:loc xlink:type="locator" xlink:href="3157002JBFAI478MD587-2021-12-31.xsd#Tatra_RetainedEarningsExcludingProfitLossForReportingPeriodMember" xlink:label="RetainedEarningsExcludingProfitLossForReportingPeriodMember" />
    <link:loc xlink:type="locator" xlink:href="3157002JBFAI478MD587-2021-12-31.xsd#Tatra_CapitalAt1Member" xlink:label="CapitalAt1Member" />
    <link:loc xlink:type="locator" xlink:href="3157002JBFAI478MD587-2021-12-31.xsd#Tatra_RetainedEarningsProfitLossForReportingPeriodMember" xlink:label="RetainedEarningsProfitLossForReportingPeriodMember" />
    <link:loc xlink:type="locator" xlink:href="http://xbrl.ifrs.org/taxonomy/2020-03-16/full_ifrs/full_ifrs-cor_2020-03-16.xsd#ifrs-full_ComponentsOfEquityAxis" xlink:label="ComponentsOfEquityAxis" />
    <link:loc xlink:type="locator" xlink:href="http://xbrl.ifrs.org/taxonomy/2020-03-16/full_ifrs/full_ifrs-cor_2020-03-16.xsd#ifrs-full_EquityMember" xlink:label="EquityMember" />
    <link:loc xlink:type="locator" xlink:href="http://xbrl.ifrs.org/taxonomy/2020-03-16/full_ifrs/full_ifrs-cor_2020-03-16.xsd#ifrs-full_Equity" xlink:label="Equity" />
    <link:loc xlink:type="locator" xlink:href="http://xbrl.ifrs.org/taxonomy/2020-03-16/full_ifrs/full_ifrs-cor_2020-03-16.xsd#ifrs-full_ProfitLoss" xlink:label="ProfitLoss" />
    <link:loc xlink:type="locator" xlink:href="http://xbrl.ifrs.org/taxonomy/2020-03-16/full_ifrs/full_ifrs-cor_2020-03-16.xsd#ifrs-full_GainsLossesOnFinancialAssetsMeasuredAtFairValueThroughOtherComprehensiveIncomeNetOfTax" xlink:label="GainsLossesOnFinancialAssetsMeasuredAtFairValueThroughOtherComprehensiveIncomeNetOfTax" />
    <link:loc xlink:type="locator" xlink:href="http://xbrl.ifrs.org/taxonomy/2020-03-16/full_ifrs/full_ifrs-cor_2020-03-16.xsd#ifrs-full_GainsLossesOnCashFlowHedgesNetOfTax" xlink:label="GainsLossesOnCashFlowHedgesNetOfTax" />
    <link:loc xlink:type="locator" xlink:href="http://xbrl.ifrs.org/taxonomy/2020-03-16/full_ifrs/full_ifrs-cor_2020-03-16.xsd#ifrs-full_OtherComprehensiveIncomeNetOfTaxGainsLossesFromInvestmentsInEquityInstruments" xlink:label="OtherComprehensiveIncomeNetOfTaxGainsLossesFromInvestmentsInEquityInstruments" />
    <link:loc xlink:type="locator" xlink:href="http://xbrl.ifrs.org/taxonomy/2020-03-16/full_ifrs/full_ifrs-cor_2020-03-16.xsd#ifrs-full_OtherComprehensiveIncome" xlink:label="OtherComprehensiveIncome" />
    <link:loc xlink:type="locator" xlink:href="http://xbrl.ifrs.org/taxonomy/2020-03-16/full_ifrs/full_ifrs-cor_2020-03-16.xsd#ifrs-full_ComprehensiveIncome" xlink:label="ComprehensiveIncome" />
    <link:loc xlink:type="locator" xlink:href="3157002JBFAI478MD587-2021-12-31.xsd#Tatra_TransferWithinTheComponentsOfEquity" xlink:label="TransferWithinTheComponentsOfEquity" />
    <link:loc xlink:type="locator" xlink:href="3157002JBFAI478MD587-2021-12-31.xsd#Tatra_Reclassification" xlink:label="Reclassification" />
    <link:loc xlink:type="locator" xlink:href="3157002JBFAI478MD587-2021-12-31.xsd#Tatra_ProfitDistribution" xlink:label="ProfitDistribution" />
    <link:loc xlink:type="locator" xlink:href="http://xbrl.ifrs.org/taxonomy/2020-03-16/full_ifrs/full_ifrs-cor_2020-03-16.xsd#ifrs-full_IncreaseDecreaseThroughAppropriationOfRetainedEarnings" xlink:label="IncreaseDecreaseThroughAppropriationOfRetainedEarnings" />
    <link:loc xlink:type="locator" xlink:href="3157002JBFAI478MD587-2021-12-31.xsd#Tatra_DistributionOfGainsFromAt1" xlink:label="DistributionOfGainsFromAt1" />
    <link:loc xlink:type="locator" xlink:href="http://xbrl.ifrs.org/taxonomy/2020-03-16/full_ifrs/full_ifrs-cor_2020-03-16.xsd#ifrs-full_SaleOrIssueOfTreasuryShares" xlink:label="SaleOrIssueOfTreasuryShares" />
    <link:loc xlink:type="locator" xlink:href="3157002JBFAI478MD587-2021-12-31.xsd#Tatra_SaleOfOrdinaryAndPreferenceShares" xlink:label="SaleOfOrdinaryAndPreferenceShares" />
    <link:loc xlink:type="locator" xlink:href="http://xbrl.ifrs.org/taxonomy/2020-03-16/full_ifrs/full_ifrs-cor_2020-03-16.xsd#ifrs-full_PurchaseOfTreasuryShares" xlink:label="PurchaseOfTreasuryShares" />
    <link:loc xlink:type="locator" xlink:href="http://xbrl.ifrs.org/taxonomy/2020-03-16/full_ifrs/full_ifrs-cor_2020-03-16.xsd#ifrs-full_IncreaseDecreaseThroughTransactionsWithOwners" xlink:label="IncreaseDecreaseThroughTransactionsWithOwners" />
    <link:loc xlink:type="locator" xlink:href="3157002JBFAI478MD587-2021-12-31.xsd#Tatra_DividendsRecognisedAsDistributionsToOwnersOrdinaryShares" xlink:label="DividendsRecognisedAsDistributionsToOwnersOrdinaryShares" />
    <link:loc xlink:type="locator" xlink:href="3157002JBFAI478MD587-2021-12-31.xsd#Tatra_DividendsRecognisedAsDistributionsToOwnersPreferenceShares" xlink:label="DividendsRecognisedAsDistributionsToOwnersPreferenceShares" />
    <link:presentationArc xlink:type="arc" xlink:arcrole="http://www.xbrl.org/2003/arcrole/parent-child" xlink:from="StatementOfChangesInEquityAbstract" xlink:to="StatementOfChangesInEquityTable" order="1" />
    <link:presentationArc xlink:type="arc" xlink:arcrole="http://www.xbrl.org/2003/arcrole/parent-child" xlink:from="StatementOfChangesInEquityAbstract" xlink:to="StatementOfChangesInEquityLineItems" order="2" />
    <link:presentationArc xlink:type="arc" xlink:arcrole="http://www.xbrl.org/2003/arcrole/parent-child" xlink:from="ComponentsOfEquityAxis" xlink:to="EquityMember" order="1" />
    <link:presentationArc xlink:type="arc" xlink:arcrole="http://www.xbrl.org/2003/arcrole/parent-child" xlink:from="EquityMember" xlink:to="IssuedCapitalMember" order="1" />
    <link:presentationArc xlink:type="arc" xlink:arcrole="http://www.xbrl.org/2003/arcrole/parent-child" xlink:from="EquityMember" xlink:to="IssuedCapitalOrdinarySharesMember" order="2" />
    <link:presentationArc xlink:type="arc" xlink:arcrole="http://www.xbrl.org/2003/arcrole/parent-child" xlink:from="EquityMember" xlink:to="SharePremiumMember" order="3" />
    <link:presentationArc xlink:type="arc" xlink:arcrole="http://www.xbrl.org/2003/arcrole/parent-child" xlink:from="EquityMember" xlink:to="SharePremiumOrdinarySharesMember" order="4" />
    <link:presentationArc xlink:type="arc" xlink:arcrole="http://www.xbrl.org/2003/arcrole/parent-child" xlink:from="EquityMember" xlink:to="OtherReservesMember" order="5" />
    <link:presentationArc xlink:type="arc" xlink:arcrole="http://www.xbrl.org/2003/arcrole/parent-child" xlink:from="EquityMember" xlink:to="ReserveOfGainsAndLossesOnFinancialAssetsMeasuredAtFairValueThroughOtherComprehensiveIncomeMember" order="6" />
    <link:presentationArc xlink:type="arc" xlink:arcrole="http://www.xbrl.org/2003/arcrole/parent-child" xlink:from="EquityMember" xlink:to="ReserveOfCashFlowHedgesMember" order="7" />
    <link:presentationArc xlink:type="arc" xlink:arcrole="http://www.xbrl.org/2003/arcrole/parent-child" xlink:from="EquityMember" xlink:to="RetainedEarningsExcludingProfitLossForReportingPeriodMember" order="8" />
    <link:presentationArc xlink:type="arc" xlink:arcrole="http://www.xbrl.org/2003/arcrole/parent-child" xlink:from="EquityMember" xlink:to="CapitalAt1Member" order="9" />
    <link:presentationArc xlink:type="arc" xlink:arcrole="http://www.xbrl.org/2003/arcrole/parent-child" xlink:from="EquityMember" xlink:to="RetainedEarningsProfitLossForReportingPeriodMember" order="10" />
    <link:presentationArc xlink:type="arc" xlink:arcrole="http://www.xbrl.org/2003/arcrole/parent-child" xlink:from="StatementOfChangesInEquityLineItems" xlink:to="Equity" order="1" />
    <link:presentationArc xlink:type="arc" xlink:arcrole="http://www.xbrl.org/2003/arcrole/parent-child" xlink:from="StatementOfChangesInEquityLineItems" xlink:to="ProfitLoss" order="2" />
    <link:presentationArc xlink:type="arc" xlink:arcrole="http://www.xbrl.org/2003/arcrole/parent-child" xlink:from="StatementOfChangesInEquityLineItems" xlink:to="GainsLossesOnFinancialAssetsMeasuredAtFairValueThroughOtherComprehensiveIncomeNetOfTax" order="3" />
    <link:presentationArc xlink:type="arc" xlink:arcrole="http://www.xbrl.org/2003/arcrole/parent-child" xlink:from="StatementOfChangesInEquityLineItems" xlink:to="GainsLossesOnCashFlowHedgesNetOfTax" order="4" />
    <link:presentationArc xlink:type="arc" xlink:arcrole="http://www.xbrl.org/2003/arcrole/parent-child" xlink:from="StatementOfChangesInEquityLineItems" xlink:to="OtherComprehensiveIncomeNetOfTaxGainsLossesFromInvestmentsInEquityInstruments" order="5" />
    <link:presentationArc xlink:type="arc" xlink:arcrole="http://www.xbrl.org/2003/arcrole/parent-child" xlink:from="StatementOfChangesInEquityLineItems" xlink:to="OtherComprehensiveIncome" order="6" />
    <link:presentationArc xlink:type="arc" xlink:arcrole="http://www.xbrl.org/2003/arcrole/parent-child" xlink:from="StatementOfChangesInEquityLineItems" xlink:to="ComprehensiveIncome" order="7" />
    <link:presentationArc xlink:type="arc" xlink:arcrole="http://www.xbrl.org/2003/arcrole/parent-child" xlink:from="StatementOfChangesInEquityLineItems" xlink:to="TransferWithinTheComponentsOfEquity" order="8" />
    <link:presentationArc xlink:type="arc" xlink:arcrole="http://www.xbrl.org/2003/arcrole/parent-child" xlink:from="StatementOfChangesInEquityLineItems" xlink:to="Reclassification" order="9" />
    <link:presentationArc xlink:type="arc" xlink:arcrole="http://www.xbrl.org/2003/arcrole/parent-child" xlink:from="StatementOfChangesInEquityLineItems" xlink:to="ProfitDistribution" order="10" />
    <link:presentationArc xlink:type="arc" xlink:arcrole="http://www.xbrl.org/2003/arcrole/parent-child" xlink:from="StatementOfChangesInEquityLineItems" xlink:to="IncreaseDecreaseThroughAppropriationOfRetainedEarnings" order="11" />
    <link:presentationArc xlink:type="arc" xlink:arcrole="http://www.xbrl.org/2003/arcrole/parent-child" xlink:from="StatementOfChangesInEquityLineItems" xlink:to="DistributionOfGainsFromAt1" order="12" />
    <link:presentationArc xlink:type="arc" xlink:arcrole="http://www.xbrl.org/2003/arcrole/parent-child" xlink:from="StatementOfChangesInEquityLineItems" xlink:to="SaleOrIssueOfTreasuryShares" order="13" />
    <link:presentationArc xlink:type="arc" xlink:arcrole="http://www.xbrl.org/2003/arcrole/parent-child" xlink:from="StatementOfChangesInEquityLineItems" xlink:to="SaleOfOrdinaryAndPreferenceShares" order="14" />
    <link:presentationArc xlink:type="arc" xlink:arcrole="http://www.xbrl.org/2003/arcrole/parent-child" xlink:from="StatementOfChangesInEquityLineItems" xlink:to="PurchaseOfTreasuryShares" order="15" />
    <link:presentationArc xlink:type="arc" xlink:arcrole="http://www.xbrl.org/2003/arcrole/parent-child" xlink:from="StatementOfChangesInEquityLineItems" xlink:to="IncreaseDecreaseThroughTransactionsWithOwners" order="16" />
    <link:presentationArc xlink:type="arc" xlink:arcrole="http://www.xbrl.org/2003/arcrole/parent-child" xlink:from="StatementOfChangesInEquityLineItems" xlink:to="DividendsRecognisedAsDistributionsToOwnersOrdinaryShares" order="17" />
    <link:presentationArc xlink:type="arc" xlink:arcrole="http://www.xbrl.org/2003/arcrole/parent-child" xlink:from="StatementOfChangesInEquityLineItems" xlink:to="DividendsRecognisedAsDistributionsToOwnersPreferenceShares" order="18" />
    <link:presentationArc xlink:type="arc" xlink:arcrole="http://www.xbrl.org/2003/arcrole/parent-child" xlink:from="StatementOfChangesInEquityTable" xlink:to="ComponentsOfEquityAxis" order="1" />
  </link:presentationLink>
  <link:presentationLink xlink:type="extended" xlink:role="https://www.tatrabanka.sk/role/CashFlow">
    <link:loc xlink:type="locator" xlink:href="http://xbrl.ifrs.org/taxonomy/2020-03-16/full_ifrs/full_ifrs-cor_2020-03-16.xsd#ifrs-full_StatementOfCashFlowsAbstract" xlink:label="StatementOfCashFlowsAbstract" />
    <link:loc xlink:type="locator" xlink:href="http://xbrl.ifrs.org/taxonomy/2020-03-16/full_ifrs/full_ifrs-cor_2020-03-16.xsd#ifrs-full_CashAndCashEquivalents" xlink:label="CashAndCashEquivalents" />
    <link:loc xlink:type="locator" xlink:href="http://xbrl.ifrs.org/taxonomy/2020-03-16/full_ifrs/full_ifrs-cor_2020-03-16.xsd#ifrs-full_IncreaseDecreaseInCashAndCashEquivalents" xlink:label="IncreaseDecreaseInCashAndCashEquivalents" />
    <link:loc xlink:type="locator" xlink:href="http://xbrl.ifrs.org/taxonomy/2020-03-16/full_ifrs/full_ifrs-cor_2020-03-16.xsd#ifrs-full_EffectOfExchangeRateChangesOnCashAndCashEquivalents" xlink:label="EffectOfExchangeRateChangesOnCashAndCashEquivalents" />
    <link:loc xlink:type="locator" xlink:href="http://xbrl.ifrs.org/taxonomy/2020-03-16/full_ifrs/full_ifrs-cor_2020-03-16.xsd#ifrs-full_CashFlowsFromUsedInFinancingActivitiesAbstract" xlink:label="CashFlowsFromUsedInFinancingActivitiesAbstract" />
    <link:loc xlink:type="locator" xlink:href="http://xbrl.ifrs.org/taxonomy/2020-03-16/full_ifrs/full_ifrs-cor_2020-03-16.xsd#ifrs-full_CashFlowsFromUsedInFinancingActivities" xlink:label="CashFlowsFromUsedInFinancingActivities" />
    <link:loc xlink:type="locator" xlink:href="http://xbrl.ifrs.org/taxonomy/2020-03-16/full_ifrs/full_ifrs-cor_2020-03-16.xsd#ifrs-full_DividendsPaidClassifiedAsFinancingActivities" xlink:label="DividendsPaidClassifiedAsFinancingActivities" />
    <link:loc xlink:type="locator" xlink:href="http://xbrl.ifrs.org/taxonomy/2020-03-16/full_ifrs/full_ifrs-cor_2020-03-16.xsd#ifrs-full_PaymentsOfLeaseLiabilitiesClassifiedAsFinancingActivities" xlink:label="PaymentsOfLeaseLiabilitiesClassifiedAsFinancingActivities" />
    <link:loc xlink:type="locator" xlink:href="http://xbrl.ifrs.org/taxonomy/2020-03-16/full_ifrs/full_ifrs-cor_2020-03-16.xsd#ifrs-full_RepaymentsOfBondsNotesAndDebentures" xlink:label="RepaymentsOfBondsNotesAndDebentures" />
    <link:loc xlink:type="locator" xlink:href="http://xbrl.ifrs.org/taxonomy/2020-03-16/full_ifrs/full_ifrs-cor_2020-03-16.xsd#ifrs-full_ProceedsFromIssueOfBondsNotesAndDebentures" xlink:label="ProceedsFromIssueOfBondsNotesAndDebentures" />
    <link:loc xlink:type="locator" xlink:href="http://xbrl.ifrs.org/taxonomy/2020-03-16/full_ifrs/full_ifrs-cor_2020-03-16.xsd#ifrs-full_RepaymentsOfSubordinatedLiabilities" xlink:label="RepaymentsOfSubordinatedLiabilities" />
    <link:loc xlink:type="locator" xlink:href="http://xbrl.ifrs.org/taxonomy/2020-03-16/full_ifrs/full_ifrs-cor_2020-03-16.xsd#ifrs-full_RepaymentsOfBorrowingsClassifiedAsFinancingActivities" xlink:label="RepaymentsOfBorrowingsClassifiedAsFinancingActivities" />
    <link:loc xlink:type="locator" xlink:href="http://xbrl.ifrs.org/taxonomy/2020-03-16/full_ifrs/full_ifrs-cor_2020-03-16.xsd#ifrs-full_ProceedsFromBorrowingsClassifiedAsFinancingActivities" xlink:label="ProceedsFromBorrowingsClassifiedAsFinancingActivities" />
    <link:loc xlink:type="locator" xlink:href="http://xbrl.ifrs.org/taxonomy/2020-03-16/full_ifrs/full_ifrs-cor_2020-03-16.xsd#ifrs-full_ProceedsFromIssueOfPreferenceShares" xlink:label="ProceedsFromIssueOfPreferenceShares" />
    <link:loc xlink:type="locator" xlink:href="http://xbrl.ifrs.org/taxonomy/2020-03-16/full_ifrs/full_ifrs-cor_2020-03-16.xsd#ifrs-full_PaymentsToAcquireOrRedeemEntitysShares" xlink:label="PaymentsToAcquireOrRedeemEntitysShares" />
    <link:loc xlink:type="locator" xlink:href="http://xbrl.ifrs.org/taxonomy/2020-03-16/full_ifrs/full_ifrs-cor_2020-03-16.xsd#ifrs-full_CashFlowsFromUsedInInvestingActivitiesAbstract" xlink:label="CashFlowsFromUsedInInvestingActivitiesAbstract" />
    <link:loc xlink:type="locator" xlink:href="http://xbrl.ifrs.org/taxonomy/2020-03-16/full_ifrs/full_ifrs-cor_2020-03-16.xsd#ifrs-full_CashFlowsFromUsedInInvestingActivities" xlink:label="CashFlowsFromUsedInInvestingActivities" />
    <link:loc xlink:type="locator" xlink:href="http://xbrl.ifrs.org/taxonomy/2020-03-16/full_ifrs/full_ifrs-cor_2020-03-16.xsd#ifrs-full_DividendsReceivedClassifiedAsInvestingActivities" xlink:label="DividendsReceivedClassifiedAsInvestingActivities" />
    <link:loc xlink:type="locator" xlink:href="http://xbrl.ifrs.org/taxonomy/2020-03-16/full_ifrs/full_ifrs-cor_2020-03-16.xsd#ifrs-full_CashFlowsUsedInObtainingControlOfSubsidiariesOrOtherBusinessesClassifiedAsInvestingActivities" xlink:label="CashFlowsUsedInObtainingControlOfSubsidiariesOrOtherBusinessesClassifiedAsInvestingActivities" />
    <link:loc xlink:type="locator" xlink:href="http://xbrl.ifrs.org/taxonomy/2020-03-16/full_ifrs/full_ifrs-cor_2020-03-16.xsd#ifrs-full_PurchaseOfPropertyPlantAndEquipmentIntangibleAssetsOtherThanGoodwillInvestmentPropertyAndOtherNoncurrentAssets" xlink:label="PurchaseOfPropertyPlantAndEquipmentIntangibleAssetsOtherThanGoodwillInvestmentPropertyAndOtherNoncurrentAssets" />
    <link:loc xlink:type="locator" xlink:href="3157002JBFAI478MD587-2021-12-31.xsd#Tatra_PurchaseOfGoodwillClassifiedAsInvestingActivities" xlink:label="PurchaseOfGoodwillClassifiedAsInvestingActivities" />
    <link:loc xlink:type="locator" xlink:href="http://xbrl.ifrs.org/taxonomy/2020-03-16/full_ifrs/full_ifrs-cor_2020-03-16.xsd#ifrs-full_ProceedsFromDisposalsOfPropertyPlantAndEquipmentIntangibleAssetsOtherThanGoodwillInvestmentPropertyAndOtherNoncurrentAssets" xlink:label="ProceedsFromDisposalsOfPropertyPlantAndEquipmentIntangibleAssetsOtherThanGoodwillInvestmentPropertyAndOtherNoncurrentAssets" />
    <link:loc xlink:type="locator" xlink:href="http://xbrl.ifrs.org/taxonomy/2020-03-16/full_ifrs/full_ifrs-cor_2020-03-16.xsd#ifrs-full_InterestReceivedClassifiedAsInvestingActivities" xlink:label="InterestReceivedClassifiedAsInvestingActivities" />
    <link:loc xlink:type="locator" xlink:href="3157002JBFAI478MD587-2021-12-31.xsd#Tatra_CashReceiptsFromSalesOfEquityOrDebtInstrumentsOfOtherEntitiesClassifiedAsInvestingActivitiesMeasuredAtFairValueThroughOtherComprehensiveIncome" xlink:label="CashReceiptsFromSalesOfEquityOrDebtInstrumentsOfOtherEntitiesClassifiedAsInvestingActivitiesMeasuredAtFairValueThroughOtherComprehensiveIncome" />
    <link:loc xlink:type="locator" xlink:href="3157002JBFAI478MD587-2021-12-31.xsd#Tatra_CashPaymentsToAcquireEquityOrDebtInstrumentsOfOtherEntitiesClassifiedAsInvestingActivitiesMeasuredAtFairValueThroughOtherComprehensiveIncome" xlink:label="CashPaymentsToAcquireEquityOrDebtInstrumentsOfOtherEntitiesClassifiedAsInvestingActivitiesMeasuredAtFairValueThroughOtherComprehensiveIncome" />
    <link:loc xlink:type="locator" xlink:href="3157002JBFAI478MD587-2021-12-31.xsd#Tatra_CashReceiptsFromSalesOfEquityOrDebtInstrumentsOfOtherEntitiesClassifiedAsInvestingActivitiesMeasuredAtAmortisedCost" xlink:label="CashReceiptsFromSalesOfEquityOrDebtInstrumentsOfOtherEntitiesClassifiedAsInvestingActivitiesMeasuredAtAmortisedCost" />
    <link:loc xlink:type="locator" xlink:href="3157002JBFAI478MD587-2021-12-31.xsd#Tatra_CashPaymentsToAcquireEquityOrDebtInstrumentsOfOtherEntitiesClassifiedAsInvestingActivitiesMeasuredAtAmortisedCost" xlink:label="CashPaymentsToAcquireEquityOrDebtInstrumentsOfOtherEntitiesClassifiedAsInvestingActivitiesMeasuredAtAmortisedCost" />
    <link:loc xlink:type="locator" xlink:href="http://xbrl.ifrs.org/taxonomy/2020-03-16/full_ifrs/full_ifrs-cor_2020-03-16.xsd#ifrs-full_CashFlowsFromUsedInOperatingActivitiesAbstract" xlink:label="CashFlowsFromUsedInOperatingActivitiesAbstract" />
    <link:loc xlink:type="locator" xlink:href="http://xbrl.ifrs.org/taxonomy/2020-03-16/full_ifrs/full_ifrs-cor_2020-03-16.xsd#ifrs-full_CashFlowsFromUsedInOperatingActivities" xlink:label="CashFlowsFromUsedInOperatingActivities" />
    <link:loc xlink:type="locator" xlink:href="http://xbrl.ifrs.org/taxonomy/2020-03-16/full_ifrs/full_ifrs-cor_2020-03-16.xsd#ifrs-full_IncomeTaxesPaidClassifiedAsOperatingActivities" xlink:label="IncomeTaxesPaidClassifiedAsOperatingActivities" />
    <link:loc xlink:type="locator" xlink:href="http://xbrl.ifrs.org/taxonomy/2020-03-16/full_ifrs/full_ifrs-cor_2020-03-16.xsd#ifrs-full_InterestReceivedClassifiedAsOperatingActivities" xlink:label="InterestReceivedClassifiedAsOperatingActivities" />
    <link:loc xlink:type="locator" xlink:href="http://xbrl.ifrs.org/taxonomy/2020-03-16/full_ifrs/full_ifrs-cor_2020-03-16.xsd#ifrs-full_InterestPaidClassifiedAsOperatingActivities" xlink:label="InterestPaidClassifiedAsOperatingActivities" />
    <link:loc xlink:type="locator" xlink:href="3157002JBFAI478MD587-2021-12-31.xsd#Tatra_CashflowsFromUsedInOperatingActivitiesBeforeInterestsAndIncomeTaxes" xlink:label="CashflowsFromUsedInOperatingActivitiesBeforeInterestsAndIncomeTaxes" />
    <link:loc xlink:type="locator" xlink:href="http://xbrl.ifrs.org/taxonomy/2020-03-16/full_ifrs/full_ifrs-cor_2020-03-16.xsd#ifrs-full_AdjustmentsForIncreaseDecreaseInOtherLiabilities" xlink:label="AdjustmentsForIncreaseDecreaseInOtherLiabilities" />
    <link:loc xlink:type="locator" xlink:href="http://xbrl.ifrs.org/taxonomy/2020-03-16/full_ifrs/full_ifrs-cor_2020-03-16.xsd#ifrs-full_AdjustmentsForIncreaseDecreaseInFinancialLiabilitiesHeldForTrading" xlink:label="AdjustmentsForIncreaseDecreaseInFinancialLiabilitiesHeldForTrading" />
    <link:loc xlink:type="locator" xlink:href="3157002JBFAI478MD587-2021-12-31.xsd#Tatra_AdjustmentsForIncreaseDecreaseInDepositsFromCustomersAndBanks" xlink:label="AdjustmentsForIncreaseDecreaseInDepositsFromCustomersAndBanks" />
    <link:loc xlink:type="locator" xlink:href="http://xbrl.ifrs.org/taxonomy/2020-03-16/full_ifrs/full_ifrs-cor_2020-03-16.xsd#ifrs-full_AdjustmentsForDecreaseIncreaseInOtherAssets" xlink:label="AdjustmentsForDecreaseIncreaseInOtherAssets" />
    <link:loc xlink:type="locator" xlink:href="3157002JBFAI478MD587-2021-12-31.xsd#Tatra_AdjustmentsForDecreaseIncreaseInFinancialAssetsAtFairValueThroughProfitOrLossMandatorilyMeasuredAtFairValue" xlink:label="AdjustmentsForDecreaseIncreaseInFinancialAssetsAtFairValueThroughProfitOrLossMandatorilyMeasuredAtFairValue" />
    <link:loc xlink:type="locator" xlink:href="http://xbrl.ifrs.org/taxonomy/2020-03-16/full_ifrs/full_ifrs-cor_2020-03-16.xsd#ifrs-full_AdjustmentsForDecreaseIncreaseInFinancialAssetsHeldForTrading" xlink:label="AdjustmentsForDecreaseIncreaseInFinancialAssetsHeldForTrading" />
    <link:loc xlink:type="locator" xlink:href="3157002JBFAI478MD587-2021-12-31.xsd#Tatra_AdjustmentsForDecreaseIncreaseInLoansAndAdvancesToBanksAndCustomers" xlink:label="AdjustmentsForDecreaseIncreaseInLoansAndAdvancesToBanksAndCustomers" />
    <link:loc xlink:type="locator" xlink:href="http://xbrl.ifrs.org/taxonomy/2020-03-16/full_ifrs/full_ifrs-cor_2020-03-16.xsd#ifrs-full_AdjustmentsForProvisions" xlink:label="AdjustmentsForProvisions" />
    <link:loc xlink:type="locator" xlink:href="http://xbrl.ifrs.org/taxonomy/2020-03-16/full_ifrs/full_ifrs-cor_2020-03-16.xsd#ifrs-full_CashFlowsFromUsedInOperationsBeforeChangesInWorkingCapital" xlink:label="CashFlowsFromUsedInOperationsBeforeChangesInWorkingCapital" />
    <link:loc xlink:type="locator" xlink:href="http://xbrl.ifrs.org/taxonomy/2020-03-16/full_ifrs/full_ifrs-cor_2020-03-16.xsd#ifrs-full_AdjustmentsForReconcileProfitLossAbstract" xlink:label="AdjustmentsForReconcileProfitLossAbstract" />
    <link:loc xlink:type="locator" xlink:href="http://xbrl.ifrs.org/taxonomy/2020-03-16/full_ifrs/full_ifrs-cor_2020-03-16.xsd#ifrs-full_AdjustmentsForUnrealisedForeignExchangeLossesGains" xlink:label="AdjustmentsForUnrealisedForeignExchangeLossesGains" />
    <link:loc xlink:type="locator" xlink:href="3157002JBFAI478MD587-2021-12-31.xsd#Tatra_AdjustmentsForDecreaseIncreaseInTangibleAssets" xlink:label="AdjustmentsForDecreaseIncreaseInTangibleAssets" />
    <link:loc xlink:type="locator" xlink:href="http://xbrl.ifrs.org/taxonomy/2020-03-16/full_ifrs/full_ifrs-cor_2020-03-16.xsd#ifrs-full_AdjustmentsForDepreciationAndAmortisationExpense" xlink:label="AdjustmentsForDepreciationAndAmortisationExpense" />
    <link:loc xlink:type="locator" xlink:href="3157002JBFAI478MD587-2021-12-31.xsd#Tatra_AdjustmentsForFairValueGainsLossesOnFinancialAssetsMeasuredAtFairValueThroughOtherComprehensiveIncomeNetOfTax" xlink:label="AdjustmentsForFairValueGainsLossesOnFinancialAssetsMeasuredAtFairValueThroughOtherComprehensiveIncomeNetOfTax" />
    <link:loc xlink:type="locator" xlink:href="http://xbrl.ifrs.org/taxonomy/2020-03-16/full_ifrs/full_ifrs-cor_2020-03-16.xsd#ifrs-full_AdjustmentsForGainsLossesOnChangeInFairValueOfDerivatives" xlink:label="AdjustmentsForGainsLossesOnChangeInFairValueOfDerivatives" />
    <link:loc xlink:type="locator" xlink:href="3157002JBFAI478MD587-2021-12-31.xsd#Tatra_AdjustmentsForGainsLossesOnFinancialAssetsAtFairValueThroughProfitOrLossMandatorilyMeasuredAtFairValue" xlink:label="AdjustmentsForGainsLossesOnFinancialAssetsAtFairValueThroughProfitOrLossMandatorilyMeasuredAtFairValue" />
    <link:loc xlink:type="locator" xlink:href="3157002JBFAI478MD587-2021-12-31.xsd#Tatra_AdjustmentsForGainsLossesOnChangeInFairValueOfDerivativesAndFinancialAssetsHeldForTrading" xlink:label="AdjustmentsForGainsLossesOnChangeInFairValueOfDerivativesAndFinancialAssetsHeldForTrading" />
    <link:loc xlink:type="locator" xlink:href="3157002JBFAI478MD587-2021-12-31.xsd#Tatra_AdjustmentsForLossesGainsOnDisposalOfNoncurrentAssetsHeldForSale" xlink:label="AdjustmentsForLossesGainsOnDisposalOfNoncurrentAssetsHeldForSale" />
    <link:loc xlink:type="locator" xlink:href="http://xbrl.ifrs.org/taxonomy/2020-03-16/full_ifrs/full_ifrs-cor_2020-03-16.xsd#ifrs-full_AdjustmentsForGainLossOnDisposalsPropertyPlantAndEquipment" xlink:label="AdjustmentsForGainLossOnDisposalsPropertyPlantAndEquipment" />
    <link:loc xlink:type="locator" xlink:href="http://xbrl.ifrs.org/taxonomy/2020-03-16/full_ifrs/full_ifrs-cor_2020-03-16.xsd#ifrs-full_OtherAdjustmentsForNoncashItems" xlink:label="OtherAdjustmentsForNoncashItems" />
    <link:loc xlink:type="locator" xlink:href="http://xbrl.ifrs.org/taxonomy/2020-03-16/full_ifrs/full_ifrs-cor_2020-03-16.xsd#ifrs-full_AdjustmentsForDividendIncome" xlink:label="AdjustmentsForDividendIncome" />
    <link:loc xlink:type="locator" xlink:href="http://xbrl.ifrs.org/taxonomy/2020-03-16/full_ifrs/full_ifrs-cor_2020-03-16.xsd#ifrs-full_AdjustmentsForInterestIncome" xlink:label="AdjustmentsForInterestIncome" />
    <link:loc xlink:type="locator" xlink:href="http://xbrl.ifrs.org/taxonomy/2020-03-16/full_ifrs/full_ifrs-cor_2020-03-16.xsd#ifrs-full_AdjustmentsForInterestExpense" xlink:label="AdjustmentsForInterestExpense" />
    <link:loc xlink:type="locator" xlink:href="http://xbrl.ifrs.org/taxonomy/2020-03-16/full_ifrs/full_ifrs-cor_2020-03-16.xsd#ifrs-full_AdjustmentsForReconcileProfitLoss" xlink:label="AdjustmentsForReconcileProfitLoss" />
    <link:loc xlink:type="locator" xlink:href="http://xbrl.ifrs.org/taxonomy/2020-03-16/full_ifrs/full_ifrs-cor_2020-03-16.xsd#ifrs-full_ProfitLossBeforeTax" xlink:label="ProfitLossBeforeTax" />
    <link:presentationArc xlink:type="arc" xlink:arcrole="http://www.xbrl.org/2003/arcrole/parent-child" xlink:from="StatementOfCashFlowsAbstract" xlink:to="ProfitLossBeforeTax" order="1" />
    <link:presentationArc xlink:type="arc" xlink:arcrole="http://www.xbrl.org/2003/arcrole/parent-child" xlink:from="StatementOfCashFlowsAbstract" xlink:to="AdjustmentsForReconcileProfitLossAbstract" order="2" />
    <link:presentationArc xlink:type="arc" xlink:arcrole="http://www.xbrl.org/2003/arcrole/parent-child" xlink:from="StatementOfCashFlowsAbstract" xlink:to="CashFlowsFromUsedInOperatingActivitiesAbstract" order="3" />
    <link:presentationArc xlink:type="arc" xlink:arcrole="http://www.xbrl.org/2003/arcrole/parent-child" xlink:from="StatementOfCashFlowsAbstract" xlink:to="CashFlowsFromUsedInInvestingActivitiesAbstract" order="4" />
    <link:presentationArc xlink:type="arc" xlink:arcrole="http://www.xbrl.org/2003/arcrole/parent-child" xlink:from="StatementOfCashFlowsAbstract" xlink:to="CashFlowsFromUsedInFinancingActivitiesAbstract" order="5" />
    <link:presentationArc xlink:type="arc" xlink:arcrole="http://www.xbrl.org/2003/arcrole/parent-child" xlink:from="StatementOfCashFlowsAbstract" xlink:to="EffectOfExchangeRateChangesOnCashAndCashEquivalents" order="6" />
    <link:presentationArc xlink:type="arc" xlink:arcrole="http://www.xbrl.org/2003/arcrole/parent-child" xlink:from="StatementOfCashFlowsAbstract" xlink:to="IncreaseDecreaseInCashAndCashEquivalents" order="7" />
    <link:presentationArc xlink:type="arc" xlink:arcrole="http://www.xbrl.org/2003/arcrole/parent-child" xlink:from="StatementOfCashFlowsAbstract" xlink:to="CashAndCashEquivalents" order="8" />
    <link:presentationArc xlink:type="arc" xlink:arcrole="http://www.xbrl.org/2003/arcrole/parent-child" xlink:from="CashFlowsFromUsedInFinancingActivitiesAbstract" xlink:to="PaymentsToAcquireOrRedeemEntitysShares" order="1" />
    <link:presentationArc xlink:type="arc" xlink:arcrole="http://www.xbrl.org/2003/arcrole/parent-child" xlink:from="CashFlowsFromUsedInFinancingActivitiesAbstract" xlink:to="ProceedsFromIssueOfPreferenceShares" order="2" />
    <link:presentationArc xlink:type="arc" xlink:arcrole="http://www.xbrl.org/2003/arcrole/parent-child" xlink:from="CashFlowsFromUsedInFinancingActivitiesAbstract" xlink:to="ProceedsFromBorrowingsClassifiedAsFinancingActivities" order="3" />
    <link:presentationArc xlink:type="arc" xlink:arcrole="http://www.xbrl.org/2003/arcrole/parent-child" xlink:from="CashFlowsFromUsedInFinancingActivitiesAbstract" xlink:to="RepaymentsOfBorrowingsClassifiedAsFinancingActivities" order="4" />
    <link:presentationArc xlink:type="arc" xlink:arcrole="http://www.xbrl.org/2003/arcrole/parent-child" xlink:from="CashFlowsFromUsedInFinancingActivitiesAbstract" xlink:to="RepaymentsOfSubordinatedLiabilities" order="5" />
    <link:presentationArc xlink:type="arc" xlink:arcrole="http://www.xbrl.org/2003/arcrole/parent-child" xlink:from="CashFlowsFromUsedInFinancingActivitiesAbstract" xlink:to="ProceedsFromIssueOfBondsNotesAndDebentures" order="6" />
    <link:presentationArc xlink:type="arc" xlink:arcrole="http://www.xbrl.org/2003/arcrole/parent-child" xlink:from="CashFlowsFromUsedInFinancingActivitiesAbstract" xlink:to="RepaymentsOfBondsNotesAndDebentures" order="7" />
    <link:presentationArc xlink:type="arc" xlink:arcrole="http://www.xbrl.org/2003/arcrole/parent-child" xlink:from="CashFlowsFromUsedInFinancingActivitiesAbstract" xlink:to="PaymentsOfLeaseLiabilitiesClassifiedAsFinancingActivities" order="8" />
    <link:presentationArc xlink:type="arc" xlink:arcrole="http://www.xbrl.org/2003/arcrole/parent-child" xlink:from="CashFlowsFromUsedInFinancingActivitiesAbstract" xlink:to="DividendsPaidClassifiedAsFinancingActivities" order="9" />
    <link:presentationArc xlink:type="arc" xlink:arcrole="http://www.xbrl.org/2003/arcrole/parent-child" xlink:from="CashFlowsFromUsedInFinancingActivitiesAbstract" xlink:to="CashFlowsFromUsedInFinancingActivities" order="10" />
    <link:presentationArc xlink:type="arc" xlink:arcrole="http://www.xbrl.org/2003/arcrole/parent-child" xlink:from="CashFlowsFromUsedInInvestingActivitiesAbstract" xlink:to="CashPaymentsToAcquireEquityOrDebtInstrumentsOfOtherEntitiesClassifiedAsInvestingActivitiesMeasuredAtAmortisedCost" order="1" />
    <link:presentationArc xlink:type="arc" xlink:arcrole="http://www.xbrl.org/2003/arcrole/parent-child" xlink:from="CashFlowsFromUsedInInvestingActivitiesAbstract" xlink:to="CashReceiptsFromSalesOfEquityOrDebtInstrumentsOfOtherEntitiesClassifiedAsInvestingActivitiesMeasuredAtAmortisedCost" order="2" />
    <link:presentationArc xlink:type="arc" xlink:arcrole="http://www.xbrl.org/2003/arcrole/parent-child" xlink:from="CashFlowsFromUsedInInvestingActivitiesAbstract" xlink:to="CashPaymentsToAcquireEquityOrDebtInstrumentsOfOtherEntitiesClassifiedAsInvestingActivitiesMeasuredAtFairValueThroughOtherComprehensiveIncome" order="3" />
    <link:presentationArc xlink:type="arc" xlink:arcrole="http://www.xbrl.org/2003/arcrole/parent-child" xlink:from="CashFlowsFromUsedInInvestingActivitiesAbstract" xlink:to="CashReceiptsFromSalesOfEquityOrDebtInstrumentsOfOtherEntitiesClassifiedAsInvestingActivitiesMeasuredAtFairValueThroughOtherComprehensiveIncome" order="4" />
    <link:presentationArc xlink:type="arc" xlink:arcrole="http://www.xbrl.org/2003/arcrole/parent-child" xlink:from="CashFlowsFromUsedInInvestingActivitiesAbstract" xlink:to="InterestReceivedClassifiedAsInvestingActivities" order="5" />
    <link:presentationArc xlink:type="arc" xlink:arcrole="http://www.xbrl.org/2003/arcrole/parent-child" xlink:from="CashFlowsFromUsedInInvestingActivitiesAbstract" xlink:to="ProceedsFromDisposalsOfPropertyPlantAndEquipmentIntangibleAssetsOtherThanGoodwillInvestmentPropertyAndOtherNoncurrentAssets" order="6" />
    <link:presentationArc xlink:type="arc" xlink:arcrole="http://www.xbrl.org/2003/arcrole/parent-child" xlink:from="CashFlowsFromUsedInInvestingActivitiesAbstract" xlink:to="PurchaseOfGoodwillClassifiedAsInvestingActivities" order="7" />
    <link:presentationArc xlink:type="arc" xlink:arcrole="http://www.xbrl.org/2003/arcrole/parent-child" xlink:from="CashFlowsFromUsedInInvestingActivitiesAbstract" xlink:to="PurchaseOfPropertyPlantAndEquipmentIntangibleAssetsOtherThanGoodwillInvestmentPropertyAndOtherNoncurrentAssets" order="8" />
    <link:presentationArc xlink:type="arc" xlink:arcrole="http://www.xbrl.org/2003/arcrole/parent-child" xlink:from="CashFlowsFromUsedInInvestingActivitiesAbstract" xlink:to="CashFlowsUsedInObtainingControlOfSubsidiariesOrOtherBusinessesClassifiedAsInvestingActivities" order="9" />
    <link:presentationArc xlink:type="arc" xlink:arcrole="http://www.xbrl.org/2003/arcrole/parent-child" xlink:from="CashFlowsFromUsedInInvestingActivitiesAbstract" xlink:to="DividendsReceivedClassifiedAsInvestingActivities" order="10" />
    <link:presentationArc xlink:type="arc" xlink:arcrole="http://www.xbrl.org/2003/arcrole/parent-child" xlink:from="CashFlowsFromUsedInInvestingActivitiesAbstract" xlink:to="CashFlowsFromUsedInInvestingActivities" order="11" />
    <link:presentationArc xlink:type="arc" xlink:arcrole="http://www.xbrl.org/2003/arcrole/parent-child" xlink:from="CashFlowsFromUsedInOperatingActivitiesAbstract" xlink:to="CashFlowsFromUsedInOperationsBeforeChangesInWorkingCapital" order="1" />
    <link:presentationArc xlink:type="arc" xlink:arcrole="http://www.xbrl.org/2003/arcrole/parent-child" xlink:from="CashFlowsFromUsedInOperatingActivitiesAbstract" xlink:to="AdjustmentsForProvisions" order="2" />
    <link:presentationArc xlink:type="arc" xlink:arcrole="http://www.xbrl.org/2003/arcrole/parent-child" xlink:from="CashFlowsFromUsedInOperatingActivitiesAbstract" xlink:to="AdjustmentsForDecreaseIncreaseInLoansAndAdvancesToBanksAndCustomers" order="3" />
    <link:presentationArc xlink:type="arc" xlink:arcrole="http://www.xbrl.org/2003/arcrole/parent-child" xlink:from="CashFlowsFromUsedInOperatingActivitiesAbstract" xlink:to="AdjustmentsForDecreaseIncreaseInFinancialAssetsHeldForTrading" order="4" />
    <link:presentationArc xlink:type="arc" xlink:arcrole="http://www.xbrl.org/2003/arcrole/parent-child" xlink:from="CashFlowsFromUsedInOperatingActivitiesAbstract" xlink:to="AdjustmentsForDecreaseIncreaseInFinancialAssetsAtFairValueThroughProfitOrLossMandatorilyMeasuredAtFairValue" order="5" />
    <link:presentationArc xlink:type="arc" xlink:arcrole="http://www.xbrl.org/2003/arcrole/parent-child" xlink:from="CashFlowsFromUsedInOperatingActivitiesAbstract" xlink:to="AdjustmentsForDecreaseIncreaseInOtherAssets" order="6" />
    <link:presentationArc xlink:type="arc" xlink:arcrole="http://www.xbrl.org/2003/arcrole/parent-child" xlink:from="CashFlowsFromUsedInOperatingActivitiesAbstract" xlink:to="AdjustmentsForIncreaseDecreaseInDepositsFromCustomersAndBanks" order="7" />
    <link:presentationArc xlink:type="arc" xlink:arcrole="http://www.xbrl.org/2003/arcrole/parent-child" xlink:from="CashFlowsFromUsedInOperatingActivitiesAbstract" xlink:to="AdjustmentsForIncreaseDecreaseInFinancialLiabilitiesHeldForTrading" order="8" />
    <link:presentationArc xlink:type="arc" xlink:arcrole="http://www.xbrl.org/2003/arcrole/parent-child" xlink:from="CashFlowsFromUsedInOperatingActivitiesAbstract" xlink:to="AdjustmentsForIncreaseDecreaseInOtherLiabilities" order="9" />
    <link:presentationArc xlink:type="arc" xlink:arcrole="http://www.xbrl.org/2003/arcrole/parent-child" xlink:from="CashFlowsFromUsedInOperatingActivitiesAbstract" xlink:to="CashflowsFromUsedInOperatingActivitiesBeforeInterestsAndIncomeTaxes" order="10" />
    <link:presentationArc xlink:type="arc" xlink:arcrole="http://www.xbrl.org/2003/arcrole/parent-child" xlink:from="CashFlowsFromUsedInOperatingActivitiesAbstract" xlink:to="InterestPaidClassifiedAsOperatingActivities" order="11" />
    <link:presentationArc xlink:type="arc" xlink:arcrole="http://www.xbrl.org/2003/arcrole/parent-child" xlink:from="CashFlowsFromUsedInOperatingActivitiesAbstract" xlink:to="InterestReceivedClassifiedAsOperatingActivities" order="12" />
    <link:presentationArc xlink:type="arc" xlink:arcrole="http://www.xbrl.org/2003/arcrole/parent-child" xlink:from="CashFlowsFromUsedInOperatingActivitiesAbstract" xlink:to="IncomeTaxesPaidClassifiedAsOperatingActivities" order="13" />
    <link:presentationArc xlink:type="arc" xlink:arcrole="http://www.xbrl.org/2003/arcrole/parent-child" xlink:from="CashFlowsFromUsedInOperatingActivitiesAbstract" xlink:to="CashFlowsFromUsedInOperatingActivities" order="14" />
    <link:presentationArc xlink:type="arc" xlink:arcrole="http://www.xbrl.org/2003/arcrole/parent-child" xlink:from="AdjustmentsForReconcileProfitLossAbstract" xlink:to="AdjustmentsForReconcileProfitLoss" order="1" />
    <link:presentationArc xlink:type="arc" xlink:arcrole="http://www.xbrl.org/2003/arcrole/parent-child" xlink:from="AdjustmentsForReconcileProfitLossAbstract" xlink:to="AdjustmentsForInterestExpense" order="2" />
    <link:presentationArc xlink:type="arc" xlink:arcrole="http://www.xbrl.org/2003/arcrole/parent-child" xlink:from="AdjustmentsForReconcileProfitLossAbstract" xlink:to="AdjustmentsForInterestIncome" order="3" />
    <link:presentationArc xlink:type="arc" xlink:arcrole="http://www.xbrl.org/2003/arcrole/parent-child" xlink:from="AdjustmentsForReconcileProfitLossAbstract" xlink:to="AdjustmentsForDividendIncome" order="4" />
    <link:presentationArc xlink:type="arc" xlink:arcrole="http://www.xbrl.org/2003/arcrole/parent-child" xlink:from="AdjustmentsForReconcileProfitLossAbstract" xlink:to="OtherAdjustmentsForNoncashItems" order="5" />
    <link:presentationArc xlink:type="arc" xlink:arcrole="http://www.xbrl.org/2003/arcrole/parent-child" xlink:from="AdjustmentsForReconcileProfitLossAbstract" xlink:to="AdjustmentsForGainLossOnDisposalsPropertyPlantAndEquipment" order="6" />
    <link:presentationArc xlink:type="arc" xlink:arcrole="http://www.xbrl.org/2003/arcrole/parent-child" xlink:from="AdjustmentsForReconcileProfitLossAbstract" xlink:to="AdjustmentsForLossesGainsOnDisposalOfNoncurrentAssetsHeldForSale" order="7" />
    <link:presentationArc xlink:type="arc" xlink:arcrole="http://www.xbrl.org/2003/arcrole/parent-child" xlink:from="AdjustmentsForReconcileProfitLossAbstract" xlink:to="AdjustmentsForGainsLossesOnChangeInFairValueOfDerivativesAndFinancialAssetsHeldForTrading" order="8" />
    <link:presentationArc xlink:type="arc" xlink:arcrole="http://www.xbrl.org/2003/arcrole/parent-child" xlink:from="AdjustmentsForReconcileProfitLossAbstract" xlink:to="AdjustmentsForGainsLossesOnFinancialAssetsAtFairValueThroughProfitOrLossMandatorilyMeasuredAtFairValue" order="9" />
    <link:presentationArc xlink:type="arc" xlink:arcrole="http://www.xbrl.org/2003/arcrole/parent-child" xlink:from="AdjustmentsForReconcileProfitLossAbstract" xlink:to="AdjustmentsForGainsLossesOnChangeInFairValueOfDerivatives" order="10" />
    <link:presentationArc xlink:type="arc" xlink:arcrole="http://www.xbrl.org/2003/arcrole/parent-child" xlink:from="AdjustmentsForReconcileProfitLossAbstract" xlink:to="AdjustmentsForFairValueGainsLossesOnFinancialAssetsMeasuredAtFairValueThroughOtherComprehensiveIncomeNetOfTax" order="11" />
    <link:presentationArc xlink:type="arc" xlink:arcrole="http://www.xbrl.org/2003/arcrole/parent-child" xlink:from="AdjustmentsForReconcileProfitLossAbstract" xlink:to="AdjustmentsForDepreciationAndAmortisationExpense" order="12" />
    <link:presentationArc xlink:type="arc" xlink:arcrole="http://www.xbrl.org/2003/arcrole/parent-child" xlink:from="AdjustmentsForReconcileProfitLossAbstract" xlink:to="AdjustmentsForDecreaseIncreaseInTangibleAssets" order="13" />
    <link:presentationArc xlink:type="arc" xlink:arcrole="http://www.xbrl.org/2003/arcrole/parent-child" xlink:from="AdjustmentsForReconcileProfitLossAbstract" xlink:to="AdjustmentsForUnrealisedForeignExchangeLossesGains" order="14" />
  </link:presentationLink>
</link:linkbase>