<link:linkbase xmlns:xlink="http://www.w3.org/1999/xlink" xmlns:xsi="http://www.w3.org/2001/XMLSchema-instance" xsi:schemaLocation="http://www.xbrl.org/2003/linkbase http://www.xbrl.org/2003/xbrl-linkbase-2003-12-31.xsd" xmlns:link="http://www.xbrl.org/2003/linkbase">
  <link:labelLink xlink:type="extended" xlink:role="http://www.xbrl.org/2003/role/link">
    <link:label xlink:type="resource" xlink:role="http://www.xbrl.org/2003/role/label" xml:lang="sk" xlink:label="label_AdjustmentsForDecreaseIncreaseInFinancialAssetsAtFairValueThroughProfitOrLossMandatorilyMeasuredAtFairValue">Úprava o neobchodné finančné aktíva povinne oceňované reálnou hodnotou cez výkaz ziskov a strát</link:label>
    <link:label xlink:type="resource" xlink:role="http://www.xbrl.org/2003/role/label" xml:lang="sk" xlink:label="label_AdjustmentsForDecreaseIncreaseInLoansAndAdvancesToBanksAndCustomers">Úpravy o úvery poskytnuté bankám a klientom</link:label>
    <link:label xlink:type="resource" xlink:role="http://www.xbrl.org/2003/role/label" xml:lang="sk" xlink:label="label_AdjustmentsForDecreaseIncreaseInTangibleAssets">Prevody do hmotného majetku</link:label>
    <link:label xlink:type="resource" xlink:role="http://www.xbrl.org/2003/role/label" xml:lang="sk" xlink:label="label_AdjustmentsForFairValueGainsLossesOnFinancialAssetsMeasuredAtFairValueThroughOtherComprehensiveIncomeNetOfTax">Úprava o čistý zisk alebo stratau z cenných papierov oceňované v reálnej hodnote cez ostatné súhrnné zisky a straty</link:label>
    <link:label xlink:type="resource" xlink:role="http://www.xbrl.org/2003/role/label" xml:lang="sk" xlink:label="label_AdjustmentsForGainsLossesOnFinancialAssetsAtFairValueThroughProfitOrLossMandatorilyMeasuredAtFairValue">Nerealizovaný (zisk) / strata z neobchodných fin. aktív povinne oceňovaných reálnou hodnotou cez výkaz ziskov a strát</link:label>
    <link:label xlink:type="resource" xlink:role="http://www.xbrl.org/2003/role/label" xml:lang="sk" xlink:label="label_AdjustmentsForGainsLossesOnChangeInFairValueOfDerivativesAndFinancialAssetsHeldForTrading">Nerealizovaný zisk strata z finančných derivátov a cenných papierov na obchodovanie</link:label>
    <link:label xlink:type="resource" xlink:role="http://www.xbrl.org/2003/role/label" xml:lang="sk" xlink:label="label_AdjustmentsForIncreaseDecreaseInDepositsFromCustomersAndBanks">Upravy o vklady klientov a bežné účty bánk </link:label>
    <link:label xlink:type="resource" xlink:role="http://www.xbrl.org/2003/role/label" xml:lang="sk" xlink:label="label_AdjustmentsForLossesGainsOnDisposalOfNoncurrentAssetsHeldForSale">Upravy o zisk alebo stratu z predaja neobežných aktív držaných na predaj</link:label>
    <link:label xlink:type="resource" xlink:role="http://www.xbrl.org/2003/role/label" xml:lang="sk" xlink:label="label_BasicAndDilutedEarningsLossNominalValue4000EurPerOrdinaryShare">Základný a zriedený zisk na kmeňovú akciu menovitá hodnota 4 000 Eur</link:label>
    <link:label xlink:type="resource" xlink:role="http://www.xbrl.org/2003/role/label" xml:lang="sk" xlink:label="label_BasicAndDilutedEarningsLossNominalValue4EurPerPreferenceShare">Základný a zriedený zisk na prioritnú akciu menovitá hodnota 4 Eur</link:label>
    <link:label xlink:type="resource" xlink:role="http://www.xbrl.org/2003/role/label" xml:lang="sk" xlink:label="label_BasicAndDilutedEarningsLossNominalValue800EurPerOrdinaryShare">Základný a zriedený zisk na kmeňovú akciu menovitá hodnota 800 Eur </link:label>
    <link:label xlink:type="resource" xlink:role="http://www.xbrl.org/2003/role/label" xml:lang="sk" xlink:label="label_CapitalAt1Member">Kapitál AT1 člen</link:label>
    <link:label xlink:type="resource" xlink:role="http://www.xbrl.org/2003/role/label" xml:lang="sk" xlink:label="label_CashflowsFromUsedInOperatingActivitiesBeforeInterestsAndIncomeTaxes">Peňažné prostriedky použité alebo získané v prevádzkových činnostiach pred prijatými a platenými úrokmi a zaplatenou daňou z príjmov</link:label>
    <link:label xlink:type="resource" xlink:role="http://www.xbrl.org/2003/role/label" xml:lang="sk" xlink:label="label_CashPaymentsToAcquireEquityOrDebtInstrumentsOfOtherEntitiesClassifiedAsInvestingActivitiesMeasuredAtAmortisedCost">Prírastok dlhových cenných papierov v amortizovanej hodnote</link:label>
    <link:label xlink:type="resource" xlink:role="http://www.xbrl.org/2003/role/label" xml:lang="sk" xlink:label="label_CashPaymentsToAcquireEquityOrDebtInstrumentsOfOtherEntitiesClassifiedAsInvestingActivitiesMeasuredAtFairValueThroughOtherComprehensiveIncome">(Prírastok) dlhových cenných papierov oceňovaných v reálnej hodnote cez ostatné súhrnné zisky a straty</link:label>
    <link:label xlink:type="resource" xlink:role="http://www.xbrl.org/2003/role/label" xml:lang="sk" xlink:label="label_CashReceiptsFromSalesOfEquityOrDebtInstrumentsOfOtherEntitiesClassifiedAsInvestingActivitiesMeasuredAtAmortisedCost">Úbytok dlhových cenných papierov v amortizovanej hodnote</link:label>
    <link:label xlink:type="resource" xlink:role="http://www.xbrl.org/2003/role/label" xml:lang="sk" xlink:label="label_CashReceiptsFromSalesOfEquityOrDebtInstrumentsOfOtherEntitiesClassifiedAsInvestingActivitiesMeasuredAtFairValueThroughOtherComprehensiveIncome">Úbytok dlhových cenných papierov oceňovaných v reálnej hodnote cez ostatné súhrnné zisky a straty</link:label>
    <link:label xlink:type="resource" xlink:role="http://www.xbrl.org/2003/role/label" xml:lang="sk" xlink:label="label_ContributionToTheResolutionFundAndTheDepositProtectionFund">Príspevok do rezolučného fondu a fondu ochrany vkladov</link:label>
    <link:label xlink:type="resource" xlink:role="http://www.xbrl.org/2003/role/label" xml:lang="sk" xlink:label="label_DistributionOfGainsFromAt1">výplata výnosu z AT1</link:label>
    <link:label xlink:type="resource" xlink:role="http://www.xbrl.org/2003/role/label" xml:lang="sk" xlink:label="label_DividendsRecognisedAsDistributionsToOwnersOrdinaryShares">výplata dividend - kmeňové akcie</link:label>
    <link:label xlink:type="resource" xlink:role="http://www.xbrl.org/2003/role/label" xml:lang="sk" xlink:label="label_DividendsRecognisedAsDistributionsToOwnersPreferenceShares">výplata dividend - prioritné akcie</link:label>
    <link:label xlink:type="resource" xlink:role="http://www.xbrl.org/2003/role/label" xml:lang="sk" xlink:label="label_EquityExcludingProfitLossForReportingPeriod">Vlastné imanie okrem zisku za bežný rok</link:label>
    <link:label xlink:type="resource" xlink:role="http://www.xbrl.org/2003/role/label" xml:lang="sk" xlink:label="label_GainLossArisingFromDerecognitionOfFinancialAssetsMeasuredAtAmortisedCostAndFinancialAssetsMeasuredAtFairValueThroughOtherComprehensiveIncome">Čistý zisk/(strata) týkajúci sa ukončenia vykazovania finančných aktív a záväzkov neoceňovaných reálnou hodnotou cez výkaz ziskov a strát</link:label>
    <link:label xlink:type="resource" xlink:role="http://www.xbrl.org/2003/role/label" xml:lang="sk" xlink:label="label_GainLossesOnNonCurrentAssetsHeldForSale">Zisk strata z neobežných aktív držaných na predaj</link:label>
    <link:label xlink:type="resource" xlink:role="http://www.xbrl.org/2003/role/label" xml:lang="sk" xlink:label="label_GainsLossesOnFinancialAssetsAtFairValueThroughProfitOrLossClassifiedAsHeldForTradingAndGainsLossesOnExchangeDifferencesOnTranslationRecognisedInProfitOrLoss">Čistý zisk strata z finančných nástrojov na obchodovanie a kurzových rozdielov</link:label>
    <link:label xlink:type="resource" xlink:role="http://www.xbrl.org/2003/role/label" xml:lang="sk" xlink:label="label_IncreaseDecreaseInLegalProceedingsProvisions">Tvorba a rozpustenie rezerv k súdnym sporom</link:label>
    <link:label xlink:type="resource" xlink:role="http://www.xbrl.org/2003/role/label" xml:lang="sk" xlink:label="label_IncreaseDecreaseProvisionsForExpectedLossesOnCommitmentsAndGuarantees">Tvorba a rozpustenie rezerv na očakávané straty z prísľubov a záruk</link:label>
    <link:label xlink:type="resource" xlink:role="http://www.xbrl.org/2003/role/label" xml:lang="sk" xlink:label="label_InterestRevenueCalculatedNotUsingEffectiveInterestMethod">Úrokové výnosy okrem kalkulovaných použitím efektívnej úrokovej miery</link:label>
    <link:label xlink:type="resource" xlink:role="http://www.xbrl.org/2003/role/label" xml:lang="sk" xlink:label="label_InterestRevenueExpenseAndDividends">Výnosové úroky a výnosy z dividend, netto</link:label>
    <link:label xlink:type="resource" xlink:role="http://www.xbrl.org/2003/role/label" xml:lang="sk" xlink:label="label_IssuedCapitalOrdinarySharesMember">Základné imanie – vlastné akcie</link:label>
    <link:label xlink:type="resource" xlink:role="http://www.xbrl.org/2003/role/label" xml:lang="sk" xlink:label="label_ProfitDistribution">Rozdelenie zisku</link:label>
    <link:label xlink:type="resource" xlink:role="http://www.xbrl.org/2003/role/label" xml:lang="sk" xlink:label="label_ProfitOrLossForReportingPeriod">Zisk po zdanení</link:label>
    <link:label xlink:type="resource" xlink:role="http://www.xbrl.org/2003/role/label" xml:lang="sk" xlink:label="label_PurchaseOfGoodwillClassifiedAsInvestingActivities">Obstaranie Goodwillu klasifikované ako investičné aktivity</link:label>
    <link:label xlink:type="resource" xlink:role="http://www.xbrl.org/2003/role/label" xml:lang="sk" xlink:label="label_Reclassification">Reklasifikácia</link:label>
    <link:label xlink:type="resource" xlink:role="http://www.xbrl.org/2003/role/label" xml:lang="sk" xlink:label="label_RetainedEarningsExcludingProfitLossForReportingPeriodMember">Nerozdelený zisk člen</link:label>
    <link:label xlink:type="resource" xlink:role="http://www.xbrl.org/2003/role/label" xml:lang="sk" xlink:label="label_RetainedEarningsProfitLossForReportingPeriodMember">Nerozdelený zisk okrem zisku za bežné obdobie</link:label>
    <link:label xlink:type="resource" xlink:role="http://www.xbrl.org/2003/role/label" xml:lang="sk" xlink:label="label_SaleOfOrdinaryAndPreferenceShares">Predaj vlastnych akcii</link:label>
    <link:label xlink:type="resource" xlink:role="http://www.xbrl.org/2003/role/label" xml:lang="sk" xlink:label="label_SharePremiumOrdinarySharesMember">Emisné ážio – vlastné akcie</link:label>
    <link:label xlink:type="resource" xlink:role="http://www.xbrl.org/2003/role/label" xml:lang="sk" xlink:label="label_SpecialLevyOfSelectedFinancialInstitutions">Špeciálny poplatok od vybraných finančných inštitúcií</link:label>
    <link:label xlink:type="resource" xlink:role="http://www.xbrl.org/2003/role/label" xml:lang="sk" xlink:label="label_TransferWithinTheComponentsOfEquity">Presun v rámci zložiek vlastného imania</link:label>
    <link:loc xlink:type="locator" xlink:href="3157002JBFAI478MD587-2021-12-31.xsd#Tatra_AdjustmentsForDecreaseIncreaseInFinancialAssetsAtFairValueThroughProfitOrLossMandatorilyMeasuredAtFairValue" xlink:label="AdjustmentsForDecreaseIncreaseInFinancialAssetsAtFairValueThroughProfitOrLossMandatorilyMeasuredAtFairValue" />
    <link:loc xlink:type="locator" xlink:href="3157002JBFAI478MD587-2021-12-31.xsd#Tatra_AdjustmentsForDecreaseIncreaseInLoansAndAdvancesToBanksAndCustomers" xlink:label="AdjustmentsForDecreaseIncreaseInLoansAndAdvancesToBanksAndCustomers" />
    <link:loc xlink:type="locator" xlink:href="3157002JBFAI478MD587-2021-12-31.xsd#Tatra_AdjustmentsForDecreaseIncreaseInTangibleAssets" xlink:label="AdjustmentsForDecreaseIncreaseInTangibleAssets" />
    <link:loc xlink:type="locator" xlink:href="3157002JBFAI478MD587-2021-12-31.xsd#Tatra_AdjustmentsForFairValueGainsLossesOnFinancialAssetsMeasuredAtFairValueThroughOtherComprehensiveIncomeNetOfTax" xlink:label="AdjustmentsForFairValueGainsLossesOnFinancialAssetsMeasuredAtFairValueThroughOtherComprehensiveIncomeNetOfTax" />
    <link:loc xlink:type="locator" xlink:href="3157002JBFAI478MD587-2021-12-31.xsd#Tatra_AdjustmentsForGainsLossesOnFinancialAssetsAtFairValueThroughProfitOrLossMandatorilyMeasuredAtFairValue" xlink:label="AdjustmentsForGainsLossesOnFinancialAssetsAtFairValueThroughProfitOrLossMandatorilyMeasuredAtFairValue" />
    <link:loc xlink:type="locator" xlink:href="3157002JBFAI478MD587-2021-12-31.xsd#Tatra_AdjustmentsForGainsLossesOnChangeInFairValueOfDerivativesAndFinancialAssetsHeldForTrading" xlink:label="AdjustmentsForGainsLossesOnChangeInFairValueOfDerivativesAndFinancialAssetsHeldForTrading" />
    <link:loc xlink:type="locator" xlink:href="3157002JBFAI478MD587-2021-12-31.xsd#Tatra_AdjustmentsForIncreaseDecreaseInDepositsFromCustomersAndBanks" xlink:label="AdjustmentsForIncreaseDecreaseInDepositsFromCustomersAndBanks" />
    <link:loc xlink:type="locator" xlink:href="3157002JBFAI478MD587-2021-12-31.xsd#Tatra_AdjustmentsForLossesGainsOnDisposalOfNoncurrentAssetsHeldForSale" xlink:label="AdjustmentsForLossesGainsOnDisposalOfNoncurrentAssetsHeldForSale" />
    <link:loc xlink:type="locator" xlink:href="3157002JBFAI478MD587-2021-12-31.xsd#Tatra_BasicAndDilutedEarningsLossNominalValue4000EurPerOrdinaryShare" xlink:label="BasicAndDilutedEarningsLossNominalValue4000EurPerOrdinaryShare" />
    <link:loc xlink:type="locator" xlink:href="3157002JBFAI478MD587-2021-12-31.xsd#Tatra_BasicAndDilutedEarningsLossNominalValue4EurPerPreferenceShare" xlink:label="BasicAndDilutedEarningsLossNominalValue4EurPerPreferenceShare" />
    <link:loc xlink:type="locator" xlink:href="3157002JBFAI478MD587-2021-12-31.xsd#Tatra_BasicAndDilutedEarningsLossNominalValue800EurPerOrdinaryShare" xlink:label="BasicAndDilutedEarningsLossNominalValue800EurPerOrdinaryShare" />
    <link:loc xlink:type="locator" xlink:href="3157002JBFAI478MD587-2021-12-31.xsd#Tatra_CapitalAt1Member" xlink:label="CapitalAt1Member" />
    <link:loc xlink:type="locator" xlink:href="3157002JBFAI478MD587-2021-12-31.xsd#Tatra_CashflowsFromUsedInOperatingActivitiesBeforeInterestsAndIncomeTaxes" xlink:label="CashflowsFromUsedInOperatingActivitiesBeforeInterestsAndIncomeTaxes" />
    <link:loc xlink:type="locator" xlink:href="3157002JBFAI478MD587-2021-12-31.xsd#Tatra_CashPaymentsToAcquireEquityOrDebtInstrumentsOfOtherEntitiesClassifiedAsInvestingActivitiesMeasuredAtAmortisedCost" xlink:label="CashPaymentsToAcquireEquityOrDebtInstrumentsOfOtherEntitiesClassifiedAsInvestingActivitiesMeasuredAtAmortisedCost" />
    <link:loc xlink:type="locator" xlink:href="3157002JBFAI478MD587-2021-12-31.xsd#Tatra_CashPaymentsToAcquireEquityOrDebtInstrumentsOfOtherEntitiesClassifiedAsInvestingActivitiesMeasuredAtFairValueThroughOtherComprehensiveIncome" xlink:label="CashPaymentsToAcquireEquityOrDebtInstrumentsOfOtherEntitiesClassifiedAsInvestingActivitiesMeasuredAtFairValueThroughOtherComprehensiveIncome" />
    <link:loc xlink:type="locator" xlink:href="3157002JBFAI478MD587-2021-12-31.xsd#Tatra_CashReceiptsFromSalesOfEquityOrDebtInstrumentsOfOtherEntitiesClassifiedAsInvestingActivitiesMeasuredAtAmortisedCost" xlink:label="CashReceiptsFromSalesOfEquityOrDebtInstrumentsOfOtherEntitiesClassifiedAsInvestingActivitiesMeasuredAtAmortisedCost" />
    <link:loc xlink:type="locator" xlink:href="3157002JBFAI478MD587-2021-12-31.xsd#Tatra_CashReceiptsFromSalesOfEquityOrDebtInstrumentsOfOtherEntitiesClassifiedAsInvestingActivitiesMeasuredAtFairValueThroughOtherComprehensiveIncome" xlink:label="CashReceiptsFromSalesOfEquityOrDebtInstrumentsOfOtherEntitiesClassifiedAsInvestingActivitiesMeasuredAtFairValueThroughOtherComprehensiveIncome" />
    <link:loc xlink:type="locator" xlink:href="3157002JBFAI478MD587-2021-12-31.xsd#Tatra_ContributionToTheResolutionFundAndTheDepositProtectionFund" xlink:label="ContributionToTheResolutionFundAndTheDepositProtectionFund" />
    <link:loc xlink:type="locator" xlink:href="3157002JBFAI478MD587-2021-12-31.xsd#Tatra_DistributionOfGainsFromAt1" xlink:label="DistributionOfGainsFromAt1" />
    <link:loc xlink:type="locator" xlink:href="3157002JBFAI478MD587-2021-12-31.xsd#Tatra_DividendsRecognisedAsDistributionsToOwnersOrdinaryShares" xlink:label="DividendsRecognisedAsDistributionsToOwnersOrdinaryShares" />
    <link:loc xlink:type="locator" xlink:href="3157002JBFAI478MD587-2021-12-31.xsd#Tatra_DividendsRecognisedAsDistributionsToOwnersPreferenceShares" xlink:label="DividendsRecognisedAsDistributionsToOwnersPreferenceShares" />
    <link:loc xlink:type="locator" xlink:href="3157002JBFAI478MD587-2021-12-31.xsd#Tatra_EquityExcludingProfitLossForReportingPeriod" xlink:label="EquityExcludingProfitLossForReportingPeriod" />
    <link:loc xlink:type="locator" xlink:href="3157002JBFAI478MD587-2021-12-31.xsd#Tatra_GainLossArisingFromDerecognitionOfFinancialAssetsMeasuredAtAmortisedCostAndFinancialAssetsMeasuredAtFairValueThroughOtherComprehensiveIncome" xlink:label="GainLossArisingFromDerecognitionOfFinancialAssetsMeasuredAtAmortisedCostAndFinancialAssetsMeasuredAtFairValueThroughOtherComprehensiveIncome" />
    <link:loc xlink:type="locator" xlink:href="3157002JBFAI478MD587-2021-12-31.xsd#Tatra_GainLossesOnNonCurrentAssetsHeldForSale" xlink:label="GainLossesOnNonCurrentAssetsHeldForSale" />
    <link:loc xlink:type="locator" xlink:href="3157002JBFAI478MD587-2021-12-31.xsd#Tatra_GainsLossesOnFinancialAssetsAtFairValueThroughProfitOrLossClassifiedAsHeldForTradingAndGainsLossesOnExchangeDifferencesOnTranslationRecognisedInProfitOrLoss" xlink:label="GainsLossesOnFinancialAssetsAtFairValueThroughProfitOrLossClassifiedAsHeldForTradingAndGainsLossesOnExchangeDifferencesOnTranslationRecognisedInProfitOrLoss" />
    <link:loc xlink:type="locator" xlink:href="3157002JBFAI478MD587-2021-12-31.xsd#Tatra_IncreaseDecreaseInLegalProceedingsProvisions" xlink:label="IncreaseDecreaseInLegalProceedingsProvisions" />
    <link:loc xlink:type="locator" xlink:href="3157002JBFAI478MD587-2021-12-31.xsd#Tatra_IncreaseDecreaseProvisionsForExpectedLossesOnCommitmentsAndGuarantees" xlink:label="IncreaseDecreaseProvisionsForExpectedLossesOnCommitmentsAndGuarantees" />
    <link:loc xlink:type="locator" xlink:href="3157002JBFAI478MD587-2021-12-31.xsd#Tatra_InterestRevenueCalculatedNotUsingEffectiveInterestMethod" xlink:label="InterestRevenueCalculatedNotUsingEffectiveInterestMethod" />
    <link:loc xlink:type="locator" xlink:href="3157002JBFAI478MD587-2021-12-31.xsd#Tatra_InterestRevenueExpenseAndDividends" xlink:label="InterestRevenueExpenseAndDividends" />
    <link:loc xlink:type="locator" xlink:href="3157002JBFAI478MD587-2021-12-31.xsd#Tatra_IssuedCapitalOrdinarySharesMember" xlink:label="IssuedCapitalOrdinarySharesMember" />
    <link:loc xlink:type="locator" xlink:href="3157002JBFAI478MD587-2021-12-31.xsd#Tatra_ProfitDistribution" xlink:label="ProfitDistribution" />
    <link:loc xlink:type="locator" xlink:href="3157002JBFAI478MD587-2021-12-31.xsd#Tatra_ProfitOrLossForReportingPeriod" xlink:label="ProfitOrLossForReportingPeriod" />
    <link:loc xlink:type="locator" xlink:href="3157002JBFAI478MD587-2021-12-31.xsd#Tatra_PurchaseOfGoodwillClassifiedAsInvestingActivities" xlink:label="PurchaseOfGoodwillClassifiedAsInvestingActivities" />
    <link:loc xlink:type="locator" xlink:href="3157002JBFAI478MD587-2021-12-31.xsd#Tatra_Reclassification" xlink:label="Reclassification" />
    <link:loc xlink:type="locator" xlink:href="3157002JBFAI478MD587-2021-12-31.xsd#Tatra_RetainedEarningsExcludingProfitLossForReportingPeriodMember" xlink:label="RetainedEarningsExcludingProfitLossForReportingPeriodMember" />
    <link:loc xlink:type="locator" xlink:href="3157002JBFAI478MD587-2021-12-31.xsd#Tatra_RetainedEarningsProfitLossForReportingPeriodMember" xlink:label="RetainedEarningsProfitLossForReportingPeriodMember" />
    <link:loc xlink:type="locator" xlink:href="3157002JBFAI478MD587-2021-12-31.xsd#Tatra_SaleOfOrdinaryAndPreferenceShares" xlink:label="SaleOfOrdinaryAndPreferenceShares" />
    <link:loc xlink:type="locator" xlink:href="3157002JBFAI478MD587-2021-12-31.xsd#Tatra_SharePremiumOrdinarySharesMember" xlink:label="SharePremiumOrdinarySharesMember" />
    <link:loc xlink:type="locator" xlink:href="3157002JBFAI478MD587-2021-12-31.xsd#Tatra_SpecialLevyOfSelectedFinancialInstitutions" xlink:label="SpecialLevyOfSelectedFinancialInstitutions" />
    <link:loc xlink:type="locator" xlink:href="3157002JBFAI478MD587-2021-12-31.xsd#Tatra_TransferWithinTheComponentsOfEquity" xlink:label="TransferWithinTheComponentsOfEquity" />
    <link:labelArc xlink:type="arc" xlink:arcrole="http://www.xbrl.org/2003/arcrole/concept-label" xlink:from="AdjustmentsForDecreaseIncreaseInFinancialAssetsAtFairValueThroughProfitOrLossMandatorilyMeasuredAtFairValue" xlink:to="label_AdjustmentsForDecreaseIncreaseInFinancialAssetsAtFairValueThroughProfitOrLossMandatorilyMeasuredAtFairValue" order="1" />
    <link:labelArc xlink:type="arc" xlink:arcrole="http://www.xbrl.org/2003/arcrole/concept-label" xlink:from="AdjustmentsForDecreaseIncreaseInLoansAndAdvancesToBanksAndCustomers" xlink:to="label_AdjustmentsForDecreaseIncreaseInLoansAndAdvancesToBanksAndCustomers" order="1" />
    <link:labelArc xlink:type="arc" xlink:arcrole="http://www.xbrl.org/2003/arcrole/concept-label" xlink:from="AdjustmentsForDecreaseIncreaseInTangibleAssets" xlink:to="label_AdjustmentsForDecreaseIncreaseInTangibleAssets" order="1" />
    <link:labelArc xlink:type="arc" xlink:arcrole="http://www.xbrl.org/2003/arcrole/concept-label" xlink:from="AdjustmentsForFairValueGainsLossesOnFinancialAssetsMeasuredAtFairValueThroughOtherComprehensiveIncomeNetOfTax" xlink:to="label_AdjustmentsForFairValueGainsLossesOnFinancialAssetsMeasuredAtFairValueThroughOtherComprehensiveIncomeNetOfTax" order="1" />
    <link:labelArc xlink:type="arc" xlink:arcrole="http://www.xbrl.org/2003/arcrole/concept-label" xlink:from="AdjustmentsForGainsLossesOnFinancialAssetsAtFairValueThroughProfitOrLossMandatorilyMeasuredAtFairValue" xlink:to="label_AdjustmentsForGainsLossesOnFinancialAssetsAtFairValueThroughProfitOrLossMandatorilyMeasuredAtFairValue" order="1" />
    <link:labelArc xlink:type="arc" xlink:arcrole="http://www.xbrl.org/2003/arcrole/concept-label" xlink:from="AdjustmentsForGainsLossesOnChangeInFairValueOfDerivativesAndFinancialAssetsHeldForTrading" xlink:to="label_AdjustmentsForGainsLossesOnChangeInFairValueOfDerivativesAndFinancialAssetsHeldForTrading" order="1" />
    <link:labelArc xlink:type="arc" xlink:arcrole="http://www.xbrl.org/2003/arcrole/concept-label" xlink:from="AdjustmentsForIncreaseDecreaseInDepositsFromCustomersAndBanks" xlink:to="label_AdjustmentsForIncreaseDecreaseInDepositsFromCustomersAndBanks" order="1" />
    <link:labelArc xlink:type="arc" xlink:arcrole="http://www.xbrl.org/2003/arcrole/concept-label" xlink:from="AdjustmentsForLossesGainsOnDisposalOfNoncurrentAssetsHeldForSale" xlink:to="label_AdjustmentsForLossesGainsOnDisposalOfNoncurrentAssetsHeldForSale" order="1" />
    <link:labelArc xlink:type="arc" xlink:arcrole="http://www.xbrl.org/2003/arcrole/concept-label" xlink:from="BasicAndDilutedEarningsLossNominalValue4000EurPerOrdinaryShare" xlink:to="label_BasicAndDilutedEarningsLossNominalValue4000EurPerOrdinaryShare" order="1" />
    <link:labelArc xlink:type="arc" xlink:arcrole="http://www.xbrl.org/2003/arcrole/concept-label" xlink:from="BasicAndDilutedEarningsLossNominalValue4EurPerPreferenceShare" xlink:to="label_BasicAndDilutedEarningsLossNominalValue4EurPerPreferenceShare" order="1" />
    <link:labelArc xlink:type="arc" xlink:arcrole="http://www.xbrl.org/2003/arcrole/concept-label" xlink:from="BasicAndDilutedEarningsLossNominalValue800EurPerOrdinaryShare" xlink:to="label_BasicAndDilutedEarningsLossNominalValue800EurPerOrdinaryShare" order="1" />
    <link:labelArc xlink:type="arc" xlink:arcrole="http://www.xbrl.org/2003/arcrole/concept-label" xlink:from="CapitalAt1Member" xlink:to="label_CapitalAt1Member" order="1" />
    <link:labelArc xlink:type="arc" xlink:arcrole="http://www.xbrl.org/2003/arcrole/concept-label" xlink:from="CashflowsFromUsedInOperatingActivitiesBeforeInterestsAndIncomeTaxes" xlink:to="label_CashflowsFromUsedInOperatingActivitiesBeforeInterestsAndIncomeTaxes" order="1" />
    <link:labelArc xlink:type="arc" xlink:arcrole="http://www.xbrl.org/2003/arcrole/concept-label" xlink:from="CashPaymentsToAcquireEquityOrDebtInstrumentsOfOtherEntitiesClassifiedAsInvestingActivitiesMeasuredAtAmortisedCost" xlink:to="label_CashPaymentsToAcquireEquityOrDebtInstrumentsOfOtherEntitiesClassifiedAsInvestingActivitiesMeasuredAtAmortisedCost" order="1" />
    <link:labelArc xlink:type="arc" xlink:arcrole="http://www.xbrl.org/2003/arcrole/concept-label" xlink:from="CashPaymentsToAcquireEquityOrDebtInstrumentsOfOtherEntitiesClassifiedAsInvestingActivitiesMeasuredAtFairValueThroughOtherComprehensiveIncome" xlink:to="label_CashPaymentsToAcquireEquityOrDebtInstrumentsOfOtherEntitiesClassifiedAsInvestingActivitiesMeasuredAtFairValueThroughOtherComprehensiveIncome" order="1" />
    <link:labelArc xlink:type="arc" xlink:arcrole="http://www.xbrl.org/2003/arcrole/concept-label" xlink:from="CashReceiptsFromSalesOfEquityOrDebtInstrumentsOfOtherEntitiesClassifiedAsInvestingActivitiesMeasuredAtAmortisedCost" xlink:to="label_CashReceiptsFromSalesOfEquityOrDebtInstrumentsOfOtherEntitiesClassifiedAsInvestingActivitiesMeasuredAtAmortisedCost" order="1" />
    <link:labelArc xlink:type="arc" xlink:arcrole="http://www.xbrl.org/2003/arcrole/concept-label" xlink:from="CashReceiptsFromSalesOfEquityOrDebtInstrumentsOfOtherEntitiesClassifiedAsInvestingActivitiesMeasuredAtFairValueThroughOtherComprehensiveIncome" xlink:to="label_CashReceiptsFromSalesOfEquityOrDebtInstrumentsOfOtherEntitiesClassifiedAsInvestingActivitiesMeasuredAtFairValueThroughOtherComprehensiveIncome" order="1" />
    <link:labelArc xlink:type="arc" xlink:arcrole="http://www.xbrl.org/2003/arcrole/concept-label" xlink:from="ContributionToTheResolutionFundAndTheDepositProtectionFund" xlink:to="label_ContributionToTheResolutionFundAndTheDepositProtectionFund" order="1" />
    <link:labelArc xlink:type="arc" xlink:arcrole="http://www.xbrl.org/2003/arcrole/concept-label" xlink:from="DistributionOfGainsFromAt1" xlink:to="label_DistributionOfGainsFromAt1" order="1" />
    <link:labelArc xlink:type="arc" xlink:arcrole="http://www.xbrl.org/2003/arcrole/concept-label" xlink:from="DividendsRecognisedAsDistributionsToOwnersOrdinaryShares" xlink:to="label_DividendsRecognisedAsDistributionsToOwnersOrdinaryShares" order="1" />
    <link:labelArc xlink:type="arc" xlink:arcrole="http://www.xbrl.org/2003/arcrole/concept-label" xlink:from="DividendsRecognisedAsDistributionsToOwnersPreferenceShares" xlink:to="label_DividendsRecognisedAsDistributionsToOwnersPreferenceShares" order="1" />
    <link:labelArc xlink:type="arc" xlink:arcrole="http://www.xbrl.org/2003/arcrole/concept-label" xlink:from="EquityExcludingProfitLossForReportingPeriod" xlink:to="label_EquityExcludingProfitLossForReportingPeriod" order="1" />
    <link:labelArc xlink:type="arc" xlink:arcrole="http://www.xbrl.org/2003/arcrole/concept-label" xlink:from="GainLossArisingFromDerecognitionOfFinancialAssetsMeasuredAtAmortisedCostAndFinancialAssetsMeasuredAtFairValueThroughOtherComprehensiveIncome" xlink:to="label_GainLossArisingFromDerecognitionOfFinancialAssetsMeasuredAtAmortisedCostAndFinancialAssetsMeasuredAtFairValueThroughOtherComprehensiveIncome" order="1" />
    <link:labelArc xlink:type="arc" xlink:arcrole="http://www.xbrl.org/2003/arcrole/concept-label" xlink:from="GainLossesOnNonCurrentAssetsHeldForSale" xlink:to="label_GainLossesOnNonCurrentAssetsHeldForSale" order="1" />
    <link:labelArc xlink:type="arc" xlink:arcrole="http://www.xbrl.org/2003/arcrole/concept-label" xlink:from="GainsLossesOnFinancialAssetsAtFairValueThroughProfitOrLossClassifiedAsHeldForTradingAndGainsLossesOnExchangeDifferencesOnTranslationRecognisedInProfitOrLoss" xlink:to="label_GainsLossesOnFinancialAssetsAtFairValueThroughProfitOrLossClassifiedAsHeldForTradingAndGainsLossesOnExchangeDifferencesOnTranslationRecognisedInProfitOrLoss" order="1" />
    <link:labelArc xlink:type="arc" xlink:arcrole="http://www.xbrl.org/2003/arcrole/concept-label" xlink:from="IncreaseDecreaseInLegalProceedingsProvisions" xlink:to="label_IncreaseDecreaseInLegalProceedingsProvisions" order="1" />
    <link:labelArc xlink:type="arc" xlink:arcrole="http://www.xbrl.org/2003/arcrole/concept-label" xlink:from="IncreaseDecreaseProvisionsForExpectedLossesOnCommitmentsAndGuarantees" xlink:to="label_IncreaseDecreaseProvisionsForExpectedLossesOnCommitmentsAndGuarantees" order="1" />
    <link:labelArc xlink:type="arc" xlink:arcrole="http://www.xbrl.org/2003/arcrole/concept-label" xlink:from="InterestRevenueCalculatedNotUsingEffectiveInterestMethod" xlink:to="label_InterestRevenueCalculatedNotUsingEffectiveInterestMethod" order="1" />
    <link:labelArc xlink:type="arc" xlink:arcrole="http://www.xbrl.org/2003/arcrole/concept-label" xlink:from="InterestRevenueExpenseAndDividends" xlink:to="label_InterestRevenueExpenseAndDividends" order="1" />
    <link:labelArc xlink:type="arc" xlink:arcrole="http://www.xbrl.org/2003/arcrole/concept-label" xlink:from="IssuedCapitalOrdinarySharesMember" xlink:to="label_IssuedCapitalOrdinarySharesMember" order="1" />
    <link:labelArc xlink:type="arc" xlink:arcrole="http://www.xbrl.org/2003/arcrole/concept-label" xlink:from="ProfitDistribution" xlink:to="label_ProfitDistribution" order="1" />
    <link:labelArc xlink:type="arc" xlink:arcrole="http://www.xbrl.org/2003/arcrole/concept-label" xlink:from="ProfitOrLossForReportingPeriod" xlink:to="label_ProfitOrLossForReportingPeriod" order="1" />
    <link:labelArc xlink:type="arc" xlink:arcrole="http://www.xbrl.org/2003/arcrole/concept-label" xlink:from="PurchaseOfGoodwillClassifiedAsInvestingActivities" xlink:to="label_PurchaseOfGoodwillClassifiedAsInvestingActivities" order="1" />
    <link:labelArc xlink:type="arc" xlink:arcrole="http://www.xbrl.org/2003/arcrole/concept-label" xlink:from="Reclassification" xlink:to="label_Reclassification" order="1" />
    <link:labelArc xlink:type="arc" xlink:arcrole="http://www.xbrl.org/2003/arcrole/concept-label" xlink:from="RetainedEarningsExcludingProfitLossForReportingPeriodMember" xlink:to="label_RetainedEarningsExcludingProfitLossForReportingPeriodMember" order="1" />
    <link:labelArc xlink:type="arc" xlink:arcrole="http://www.xbrl.org/2003/arcrole/concept-label" xlink:from="RetainedEarningsProfitLossForReportingPeriodMember" xlink:to="label_RetainedEarningsProfitLossForReportingPeriodMember" order="1" />
    <link:labelArc xlink:type="arc" xlink:arcrole="http://www.xbrl.org/2003/arcrole/concept-label" xlink:from="SaleOfOrdinaryAndPreferenceShares" xlink:to="label_SaleOfOrdinaryAndPreferenceShares" order="1" />
    <link:labelArc xlink:type="arc" xlink:arcrole="http://www.xbrl.org/2003/arcrole/concept-label" xlink:from="SharePremiumOrdinarySharesMember" xlink:to="label_SharePremiumOrdinarySharesMember" order="1" />
    <link:labelArc xlink:type="arc" xlink:arcrole="http://www.xbrl.org/2003/arcrole/concept-label" xlink:from="SpecialLevyOfSelectedFinancialInstitutions" xlink:to="label_SpecialLevyOfSelectedFinancialInstitutions" order="1" />
    <link:labelArc xlink:type="arc" xlink:arcrole="http://www.xbrl.org/2003/arcrole/concept-label" xlink:from="TransferWithinTheComponentsOfEquity" xlink:to="label_TransferWithinTheComponentsOfEquity" order="1" />
  </link:labelLink>
</link:linkbase>