<?xml version="1.0" encoding="utf-8"?>
<linkbase xsi:schemaLocation="http://www.xbrl.org/2003/linkbase http://www.xbrl.org/2003/xbrl-linkbase-2003-12-31.xsd" xmlns:xsi="http://www.w3.org/2001/XMLSchema-instance" xmlns="http://www.xbrl.org/2003/linkbase">
  <roleRef roleURI="http://rbinternational.com/roles/IncomeStatement" xlink:href="rbi-2021-12-31.xsd#IncomeStatement" xlink:type="simple" xmlns:xlink="http://www.w3.org/1999/xlink" />
  <roleRef roleURI="http://rbinternational.com/roles/OtherComprehensiveIncomeAndTotalComprehensiveIncome" xlink:href="rbi-2021-12-31.xsd#OtherComprehensiveIncomeAndTotalComprehensiveIncome" xlink:type="simple" xmlns:xlink="http://www.w3.org/1999/xlink" />
  <roleRef roleURI="http://rbinternational.com/roles/BalanceSheet" xlink:href="rbi-2021-12-31.xsd#BalanceSheet" xlink:type="simple" xmlns:xlink="http://www.w3.org/1999/xlink" />
  <roleRef roleURI="http://rbinternational.com/roles/StatementOfCashFlows" xlink:href="rbi-2021-12-31.xsd#StatementOfCashFlows" xlink:type="simple" xmlns:xlink="http://www.w3.org/1999/xlink" />
  <calculationLink xlink:role="http://rbinternational.com/roles/IncomeStatement" xlink:type="extended" xmlns:xlink="http://www.w3.org/1999/xlink">
    <loc xlink:type="locator" xlink:href="http://xbrl.ifrs.org/taxonomy/2020-03-16/full_ifrs/full_ifrs-cor_2020-03-16.xsd#ifrs-full_EmployeeBenefitsExpense" xlink:label="ifrs-full_EmployeeBenefitsExpense" />
    <loc xlink:type="locator" xlink:href="http://xbrl.ifrs.org/taxonomy/2020-03-16/full_ifrs/full_ifrs-cor_2020-03-16.xsd#ifrs-full_GeneralAndAdministrativeExpense" xlink:label="ifrs-full_GeneralAndAdministrativeExpense" />
    <loc xlink:type="locator" xlink:href="http://xbrl.ifrs.org/taxonomy/2020-03-16/full_ifrs/full_ifrs-cor_2020-03-16.xsd#ifrs-full_ProfitLossFromOperatingActivities" xlink:label="ifrs-full_ProfitLossFromOperatingActivities" />
    <loc xlink:type="locator" xlink:href="http://xbrl.ifrs.org/taxonomy/2020-03-16/full_ifrs/full_ifrs-cor_2020-03-16.xsd#ifrs-full_ShareOfProfitLossOfAssociatesAccountedForUsingEquityMethod" xlink:label="ifrs-full_ShareOfProfitLossOfAssociatesAccountedForUsingEquityMethod" />
    <loc xlink:type="locator" xlink:href="http://xbrl.ifrs.org/taxonomy/2020-03-16/full_ifrs/full_ifrs-cor_2020-03-16.xsd#ifrs-full_FeeAndCommissionIncome" xlink:label="ifrs-full_FeeAndCommissionIncome" />
    <loc xlink:type="locator" xlink:href="http://xbrl.ifrs.org/taxonomy/2020-03-16/full_ifrs/full_ifrs-cor_2020-03-16.xsd#ifrs-full_RevenueFromDividends" xlink:label="ifrs-full_RevenueFromDividends" />
    <loc xlink:type="locator" xlink:href="rbi-2021-12-31.xsd#RBI_OperatingIncome" xlink:label="RBI_OperatingIncome" />
    <loc xlink:type="locator" xlink:href="http://xbrl.ifrs.org/taxonomy/2020-03-16/full_ifrs/full_ifrs-cor_2020-03-16.xsd#ifrs-full_OtherGainsLosses" xlink:label="ifrs-full_OtherGainsLosses" />
    <loc xlink:type="locator" xlink:href="http://xbrl.ifrs.org/taxonomy/2020-03-16/full_ifrs/full_ifrs-cor_2020-03-16.xsd#ifrs-full_IncomeTaxExpenseContinuingOperations" xlink:label="ifrs-full_IncomeTaxExpenseContinuingOperations" />
    <loc xlink:type="locator" xlink:href="http://xbrl.ifrs.org/taxonomy/2020-03-16/full_ifrs/full_ifrs-cor_2020-03-16.xsd#ifrs-full_InterestExpense" xlink:label="ifrs-full_InterestExpense" />
    <loc xlink:type="locator" xlink:href="http://xbrl.ifrs.org/taxonomy/2020-03-16/full_ifrs/full_ifrs-cor_2020-03-16.xsd#ifrs-full_InterestRevenueCalculatedUsingEffectiveInterestMethod" xlink:label="ifrs-full_InterestRevenueCalculatedUsingEffectiveInterestMethod" />
    <loc xlink:type="locator" xlink:href="http://xbrl.ifrs.org/taxonomy/2020-03-16/full_ifrs/full_ifrs-cor_2020-03-16.xsd#ifrs-full_ProfitLoss" xlink:label="ifrs-full_ProfitLoss" />
    <loc xlink:type="locator" xlink:href="rbi-2021-12-31.xsd#RBI_NetTradingIncomeAndFairValueResult" xlink:label="RBI_NetTradingIncomeAndFairValueResult" />
    <loc xlink:type="locator" xlink:href="http://xbrl.ifrs.org/taxonomy/2020-03-16/full_ifrs/full_ifrs-cor_2020-03-16.xsd#ifrs-full_ProfitLossFromContinuingOperations" xlink:label="ifrs-full_ProfitLossFromContinuingOperations" />
    <loc xlink:type="locator" xlink:href="http://xbrl.ifrs.org/taxonomy/2020-03-16/full_ifrs/full_ifrs-cor_2020-03-16.xsd#ifrs-full_RevenueFromInterest" xlink:label="ifrs-full_RevenueFromInterest" />
    <loc xlink:type="locator" xlink:href="http://xbrl.ifrs.org/taxonomy/2020-03-16/full_ifrs/full_ifrs-cor_2020-03-16.xsd#ifrs-full_FeeAndCommissionIncomeExpense" xlink:label="ifrs-full_FeeAndCommissionIncomeExpense" />
    <loc xlink:type="locator" xlink:href="http://xbrl.ifrs.org/taxonomy/2020-03-16/full_ifrs/full_ifrs-cor_2020-03-16.xsd#ifrs-full_ProfitLossBeforeTax" xlink:label="ifrs-full_ProfitLossBeforeTax" />
    <loc xlink:type="locator" xlink:href="rbi-2021-12-31.xsd#RBI_OtherAdministrativeExpenses" xlink:label="RBI_OtherAdministrativeExpenses" />
    <loc xlink:type="locator" xlink:href="http://xbrl.ifrs.org/taxonomy/2020-03-16/full_ifrs/full_ifrs-cor_2020-03-16.xsd#ifrs-full_DepreciationAndAmortisationExpense" xlink:label="ifrs-full_DepreciationAndAmortisationExpense" />
    <loc xlink:type="locator" xlink:href="http://xbrl.ifrs.org/taxonomy/2020-03-16/full_ifrs/full_ifrs-cor_2020-03-16.xsd#ifrs-full_ProfitLossFromDiscontinuedOperations" xlink:label="ifrs-full_ProfitLossFromDiscontinuedOperations" />
    <loc xlink:type="locator" xlink:href="rbi-2021-12-31.xsd#RBI_LevisAndSpecialGovernmentalMeasures" xlink:label="RBI_LevisAndSpecialGovernmentalMeasures" />
    <loc xlink:type="locator" xlink:href="http://xbrl.ifrs.org/taxonomy/2020-03-16/full_ifrs/full_ifrs-cor_2020-03-16.xsd#ifrs-full_ImpairmentLossImpairmentGainAndReversalOfImpairmentLossDeterminedInAccordanceWithIFRS9" xlink:label="ifrs-full_ImpairmentLossImpairmentGainAndReversalOfImpairmentLossDeterminedInAccordanceWithIFRS9" />
    <loc xlink:type="locator" xlink:href="rbi-2021-12-31.xsd#RBI_NetGainsLossesFromHedgeAccounting" xlink:label="RBI_NetGainsLossesFromHedgeAccounting" />
    <loc xlink:type="locator" xlink:href="http://xbrl.ifrs.org/taxonomy/2020-03-16/full_ifrs/full_ifrs-cor_2020-03-16.xsd#ifrs-full_FeeAndCommissionExpense" xlink:label="ifrs-full_FeeAndCommissionExpense" />
    <loc xlink:type="locator" xlink:href="http://xbrl.ifrs.org/taxonomy/2020-03-16/full_ifrs/full_ifrs-cor_2020-03-16.xsd#ifrs-full_InterestRevenueExpense" xlink:label="ifrs-full_InterestRevenueExpense" />
    <loc xlink:type="locator" xlink:href="http://xbrl.ifrs.org/taxonomy/2020-03-16/full_ifrs/full_ifrs-cor_2020-03-16.xsd#ifrs-full_OtherOperatingIncomeExpense" xlink:label="ifrs-full_OtherOperatingIncomeExpense" />
    <calculationArc xlink:type="arc" xlink:from="ifrs-full_InterestRevenueExpense" xlink:to="ifrs-full_InterestRevenueCalculatedUsingEffectiveInterestMethod" order="3" xlink:arcrole="http://www.xbrl.org/2003/arcrole/summation-item" priority="1" weight="1.0" />
    <calculationArc xlink:type="arc" xlink:from="ifrs-full_InterestRevenueExpense" xlink:to="ifrs-full_RevenueFromInterest" order="4" xlink:arcrole="http://www.xbrl.org/2003/arcrole/summation-item" priority="1" weight="1.0" />
    <calculationArc xlink:type="arc" xlink:from="ifrs-full_InterestRevenueExpense" xlink:to="ifrs-full_InterestExpense" order="5" xlink:arcrole="http://www.xbrl.org/2003/arcrole/summation-item" priority="1" weight="-1.0" />
    <calculationArc xlink:type="arc" xlink:from="ifrs-full_FeeAndCommissionIncomeExpense" xlink:to="ifrs-full_FeeAndCommissionIncome" order="9" xlink:arcrole="http://www.xbrl.org/2003/arcrole/summation-item" priority="1" weight="1.0" />
    <calculationArc xlink:type="arc" xlink:from="ifrs-full_FeeAndCommissionIncomeExpense" xlink:to="ifrs-full_FeeAndCommissionExpense" order="10" xlink:arcrole="http://www.xbrl.org/2003/arcrole/summation-item" priority="1" weight="-1.0" />
    <calculationArc xlink:type="arc" xlink:from="RBI_OperatingIncome" xlink:to="ifrs-full_InterestRevenueExpense" order="2" xlink:arcrole="http://www.xbrl.org/2003/arcrole/summation-item" priority="1" weight="1.0" />
    <calculationArc xlink:type="arc" xlink:from="RBI_OperatingIncome" xlink:to="ifrs-full_RevenueFromDividends" order="6" xlink:arcrole="http://www.xbrl.org/2003/arcrole/summation-item" priority="1" weight="1.0" />
    <calculationArc xlink:type="arc" xlink:from="RBI_OperatingIncome" xlink:to="ifrs-full_ShareOfProfitLossOfAssociatesAccountedForUsingEquityMethod" order="7" xlink:arcrole="http://www.xbrl.org/2003/arcrole/summation-item" priority="1" weight="1.0" />
    <calculationArc xlink:type="arc" xlink:from="RBI_OperatingIncome" xlink:to="ifrs-full_FeeAndCommissionIncomeExpense" order="8" xlink:arcrole="http://www.xbrl.org/2003/arcrole/summation-item" priority="1" weight="1.0" />
    <calculationArc xlink:type="arc" xlink:from="RBI_OperatingIncome" xlink:to="ifrs-full_OtherOperatingIncomeExpense" order="13" xlink:arcrole="http://www.xbrl.org/2003/arcrole/summation-item" priority="1" weight="1.0" />
    <calculationArc xlink:type="arc" xlink:from="RBI_OperatingIncome" xlink:to="RBI_NetGainsLossesFromHedgeAccounting" order="12" xlink:arcrole="http://www.xbrl.org/2003/arcrole/summation-item" priority="1" weight="1.0" />
    <calculationArc xlink:type="arc" xlink:from="RBI_OperatingIncome" xlink:to="RBI_NetTradingIncomeAndFairValueResult" order="11" xlink:arcrole="http://www.xbrl.org/2003/arcrole/summation-item" priority="1" weight="1.0" />
    <calculationArc xlink:type="arc" xlink:from="ifrs-full_GeneralAndAdministrativeExpense" xlink:to="ifrs-full_DepreciationAndAmortisationExpense" order="17" xlink:arcrole="http://www.xbrl.org/2003/arcrole/summation-item" priority="1" weight="1.0" />
    <calculationArc xlink:type="arc" xlink:from="ifrs-full_GeneralAndAdministrativeExpense" xlink:to="RBI_OtherAdministrativeExpenses" order="16" xlink:arcrole="http://www.xbrl.org/2003/arcrole/summation-item" priority="1" weight="1.0" />
    <calculationArc xlink:type="arc" xlink:from="ifrs-full_GeneralAndAdministrativeExpense" xlink:to="ifrs-full_EmployeeBenefitsExpense" order="15" xlink:arcrole="http://www.xbrl.org/2003/arcrole/summation-item" priority="1" weight="1.0" />
    <calculationArc xlink:type="arc" xlink:from="ifrs-full_ProfitLossFromOperatingActivities" xlink:to="RBI_OperatingIncome" order="14" xlink:arcrole="http://www.xbrl.org/2003/arcrole/summation-item" priority="1" weight="1.0" />
    <calculationArc xlink:type="arc" xlink:from="ifrs-full_ProfitLossFromOperatingActivities" xlink:to="ifrs-full_GeneralAndAdministrativeExpense" order="18" xlink:arcrole="http://www.xbrl.org/2003/arcrole/summation-item" priority="1" weight="-1.0" />
    <calculationArc xlink:type="arc" xlink:from="ifrs-full_ProfitLossBeforeTax" xlink:to="ifrs-full_ProfitLossFromOperatingActivities" order="19" xlink:arcrole="http://www.xbrl.org/2003/arcrole/summation-item" priority="1" weight="1.0" />
    <calculationArc xlink:type="arc" xlink:from="ifrs-full_ProfitLossBeforeTax" xlink:to="ifrs-full_OtherGainsLosses" order="20" xlink:arcrole="http://www.xbrl.org/2003/arcrole/summation-item" priority="1" weight="1.0" />
    <calculationArc xlink:type="arc" xlink:from="ifrs-full_ProfitLossBeforeTax" xlink:to="RBI_LevisAndSpecialGovernmentalMeasures" order="21" xlink:arcrole="http://www.xbrl.org/2003/arcrole/summation-item" priority="1" weight="-1.0" />
    <calculationArc xlink:type="arc" xlink:from="ifrs-full_ProfitLossBeforeTax" xlink:to="ifrs-full_ImpairmentLossImpairmentGainAndReversalOfImpairmentLossDeterminedInAccordanceWithIFRS9" order="22" xlink:arcrole="http://www.xbrl.org/2003/arcrole/summation-item" priority="1" weight="-1.0" />
    <calculationArc xlink:type="arc" xlink:from="ifrs-full_ProfitLoss" xlink:to="ifrs-full_ProfitLossBeforeTax" order="23" xlink:arcrole="http://www.xbrl.org/2003/arcrole/summation-item" priority="1" weight="1.0" />
    <calculationArc xlink:type="arc" xlink:from="ifrs-full_ProfitLoss" xlink:to="ifrs-full_IncomeTaxExpenseContinuingOperations" order="24" xlink:arcrole="http://www.xbrl.org/2003/arcrole/summation-item" priority="1" weight="-1.0" />
    <calculationArc xlink:type="arc" xlink:from="ifrs-full_ProfitLoss" xlink:to="ifrs-full_ProfitLossFromDiscontinuedOperations" order="26" xlink:arcrole="http://www.xbrl.org/2003/arcrole/summation-item" priority="1" weight="1.0" />
    <calculationArc xlink:type="arc" xlink:from="ifrs-full_ProfitLossFromContinuingOperations" xlink:to="ifrs-full_IncomeTaxExpenseContinuingOperations" order="24" xlink:arcrole="http://www.xbrl.org/2003/arcrole/summation-item" priority="1" weight="-1.0" />
    <calculationArc xlink:type="arc" xlink:from="ifrs-full_ProfitLossFromContinuingOperations" xlink:to="ifrs-full_ProfitLossBeforeTax" order="23" xlink:arcrole="http://www.xbrl.org/2003/arcrole/summation-item" priority="1" weight="1.0" />
  </calculationLink>
  <calculationLink xlink:role="http://rbinternational.com/roles/OtherComprehensiveIncomeAndTotalComprehensiveIncome" xlink:type="extended" xmlns:xlink="http://www.w3.org/1999/xlink">
    <loc xlink:type="locator" xlink:href="http://xbrl.ifrs.org/taxonomy/2020-03-16/full_ifrs/full_ifrs-cor_2020-03-16.xsd#ifrs-full_OtherComprehensiveIncomeBeforeTaxGainsLossesOnRemeasurementsOfDefinedBenefitPlans" xlink:label="ifrs-full_OtherComprehensiveIncomeBeforeTaxGainsLossesOnRemeasurementsOfDefinedBenefitPlans" />
    <loc xlink:type="locator" xlink:href="http://xbrl.ifrs.org/taxonomy/2020-03-16/full_ifrs/full_ifrs-cor_2020-03-16.xsd#ifrs-full_GainsLossesOnCashFlowHedgesBeforeTax" xlink:label="ifrs-full_GainsLossesOnCashFlowHedgesBeforeTax" />
    <loc xlink:type="locator" xlink:href="http://xbrl.ifrs.org/taxonomy/2020-03-16/full_ifrs/full_ifrs-cor_2020-03-16.xsd#ifrs-full_IncomeTaxRelatingToComponentsOfOtherComprehensiveIncomeThatWillNotBeReclassifiedToProfitOrLoss" xlink:label="ifrs-full_IncomeTaxRelatingToComponentsOfOtherComprehensiveIncomeThatWillNotBeReclassifiedToProfitOrLoss" />
    <loc xlink:type="locator" xlink:href="http://xbrl.ifrs.org/taxonomy/2020-03-16/full_ifrs/full_ifrs-cor_2020-03-16.xsd#ifrs-full_ComprehensiveIncome" xlink:label="ifrs-full_ComprehensiveIncome" />
    <loc xlink:type="locator" xlink:href="http://xbrl.ifrs.org/taxonomy/2020-03-16/full_ifrs/full_ifrs-cor_2020-03-16.xsd#ifrs-full_GainsLossesOnExchangeDifferencesOnTranslationBeforeTax" xlink:label="ifrs-full_GainsLossesOnExchangeDifferencesOnTranslationBeforeTax" />
    <loc xlink:type="locator" xlink:href="http://xbrl.ifrs.org/taxonomy/2020-03-16/full_ifrs/full_ifrs-cor_2020-03-16.xsd#ifrs-full_OtherComprehensiveIncomeThatWillNotBeReclassifiedToProfitOrLossBeforeTax" xlink:label="ifrs-full_OtherComprehensiveIncomeThatWillNotBeReclassifiedToProfitOrLossBeforeTax" />
    <loc xlink:type="locator" xlink:href="http://xbrl.ifrs.org/taxonomy/2020-03-16/full_ifrs/full_ifrs-cor_2020-03-16.xsd#ifrs-full_ShareOfOtherComprehensiveIncomeOfAssociatesAndJointVenturesAccountedForUsingEquityMethodThatWillNotBeReclassifiedToProfitOrLossBeforeTax" xlink:label="ifrs-full_ShareOfOtherComprehensiveIncomeOfAssociatesAndJointVenturesAccountedForUsingEquityMethodThatWillNotBeReclassifiedToProfitOrLossBeforeTax" />
    <loc xlink:type="locator" xlink:href="http://xbrl.ifrs.org/taxonomy/2020-03-16/full_ifrs/full_ifrs-cor_2020-03-16.xsd#ifrs-full_ProfitLoss" xlink:label="ifrs-full_ProfitLoss" />
    <loc xlink:type="locator" xlink:href="http://xbrl.ifrs.org/taxonomy/2020-03-16/full_ifrs/full_ifrs-cor_2020-03-16.xsd#ifrs-full_OtherComprehensiveIncome" xlink:label="ifrs-full_OtherComprehensiveIncome" />
    <loc xlink:type="locator" xlink:href="http://xbrl.ifrs.org/taxonomy/2020-03-16/full_ifrs/full_ifrs-cor_2020-03-16.xsd#ifrs-full_OtherComprehensiveIncomeBeforeTaxGainsLossesFromInvestmentsInEquityInstruments" xlink:label="ifrs-full_OtherComprehensiveIncomeBeforeTaxGainsLossesFromInvestmentsInEquityInstruments" />
    <loc xlink:type="locator" xlink:href="http://xbrl.ifrs.org/taxonomy/2020-03-16/full_ifrs/full_ifrs-cor_2020-03-16.xsd#ifrs-full_GainsLossesOnHedgesOfNetInvestmentsInForeignOperationsBeforeTax" xlink:label="ifrs-full_GainsLossesOnHedgesOfNetInvestmentsInForeignOperationsBeforeTax" />
    <loc xlink:type="locator" xlink:href="http://xbrl.ifrs.org/taxonomy/2020-03-16/full_ifrs/full_ifrs-cor_2020-03-16.xsd#ifrs-full_IncomeTaxRelatingToComponentsOfOtherComprehensiveIncomeThatWillBeReclassifiedToProfitOrLoss" xlink:label="ifrs-full_IncomeTaxRelatingToComponentsOfOtherComprehensiveIncomeThatWillBeReclassifiedToProfitOrLoss" />
    <loc xlink:type="locator" xlink:href="http://xbrl.ifrs.org/taxonomy/2020-03-16/full_ifrs/full_ifrs-cor_2020-03-16.xsd#ifrs-full_OtherComprehensiveIncomeThatWillBeReclassifiedToProfitOrLossBeforeTax" xlink:label="ifrs-full_OtherComprehensiveIncomeThatWillBeReclassifiedToProfitOrLossBeforeTax" />
    <loc xlink:type="locator" xlink:href="http://xbrl.ifrs.org/taxonomy/2020-03-16/full_ifrs/full_ifrs-cor_2020-03-16.xsd#ifrs-full_OtherComprehensiveIncomeBeforeTaxChangeInFairValueOfFinancialLiabilityAttributableToChangeInCreditRiskOfLiability" xlink:label="ifrs-full_OtherComprehensiveIncomeBeforeTaxChangeInFairValueOfFinancialLiabilityAttributableToChangeInCreditRiskOfLiability" />
    <loc xlink:type="locator" xlink:href="http://xbrl.ifrs.org/taxonomy/2020-03-16/full_ifrs/full_ifrs-cor_2020-03-16.xsd#ifrs-full_ShareOfOtherComprehensiveIncomeOfAssociatesAndJointVenturesAccountedForUsingEquityMethodThatWillBeReclassifiedToProfitOrLossBeforeTax" xlink:label="ifrs-full_ShareOfOtherComprehensiveIncomeOfAssociatesAndJointVenturesAccountedForUsingEquityMethodThatWillBeReclassifiedToProfitOrLossBeforeTax" />
    <loc xlink:type="locator" xlink:href="http://xbrl.ifrs.org/taxonomy/2020-03-16/full_ifrs/full_ifrs-cor_2020-03-16.xsd#ifrs-full_GainsLossesOnFinancialAssetsMeasuredAtFairValueThroughOtherComprehensiveIncomeBeforeTax" xlink:label="ifrs-full_GainsLossesOnFinancialAssetsMeasuredAtFairValueThroughOtherComprehensiveIncomeBeforeTax" />
    <calculationArc xlink:type="arc" xlink:from="ifrs-full_OtherComprehensiveIncomeThatWillNotBeReclassifiedToProfitOrLossBeforeTax" xlink:to="ifrs-full_OtherComprehensiveIncomeBeforeTaxGainsLossesOnRemeasurementsOfDefinedBenefitPlans" order="4" xlink:arcrole="http://www.xbrl.org/2003/arcrole/summation-item" priority="1" weight="1.0" />
    <calculationArc xlink:type="arc" xlink:from="ifrs-full_OtherComprehensiveIncomeThatWillNotBeReclassifiedToProfitOrLossBeforeTax" xlink:to="ifrs-full_OtherComprehensiveIncomeBeforeTaxGainsLossesFromInvestmentsInEquityInstruments" order="5" xlink:arcrole="http://www.xbrl.org/2003/arcrole/summation-item" priority="1" weight="1.0" />
    <calculationArc xlink:type="arc" xlink:from="ifrs-full_OtherComprehensiveIncomeThatWillNotBeReclassifiedToProfitOrLossBeforeTax" xlink:to="ifrs-full_OtherComprehensiveIncomeBeforeTaxChangeInFairValueOfFinancialLiabilityAttributableToChangeInCreditRiskOfLiability" order="6" xlink:arcrole="http://www.xbrl.org/2003/arcrole/summation-item" priority="1" weight="1.0" />
    <calculationArc xlink:type="arc" xlink:from="ifrs-full_OtherComprehensiveIncomeThatWillNotBeReclassifiedToProfitOrLossBeforeTax" xlink:to="ifrs-full_IncomeTaxRelatingToComponentsOfOtherComprehensiveIncomeThatWillNotBeReclassifiedToProfitOrLoss" order="8" xlink:arcrole="http://www.xbrl.org/2003/arcrole/summation-item" priority="1" weight="-1.0" />
    <calculationArc xlink:type="arc" xlink:from="ifrs-full_OtherComprehensiveIncomeThatWillNotBeReclassifiedToProfitOrLossBeforeTax" xlink:to="ifrs-full_ShareOfOtherComprehensiveIncomeOfAssociatesAndJointVenturesAccountedForUsingEquityMethodThatWillNotBeReclassifiedToProfitOrLossBeforeTax" order="7" xlink:arcrole="http://www.xbrl.org/2003/arcrole/summation-item" priority="1" weight="1.0" />
    <calculationArc xlink:type="arc" xlink:from="ifrs-full_OtherComprehensiveIncomeThatWillBeReclassifiedToProfitOrLossBeforeTax" xlink:to="ifrs-full_GainsLossesOnExchangeDifferencesOnTranslationBeforeTax" order="10" xlink:arcrole="http://www.xbrl.org/2003/arcrole/summation-item" priority="1" weight="1.0" />
    <calculationArc xlink:type="arc" xlink:from="ifrs-full_OtherComprehensiveIncomeThatWillBeReclassifiedToProfitOrLossBeforeTax" xlink:to="ifrs-full_GainsLossesOnHedgesOfNetInvestmentsInForeignOperationsBeforeTax" order="11" xlink:arcrole="http://www.xbrl.org/2003/arcrole/summation-item" priority="1" weight="1.0" />
    <calculationArc xlink:type="arc" xlink:from="ifrs-full_OtherComprehensiveIncomeThatWillBeReclassifiedToProfitOrLossBeforeTax" xlink:to="ifrs-full_GainsLossesOnCashFlowHedgesBeforeTax" order="12" xlink:arcrole="http://www.xbrl.org/2003/arcrole/summation-item" priority="1" weight="1.0" />
    <calculationArc xlink:type="arc" xlink:from="ifrs-full_OtherComprehensiveIncomeThatWillBeReclassifiedToProfitOrLossBeforeTax" xlink:to="ifrs-full_GainsLossesOnFinancialAssetsMeasuredAtFairValueThroughOtherComprehensiveIncomeBeforeTax" order="13" xlink:arcrole="http://www.xbrl.org/2003/arcrole/summation-item" priority="1" weight="1.0" />
    <calculationArc xlink:type="arc" xlink:from="ifrs-full_OtherComprehensiveIncomeThatWillBeReclassifiedToProfitOrLossBeforeTax" xlink:to="ifrs-full_ShareOfOtherComprehensiveIncomeOfAssociatesAndJointVenturesAccountedForUsingEquityMethodThatWillBeReclassifiedToProfitOrLossBeforeTax" order="14" xlink:arcrole="http://www.xbrl.org/2003/arcrole/summation-item" priority="1" weight="1.0" />
    <calculationArc xlink:type="arc" xlink:from="ifrs-full_OtherComprehensiveIncomeThatWillBeReclassifiedToProfitOrLossBeforeTax" xlink:to="ifrs-full_IncomeTaxRelatingToComponentsOfOtherComprehensiveIncomeThatWillBeReclassifiedToProfitOrLoss" order="15" xlink:arcrole="http://www.xbrl.org/2003/arcrole/summation-item" priority="1" weight="-1.0" />
    <calculationArc xlink:type="arc" xlink:from="ifrs-full_OtherComprehensiveIncome" xlink:to="ifrs-full_OtherComprehensiveIncomeThatWillNotBeReclassifiedToProfitOrLossBeforeTax" order="3" xlink:arcrole="http://www.xbrl.org/2003/arcrole/summation-item" priority="1" weight="1.0" />
    <calculationArc xlink:type="arc" xlink:from="ifrs-full_OtherComprehensiveIncome" xlink:to="ifrs-full_OtherComprehensiveIncomeThatWillBeReclassifiedToProfitOrLossBeforeTax" order="9" xlink:arcrole="http://www.xbrl.org/2003/arcrole/summation-item" priority="1" weight="1.0" />
    <calculationArc xlink:type="arc" xlink:from="ifrs-full_ComprehensiveIncome" xlink:to="ifrs-full_ProfitLoss" order="2" xlink:arcrole="http://www.xbrl.org/2003/arcrole/summation-item" priority="1" weight="1.0" />
    <calculationArc xlink:type="arc" xlink:from="ifrs-full_ComprehensiveIncome" xlink:to="ifrs-full_OtherComprehensiveIncome" order="16" xlink:arcrole="http://www.xbrl.org/2003/arcrole/summation-item" priority="1" weight="1.0" />
  </calculationLink>
  <calculationLink xlink:role="http://rbinternational.com/roles/BalanceSheet" xlink:type="extended" xmlns:xlink="http://www.w3.org/1999/xlink">
    <loc xlink:type="locator" xlink:href="http://xbrl.ifrs.org/taxonomy/2020-03-16/full_ifrs/full_ifrs-cor_2020-03-16.xsd#ifrs-full_CurrentTaxAssetsCurrent" xlink:label="ifrs-full_CurrentTaxAssetsCurrent" />
    <loc xlink:type="locator" xlink:href="http://xbrl.ifrs.org/taxonomy/2020-03-16/full_ifrs/full_ifrs-cor_2020-03-16.xsd#ifrs-full_OtherAssets" xlink:label="ifrs-full_OtherAssets" />
    <loc xlink:type="locator" xlink:href="http://xbrl.ifrs.org/taxonomy/2020-03-16/full_ifrs/full_ifrs-cor_2020-03-16.xsd#ifrs-full_DeferredTaxAssets" xlink:label="ifrs-full_DeferredTaxAssets" />
    <loc xlink:type="locator" xlink:href="http://xbrl.ifrs.org/taxonomy/2020-03-16/full_ifrs/full_ifrs-cor_2020-03-16.xsd#ifrs-full_FinancialAssetsAtFairValueThroughProfitOrLossDesignatedAsUponInitialRecognition" xlink:label="ifrs-full_FinancialAssetsAtFairValueThroughProfitOrLossDesignatedAsUponInitialRecognition" />
    <loc xlink:type="locator" xlink:href="http://xbrl.ifrs.org/taxonomy/2020-03-16/full_ifrs/full_ifrs-cor_2020-03-16.xsd#ifrs-full_FinancialLiabilitiesAtFairValueThroughProfitOrLossDesignatedAsUponInitialRecognition" xlink:label="ifrs-full_FinancialLiabilitiesAtFairValueThroughProfitOrLossDesignatedAsUponInitialRecognition" />
    <loc xlink:type="locator" xlink:href="http://xbrl.ifrs.org/taxonomy/2020-03-16/full_ifrs/full_ifrs-cor_2020-03-16.xsd#ifrs-full_FinancialLiabilitiesAtFairValueThroughProfitOrLossClassifiedAsHeldForTrading" xlink:label="ifrs-full_FinancialLiabilitiesAtFairValueThroughProfitOrLossClassifiedAsHeldForTrading" />
    <loc xlink:type="locator" xlink:href="http://xbrl.ifrs.org/taxonomy/2020-03-16/full_ifrs/full_ifrs-cor_2020-03-16.xsd#ifrs-full_DeferredTaxLiabilities" xlink:label="ifrs-full_DeferredTaxLiabilities" />
    <loc xlink:type="locator" xlink:href="http://xbrl.ifrs.org/taxonomy/2020-03-16/full_ifrs/full_ifrs-cor_2020-03-16.xsd#ifrs-full_FinancialAssetsAtAmortisedCost" xlink:label="ifrs-full_FinancialAssetsAtAmortisedCost" />
    <loc xlink:type="locator" xlink:href="http://xbrl.ifrs.org/taxonomy/2020-03-16/full_ifrs/full_ifrs-cor_2020-03-16.xsd#ifrs-full_FinancialLiabilitiesAtAmortisedCost" xlink:label="ifrs-full_FinancialLiabilitiesAtAmortisedCost" />
    <loc xlink:type="locator" xlink:href="http://xbrl.ifrs.org/taxonomy/2020-03-16/full_ifrs/full_ifrs-cor_2020-03-16.xsd#ifrs-full_EquityAttributableToOwnersOfParent" xlink:label="ifrs-full_EquityAttributableToOwnersOfParent" />
    <loc xlink:type="locator" xlink:href="rbi-2021-12-31.xsd#RBI_HedgeAccountingPassiva" xlink:label="RBI_HedgeAccountingPassiva" />
    <loc xlink:type="locator" xlink:href="http://xbrl.ifrs.org/taxonomy/2020-03-16/full_ifrs/full_ifrs-cor_2020-03-16.xsd#ifrs-full_EquityAndLiabilities" xlink:label="ifrs-full_EquityAndLiabilities" />
    <loc xlink:type="locator" xlink:href="http://xbrl.ifrs.org/taxonomy/2020-03-16/full_ifrs/full_ifrs-cor_2020-03-16.xsd#ifrs-full_CurrentTaxLiabilities" xlink:label="ifrs-full_CurrentTaxLiabilities" />
    <loc xlink:type="locator" xlink:href="http://xbrl.ifrs.org/taxonomy/2020-03-16/full_ifrs/full_ifrs-cor_2020-03-16.xsd#ifrs-full_OtherLiabilities" xlink:label="ifrs-full_OtherLiabilities" />
    <loc xlink:type="locator" xlink:href="http://xbrl.ifrs.org/taxonomy/2020-03-16/full_ifrs/full_ifrs-cor_2020-03-16.xsd#ifrs-full_Provisions" xlink:label="ifrs-full_Provisions" />
    <loc xlink:type="locator" xlink:href="http://xbrl.ifrs.org/taxonomy/2020-03-16/full_ifrs/full_ifrs-cor_2020-03-16.xsd#ifrs-full_Equity" xlink:label="ifrs-full_Equity" />
    <loc xlink:type="locator" xlink:href="http://xbrl.ifrs.org/taxonomy/2020-03-16/full_ifrs/full_ifrs-cor_2020-03-16.xsd#ifrs-full_FinancialAssetsAtFairValueThroughProfitOrLossMandatorilyMeasuredAtFairValue" xlink:label="ifrs-full_FinancialAssetsAtFairValueThroughProfitOrLossMandatorilyMeasuredAtFairValue" />
    <loc xlink:type="locator" xlink:href="http://xbrl.ifrs.org/taxonomy/2020-03-16/full_ifrs/full_ifrs-cor_2020-03-16.xsd#ifrs-full_InvestmentsInSubsidiariesJointVenturesAndAssociates" xlink:label="ifrs-full_InvestmentsInSubsidiariesJointVenturesAndAssociates" />
    <loc xlink:type="locator" xlink:href="rbi-2021-12-31.xsd#RBI_HedgeAccountingAktiva" xlink:label="RBI_HedgeAccountingAktiva" />
    <loc xlink:type="locator" xlink:href="http://xbrl.ifrs.org/taxonomy/2020-03-16/full_ifrs/full_ifrs-cor_2020-03-16.xsd#ifrs-full_OtherEquityInterest" xlink:label="ifrs-full_OtherEquityInterest" />
    <loc xlink:type="locator" xlink:href="http://xbrl.ifrs.org/taxonomy/2020-03-16/full_ifrs/full_ifrs-cor_2020-03-16.xsd#ifrs-full_NoncontrollingInterests" xlink:label="ifrs-full_NoncontrollingInterests" />
    <loc xlink:type="locator" xlink:href="http://xbrl.ifrs.org/taxonomy/2020-03-16/full_ifrs/full_ifrs-cor_2020-03-16.xsd#ifrs-full_FinancialAssetsAtFairValueThroughOtherComprehensiveIncome" xlink:label="ifrs-full_FinancialAssetsAtFairValueThroughOtherComprehensiveIncome" />
    <loc xlink:type="locator" xlink:href="http://xbrl.ifrs.org/taxonomy/2020-03-16/full_ifrs/full_ifrs-cor_2020-03-16.xsd#ifrs-full_IntangibleAssetsAndGoodwill" xlink:label="ifrs-full_IntangibleAssetsAndGoodwill" />
    <loc xlink:type="locator" xlink:href="http://xbrl.ifrs.org/taxonomy/2020-03-16/full_ifrs/full_ifrs-cor_2020-03-16.xsd#ifrs-full_LiabilitiesIncludedInDisposalGroupsClassifiedAsHeldForSale" xlink:label="ifrs-full_LiabilitiesIncludedInDisposalGroupsClassifiedAsHeldForSale" />
    <loc xlink:type="locator" xlink:href="http://xbrl.ifrs.org/taxonomy/2020-03-16/full_ifrs/full_ifrs-cor_2020-03-16.xsd#ifrs-full_NoncurrentAssetsOrDisposalGroupsClassifiedAsHeldForSaleOrAsHeldForDistributionToOwners" xlink:label="ifrs-full_NoncurrentAssetsOrDisposalGroupsClassifiedAsHeldForSaleOrAsHeldForDistributionToOwners" />
    <loc xlink:type="locator" xlink:href="http://xbrl.ifrs.org/taxonomy/2020-03-16/full_ifrs/full_ifrs-cor_2020-03-16.xsd#ifrs-full_Assets" xlink:label="ifrs-full_Assets" />
    <loc xlink:type="locator" xlink:href="http://xbrl.ifrs.org/taxonomy/2020-03-16/full_ifrs/full_ifrs-cor_2020-03-16.xsd#ifrs-full_CashAndCashEquivalents" xlink:label="ifrs-full_CashAndCashEquivalents" />
    <loc xlink:type="locator" xlink:href="http://xbrl.ifrs.org/taxonomy/2020-03-16/full_ifrs/full_ifrs-cor_2020-03-16.xsd#ifrs-full_FinancialAssetsAtFairValueThroughProfitOrLossClassifiedAsHeldForTrading" xlink:label="ifrs-full_FinancialAssetsAtFairValueThroughProfitOrLossClassifiedAsHeldForTrading" />
    <loc xlink:type="locator" xlink:href="rbi-2021-12-31.xsd#RBI_TangibleFixedAssets" xlink:label="RBI_TangibleFixedAssets" />
    <calculationArc xlink:type="arc" xlink:from="ifrs-full_Assets" xlink:to="ifrs-full_CashAndCashEquivalents" order="2" xlink:arcrole="http://www.xbrl.org/2003/arcrole/summation-item" priority="1" weight="1.0" />
    <calculationArc xlink:type="arc" xlink:from="ifrs-full_Assets" xlink:to="ifrs-full_FinancialAssetsAtAmortisedCost" order="3" xlink:arcrole="http://www.xbrl.org/2003/arcrole/summation-item" priority="1" weight="1.0" />
    <calculationArc xlink:type="arc" xlink:from="ifrs-full_Assets" xlink:to="ifrs-full_FinancialAssetsAtFairValueThroughOtherComprehensiveIncome" order="4" xlink:arcrole="http://www.xbrl.org/2003/arcrole/summation-item" priority="1" weight="1.0" />
    <calculationArc xlink:type="arc" xlink:from="ifrs-full_Assets" xlink:to="ifrs-full_FinancialAssetsAtFairValueThroughProfitOrLossMandatorilyMeasuredAtFairValue" order="5" xlink:arcrole="http://www.xbrl.org/2003/arcrole/summation-item" priority="1" weight="1.0" />
    <calculationArc xlink:type="arc" xlink:from="ifrs-full_Assets" xlink:to="ifrs-full_FinancialAssetsAtFairValueThroughProfitOrLossDesignatedAsUponInitialRecognition" order="6" xlink:arcrole="http://www.xbrl.org/2003/arcrole/summation-item" priority="1" weight="1.0" />
    <calculationArc xlink:type="arc" xlink:from="ifrs-full_Assets" xlink:to="ifrs-full_FinancialAssetsAtFairValueThroughProfitOrLossClassifiedAsHeldForTrading" order="7" xlink:arcrole="http://www.xbrl.org/2003/arcrole/summation-item" priority="1" weight="1.0" />
    <calculationArc xlink:type="arc" xlink:from="ifrs-full_Assets" xlink:to="RBI_HedgeAccountingAktiva" order="8" xlink:arcrole="http://www.xbrl.org/2003/arcrole/summation-item" priority="1" weight="1.0" />
    <calculationArc xlink:type="arc" xlink:from="ifrs-full_Assets" xlink:to="ifrs-full_InvestmentsInSubsidiariesJointVenturesAndAssociates" order="9" xlink:arcrole="http://www.xbrl.org/2003/arcrole/summation-item" priority="1" weight="1.0" />
    <calculationArc xlink:type="arc" xlink:from="ifrs-full_Assets" xlink:to="RBI_TangibleFixedAssets" order="10" xlink:arcrole="http://www.xbrl.org/2003/arcrole/summation-item" priority="1" weight="1.0" />
    <calculationArc xlink:type="arc" xlink:from="ifrs-full_Assets" xlink:to="ifrs-full_IntangibleAssetsAndGoodwill" order="11" xlink:arcrole="http://www.xbrl.org/2003/arcrole/summation-item" priority="1" weight="1.0" />
    <calculationArc xlink:type="arc" xlink:from="ifrs-full_Assets" xlink:to="ifrs-full_CurrentTaxAssetsCurrent" order="12" xlink:arcrole="http://www.xbrl.org/2003/arcrole/summation-item" priority="1" weight="1.0" />
    <calculationArc xlink:type="arc" xlink:from="ifrs-full_Assets" xlink:to="ifrs-full_DeferredTaxAssets" order="13" xlink:arcrole="http://www.xbrl.org/2003/arcrole/summation-item" priority="1" weight="1.0" />
    <calculationArc xlink:type="arc" xlink:from="ifrs-full_Assets" xlink:to="ifrs-full_OtherAssets" order="15" xlink:arcrole="http://www.xbrl.org/2003/arcrole/summation-item" priority="1" weight="1.0" />
    <calculationArc xlink:type="arc" xlink:from="ifrs-full_Assets" xlink:to="ifrs-full_NoncurrentAssetsOrDisposalGroupsClassifiedAsHeldForSaleOrAsHeldForDistributionToOwners" order="14" xlink:arcrole="http://www.xbrl.org/2003/arcrole/summation-item" priority="1" weight="1.0" />
    <calculationArc xlink:type="arc" xlink:from="ifrs-full_Equity" xlink:to="ifrs-full_EquityAttributableToOwnersOfParent" order="12" xlink:arcrole="http://www.xbrl.org/2003/arcrole/summation-item" priority="1" weight="1.0" />
    <calculationArc xlink:type="arc" xlink:from="ifrs-full_Equity" xlink:to="ifrs-full_NoncontrollingInterests" order="13" xlink:arcrole="http://www.xbrl.org/2003/arcrole/summation-item" priority="1" weight="1.0" />
    <calculationArc xlink:type="arc" xlink:from="ifrs-full_Equity" xlink:to="ifrs-full_OtherEquityInterest" order="14" xlink:arcrole="http://www.xbrl.org/2003/arcrole/summation-item" priority="1" weight="1.0" />
    <calculationArc xlink:type="arc" xlink:from="ifrs-full_EquityAndLiabilities" xlink:to="ifrs-full_FinancialLiabilitiesAtAmortisedCost" order="2" xlink:arcrole="http://www.xbrl.org/2003/arcrole/summation-item" priority="1" weight="1.0" />
    <calculationArc xlink:type="arc" xlink:from="ifrs-full_EquityAndLiabilities" xlink:to="ifrs-full_FinancialLiabilitiesAtFairValueThroughProfitOrLossDesignatedAsUponInitialRecognition" order="3" xlink:arcrole="http://www.xbrl.org/2003/arcrole/summation-item" priority="1" weight="1.0" />
    <calculationArc xlink:type="arc" xlink:from="ifrs-full_EquityAndLiabilities" xlink:to="ifrs-full_FinancialLiabilitiesAtFairValueThroughProfitOrLossClassifiedAsHeldForTrading" order="4" xlink:arcrole="http://www.xbrl.org/2003/arcrole/summation-item" priority="1" weight="1.0" />
    <calculationArc xlink:type="arc" xlink:from="ifrs-full_EquityAndLiabilities" xlink:to="RBI_HedgeAccountingPassiva" order="5" xlink:arcrole="http://www.xbrl.org/2003/arcrole/summation-item" priority="1" weight="1.0" />
    <calculationArc xlink:type="arc" xlink:from="ifrs-full_EquityAndLiabilities" xlink:to="ifrs-full_Provisions" order="6" xlink:arcrole="http://www.xbrl.org/2003/arcrole/summation-item" priority="1" weight="1.0" />
    <calculationArc xlink:type="arc" xlink:from="ifrs-full_EquityAndLiabilities" xlink:to="ifrs-full_CurrentTaxLiabilities" order="7" xlink:arcrole="http://www.xbrl.org/2003/arcrole/summation-item" priority="1" weight="1.0" />
    <calculationArc xlink:type="arc" xlink:from="ifrs-full_EquityAndLiabilities" xlink:to="ifrs-full_DeferredTaxLiabilities" order="8" xlink:arcrole="http://www.xbrl.org/2003/arcrole/summation-item" priority="1" weight="1.0" />
    <calculationArc xlink:type="arc" xlink:from="ifrs-full_EquityAndLiabilities" xlink:to="ifrs-full_OtherLiabilities" order="10" xlink:arcrole="http://www.xbrl.org/2003/arcrole/summation-item" priority="1" weight="1.0" />
    <calculationArc xlink:type="arc" xlink:from="ifrs-full_EquityAndLiabilities" xlink:to="ifrs-full_Equity" order="11" xlink:arcrole="http://www.xbrl.org/2003/arcrole/summation-item" priority="1" weight="1.0" />
    <calculationArc xlink:type="arc" xlink:from="ifrs-full_EquityAndLiabilities" xlink:to="ifrs-full_LiabilitiesIncludedInDisposalGroupsClassifiedAsHeldForSale" order="9" xlink:arcrole="http://www.xbrl.org/2003/arcrole/summation-item" priority="1" weight="1.0" />
  </calculationLink>
  <calculationLink xlink:role="http://rbinternational.com/roles/StatementOfCashFlows" xlink:type="extended" xmlns:xlink="http://www.w3.org/1999/xlink">
    <loc xlink:type="locator" xlink:href="http://xbrl.ifrs.org/taxonomy/2020-03-16/full_ifrs/full_ifrs-cor_2020-03-16.xsd#ifrs-full_PaymentsToAcquireOrRedeemEntitysShares" xlink:label="ifrs-full_PaymentsToAcquireOrRedeemEntitysShares" />
    <loc xlink:type="locator" xlink:href="http://xbrl.ifrs.org/taxonomy/2020-03-16/full_ifrs/full_ifrs-cor_2020-03-16.xsd#ifrs-full_DividendsReceivedClassifiedAsOperatingActivities" xlink:label="ifrs-full_DividendsReceivedClassifiedAsOperatingActivities" />
    <loc xlink:type="locator" xlink:href="rbi-2021-12-31.xsd#RBI_FinancialAssetsDesignatedFairValueThroughProfitLoss" xlink:label="RBI_FinancialAssetsDesignatedFairValueThroughProfitLoss" />
    <loc xlink:type="locator" xlink:href="rbi-2021-12-31.xsd#RBI_OtherAssets" xlink:label="RBI_OtherAssets" />
    <loc xlink:type="locator" xlink:href="rbi-2021-12-31.xsd#RBI_NonTradingFinancialAssetsMandatorilyFairValueThroughProfitLoss" xlink:label="RBI_NonTradingFinancialAssetsMandatorilyFairValueThroughProfitLoss" />
    <loc xlink:type="locator" xlink:href="http://xbrl.ifrs.org/taxonomy/2020-03-16/full_ifrs/full_ifrs-cor_2020-03-16.xsd#ifrs-full_DividendsPaidClassifiedAsFinancingActivities" xlink:label="ifrs-full_DividendsPaidClassifiedAsFinancingActivities" />
    <loc xlink:type="locator" xlink:href="http://xbrl.ifrs.org/taxonomy/2020-03-16/full_ifrs/full_ifrs-cor_2020-03-16.xsd#ifrs-full_OtherInflowsOutflowsOfCashClassifiedAsInvestingActivities" xlink:label="ifrs-full_OtherInflowsOutflowsOfCashClassifiedAsInvestingActivities" />
    <loc xlink:type="locator" xlink:href="http://xbrl.ifrs.org/taxonomy/2020-03-16/full_ifrs/full_ifrs-cor_2020-03-16.xsd#ifrs-full_CashFlowsFromUsedInOperatingActivities" xlink:label="ifrs-full_CashFlowsFromUsedInOperatingActivities" />
    <loc xlink:type="locator" xlink:href="rbi-2021-12-31.xsd#RBI_FianancialAssetsAmortizedCost" xlink:label="RBI_FianancialAssetsAmortizedCost" />
    <loc xlink:type="locator" xlink:href="http://xbrl.ifrs.org/taxonomy/2020-03-16/full_ifrs/full_ifrs-cor_2020-03-16.xsd#ifrs-full_CashFlowsFromUsedInFinancingActivities" xlink:label="ifrs-full_CashFlowsFromUsedInFinancingActivities" />
    <loc xlink:type="locator" xlink:href="rbi-2021-12-31.xsd#RBI_TangibleAndIntangibleFixedAssetsPurchase" xlink:label="RBI_TangibleAndIntangibleFixedAssetsPurchase" />
    <loc xlink:type="locator" xlink:href="http://xbrl.ifrs.org/taxonomy/2020-03-16/full_ifrs/full_ifrs-cor_2020-03-16.xsd#ifrs-full_RepaymentsOfSubordinatedLiabilities" xlink:label="ifrs-full_RepaymentsOfSubordinatedLiabilities" />
    <loc xlink:type="locator" xlink:href="rbi-2021-12-31.xsd#RBI_FinancialLiabilitiesAmortizedCost" xlink:label="RBI_FinancialLiabilitiesAmortizedCost" />
    <loc xlink:type="locator" xlink:href="rbi-2021-12-31.xsd#RBI_OtherLiabilities" xlink:label="RBI_OtherLiabilities" />
    <loc xlink:type="locator" xlink:href="http://xbrl.ifrs.org/taxonomy/2020-03-16/full_ifrs/full_ifrs-cor_2020-03-16.xsd#ifrs-full_OtherCashPaymentsToAcquireEquityOrDebtInstrumentsOfOtherEntitiesClassifiedAsInvestingActivities" xlink:label="ifrs-full_OtherCashPaymentsToAcquireEquityOrDebtInstrumentsOfOtherEntitiesClassifiedAsInvestingActivities" />
    <loc xlink:type="locator" xlink:href="http://xbrl.ifrs.org/taxonomy/2020-03-16/full_ifrs/full_ifrs-cor_2020-03-16.xsd#ifrs-full_CashFlowsUsedInObtainingControlOfSubsidiariesOrOtherBusinessesClassifiedAsInvestingActivities" xlink:label="ifrs-full_CashFlowsUsedInObtainingControlOfSubsidiariesOrOtherBusinessesClassifiedAsInvestingActivities" />
    <loc xlink:type="locator" xlink:href="http://xbrl.ifrs.org/taxonomy/2020-03-16/full_ifrs/full_ifrs-cor_2020-03-16.xsd#ifrs-full_CashFlowsFromLosingControlOfSubsidiariesOrOtherBusinessesClassifiedAsInvestingActivities" xlink:label="ifrs-full_CashFlowsFromLosingControlOfSubsidiariesOrOtherBusinessesClassifiedAsInvestingActivities" />
    <loc xlink:type="locator" xlink:href="http://xbrl.ifrs.org/taxonomy/2020-03-16/full_ifrs/full_ifrs-cor_2020-03-16.xsd#ifrs-full_InterestPaidClassifiedAsOperatingActivities" xlink:label="ifrs-full_InterestPaidClassifiedAsOperatingActivities" />
    <loc xlink:type="locator" xlink:href="http://xbrl.ifrs.org/taxonomy/2020-03-16/full_ifrs/full_ifrs-cor_2020-03-16.xsd#ifrs-full_IncomeTaxesPaidRefundClassifiedAsOperatingActivities" xlink:label="ifrs-full_IncomeTaxesPaidRefundClassifiedAsOperatingActivities" />
    <loc xlink:type="locator" xlink:href="rbi-2021-12-31.xsd#RBI_FinancialLiabilitesDesignatedFairValueThroughProfitLoss" xlink:label="RBI_FinancialLiabilitesDesignatedFairValueThroughProfitLoss" />
    <loc xlink:type="locator" xlink:href="rbi-2021-12-31.xsd#RBI_ProvisionsForLiabilitesAndCharges" xlink:label="RBI_ProvisionsForLiabilitesAndCharges" />
    <loc xlink:type="locator" xlink:href="http://xbrl.ifrs.org/taxonomy/2020-03-16/full_ifrs/full_ifrs-cor_2020-03-16.xsd#ifrs-full_AdjustmentsForReconcileProfitLoss" xlink:label="ifrs-full_AdjustmentsForReconcileProfitLoss" />
    <loc xlink:type="locator" xlink:href="http://xbrl.ifrs.org/taxonomy/2020-03-16/full_ifrs/full_ifrs-cor_2020-03-16.xsd#ifrs-full_ProceedsFromIssuingShares" xlink:label="ifrs-full_ProceedsFromIssuingShares" />
    <loc xlink:type="locator" xlink:href="http://xbrl.ifrs.org/taxonomy/2020-03-16/full_ifrs/full_ifrs-cor_2020-03-16.xsd#ifrs-full_ProceedsFromIssueOfSubordinatedLiabilities" xlink:label="ifrs-full_ProceedsFromIssueOfSubordinatedLiabilities" />
    <loc xlink:type="locator" xlink:href="http://xbrl.ifrs.org/taxonomy/2020-03-16/full_ifrs/full_ifrs-cor_2020-03-16.xsd#ifrs-full_ProceedsFromChangesInOwnershipInterestsInSubsidiaries" xlink:label="ifrs-full_ProceedsFromChangesInOwnershipInterestsInSubsidiaries" />
    <loc xlink:type="locator" xlink:href="http://xbrl.ifrs.org/taxonomy/2020-03-16/full_ifrs/full_ifrs-cor_2020-03-16.xsd#ifrs-full_OtherCashReceiptsFromSalesOfEquityOrDebtInstrumentsOfOtherEntitiesClassifiedAsInvestingActivities" xlink:label="ifrs-full_OtherCashReceiptsFromSalesOfEquityOrDebtInstrumentsOfOtherEntitiesClassifiedAsInvestingActivities" />
    <loc xlink:type="locator" xlink:href="rbi-2021-12-31.xsd#RBI_FinancialAssetsHeldForTrading" xlink:label="RBI_FinancialAssetsHeldForTrading" />
    <loc xlink:type="locator" xlink:href="rbi-2021-12-31.xsd#RBI_FinancialLiabilitesHeldForTrading" xlink:label="RBI_FinancialLiabilitesHeldForTrading" />
    <loc xlink:type="locator" xlink:href="http://xbrl.ifrs.org/taxonomy/2020-03-16/full_ifrs/full_ifrs-cor_2020-03-16.xsd#ifrs-full_CashFlowsFromUsedInInvestingActivities" xlink:label="ifrs-full_CashFlowsFromUsedInInvestingActivities" />
    <loc xlink:type="locator" xlink:href="rbi-2021-12-31.xsd#RBI_FinancialAssetsFairValueThroughOtherComprehensiveIncome" xlink:label="RBI_FinancialAssetsFairValueThroughOtherComprehensiveIncome" />
    <loc xlink:type="locator" xlink:href="rbi-2021-12-31.xsd#RBI_TangibleAndIntangibleFixedAssetsSale" xlink:label="RBI_TangibleAndIntangibleFixedAssetsSale" />
    <loc xlink:type="locator" xlink:href="http://xbrl.ifrs.org/taxonomy/2020-03-16/full_ifrs/full_ifrs-cor_2020-03-16.xsd#ifrs-full_InterestReceivedClassifiedAsOperatingActivities" xlink:label="ifrs-full_InterestReceivedClassifiedAsOperatingActivities" />
    <loc xlink:type="locator" xlink:href="http://xbrl.ifrs.org/taxonomy/2020-03-16/full_ifrs/full_ifrs-cor_2020-03-16.xsd#ifrs-full_PaymentsOfLeaseLiabilitiesClassifiedAsFinancingActivities" xlink:label="ifrs-full_PaymentsOfLeaseLiabilitiesClassifiedAsFinancingActivities" />
    <calculationArc xlink:type="arc" xlink:from="ifrs-full_CashFlowsFromUsedInOperatingActivities" xlink:to="RBI_FianancialAssetsAmortizedCost" order="13" xlink:arcrole="http://www.xbrl.org/2003/arcrole/summation-item" priority="1" weight="-1.0" />
    <calculationArc xlink:type="arc" xlink:from="ifrs-full_CashFlowsFromUsedInOperatingActivities" xlink:to="RBI_FinancialAssetsFairValueThroughOtherComprehensiveIncome" order="14" xlink:arcrole="http://www.xbrl.org/2003/arcrole/summation-item" priority="1" weight="-1.0" />
    <calculationArc xlink:type="arc" xlink:from="ifrs-full_CashFlowsFromUsedInOperatingActivities" xlink:to="RBI_NonTradingFinancialAssetsMandatorilyFairValueThroughProfitLoss" order="15" xlink:arcrole="http://www.xbrl.org/2003/arcrole/summation-item" priority="1" weight="-1.0" />
    <calculationArc xlink:type="arc" xlink:from="ifrs-full_CashFlowsFromUsedInOperatingActivities" xlink:to="RBI_FinancialAssetsDesignatedFairValueThroughProfitLoss" order="16" xlink:arcrole="http://www.xbrl.org/2003/arcrole/summation-item" priority="1" weight="-1.0" />
    <calculationArc xlink:type="arc" xlink:from="ifrs-full_CashFlowsFromUsedInOperatingActivities" xlink:to="RBI_FinancialAssetsHeldForTrading" order="17" xlink:arcrole="http://www.xbrl.org/2003/arcrole/summation-item" priority="1" weight="-1.0" />
    <calculationArc xlink:type="arc" xlink:from="ifrs-full_CashFlowsFromUsedInOperatingActivities" xlink:to="RBI_OtherAssets" order="18" xlink:arcrole="http://www.xbrl.org/2003/arcrole/summation-item" priority="1" weight="-1.0" />
    <calculationArc xlink:type="arc" xlink:from="ifrs-full_CashFlowsFromUsedInOperatingActivities" xlink:to="RBI_FinancialLiabilitiesAmortizedCost" order="19" xlink:arcrole="http://www.xbrl.org/2003/arcrole/summation-item" priority="1" weight="-1.0" />
    <calculationArc xlink:type="arc" xlink:from="ifrs-full_CashFlowsFromUsedInOperatingActivities" xlink:to="RBI_FinancialLiabilitesDesignatedFairValueThroughProfitLoss" order="20" xlink:arcrole="http://www.xbrl.org/2003/arcrole/summation-item" priority="1" weight="-1.0" />
    <calculationArc xlink:type="arc" xlink:from="ifrs-full_CashFlowsFromUsedInOperatingActivities" xlink:to="RBI_FinancialLiabilitesHeldForTrading" order="21" xlink:arcrole="http://www.xbrl.org/2003/arcrole/summation-item" priority="1" weight="-1.0" />
    <calculationArc xlink:type="arc" xlink:from="ifrs-full_CashFlowsFromUsedInOperatingActivities" xlink:to="RBI_ProvisionsForLiabilitesAndCharges" order="22" xlink:arcrole="http://www.xbrl.org/2003/arcrole/summation-item" priority="1" weight="-1.0" />
    <calculationArc xlink:type="arc" xlink:from="ifrs-full_CashFlowsFromUsedInOperatingActivities" xlink:to="RBI_OtherLiabilities" order="23" xlink:arcrole="http://www.xbrl.org/2003/arcrole/summation-item" priority="1" weight="-1.0" />
    <calculationArc xlink:type="arc" xlink:from="ifrs-full_CashFlowsFromUsedInOperatingActivities" xlink:to="ifrs-full_InterestReceivedClassifiedAsOperatingActivities" order="24" xlink:arcrole="http://www.xbrl.org/2003/arcrole/summation-item" priority="1" weight="1.0" />
    <calculationArc xlink:type="arc" xlink:from="ifrs-full_CashFlowsFromUsedInOperatingActivities" xlink:to="ifrs-full_InterestPaidClassifiedAsOperatingActivities" order="25" xlink:arcrole="http://www.xbrl.org/2003/arcrole/summation-item" priority="1" weight="-1.0" />
    <calculationArc xlink:type="arc" xlink:from="ifrs-full_CashFlowsFromUsedInOperatingActivities" xlink:to="ifrs-full_DividendsReceivedClassifiedAsOperatingActivities" order="26" xlink:arcrole="http://www.xbrl.org/2003/arcrole/summation-item" priority="1" weight="1.0" />
    <calculationArc xlink:type="arc" xlink:from="ifrs-full_CashFlowsFromUsedInOperatingActivities" xlink:to="ifrs-full_IncomeTaxesPaidRefundClassifiedAsOperatingActivities" order="27" xlink:arcrole="http://www.xbrl.org/2003/arcrole/summation-item" priority="1" weight="-1.0" />
    <calculationArc xlink:type="arc" xlink:from="ifrs-full_CashFlowsFromUsedInOperatingActivities" xlink:to="ifrs-full_AdjustmentsForReconcileProfitLoss" order="11" xlink:arcrole="http://www.xbrl.org/2003/arcrole/summation-item" priority="1" weight="1.0" />
    <calculationArc xlink:type="arc" xlink:from="ifrs-full_CashFlowsFromUsedInInvestingActivities" xlink:to="ifrs-full_OtherCashReceiptsFromSalesOfEquityOrDebtInstrumentsOfOtherEntitiesClassifiedAsInvestingActivities" order="36" xlink:arcrole="http://www.xbrl.org/2003/arcrole/summation-item" priority="1" weight="1.0" />
    <calculationArc xlink:type="arc" xlink:from="ifrs-full_CashFlowsFromUsedInInvestingActivities" xlink:to="RBI_TangibleAndIntangibleFixedAssetsSale" order="37" xlink:arcrole="http://www.xbrl.org/2003/arcrole/summation-item" priority="1" weight="1.0" />
    <calculationArc xlink:type="arc" xlink:from="ifrs-full_CashFlowsFromUsedInInvestingActivities" xlink:to="ifrs-full_CashFlowsUsedInObtainingControlOfSubsidiariesOrOtherBusinessesClassifiedAsInvestingActivities" order="34" xlink:arcrole="http://www.xbrl.org/2003/arcrole/summation-item" priority="1" weight="-1.0" />
    <calculationArc xlink:type="arc" xlink:from="ifrs-full_CashFlowsFromUsedInInvestingActivities" xlink:to="RBI_TangibleAndIntangibleFixedAssetsPurchase" order="33" xlink:arcrole="http://www.xbrl.org/2003/arcrole/summation-item" priority="1" weight="-1.0" />
    <calculationArc xlink:type="arc" xlink:from="ifrs-full_CashFlowsFromUsedInInvestingActivities" xlink:to="ifrs-full_OtherCashPaymentsToAcquireEquityOrDebtInstrumentsOfOtherEntitiesClassifiedAsInvestingActivities" order="32" xlink:arcrole="http://www.xbrl.org/2003/arcrole/summation-item" priority="1" weight="-1.0" />
    <calculationArc xlink:type="arc" xlink:from="ifrs-full_CashFlowsFromUsedInInvestingActivities" xlink:to="ifrs-full_OtherInflowsOutflowsOfCashClassifiedAsInvestingActivities" order="30" xlink:arcrole="http://www.xbrl.org/2003/arcrole/summation-item" priority="1" weight="1.0" />
    <calculationArc xlink:type="arc" xlink:from="ifrs-full_CashFlowsFromUsedInInvestingActivities" xlink:to="ifrs-full_CashFlowsFromLosingControlOfSubsidiariesOrOtherBusinessesClassifiedAsInvestingActivities" order="38" xlink:arcrole="http://www.xbrl.org/2003/arcrole/summation-item" priority="1" weight="1.0" />
    <calculationArc xlink:type="arc" xlink:from="ifrs-full_CashFlowsFromUsedInFinancingActivities" xlink:to="ifrs-full_ProceedsFromIssuingShares" order="41" xlink:arcrole="http://www.xbrl.org/2003/arcrole/summation-item" priority="1" weight="1.0" />
    <calculationArc xlink:type="arc" xlink:from="ifrs-full_CashFlowsFromUsedInFinancingActivities" xlink:to="ifrs-full_ProceedsFromIssueOfSubordinatedLiabilities" order="43" xlink:arcrole="http://www.xbrl.org/2003/arcrole/summation-item" priority="1" weight="1.0" />
    <calculationArc xlink:type="arc" xlink:from="ifrs-full_CashFlowsFromUsedInFinancingActivities" xlink:to="ifrs-full_RepaymentsOfSubordinatedLiabilities" order="44" xlink:arcrole="http://www.xbrl.org/2003/arcrole/summation-item" priority="1" weight="-1.0" />
    <calculationArc xlink:type="arc" xlink:from="ifrs-full_CashFlowsFromUsedInFinancingActivities" xlink:to="ifrs-full_DividendsPaidClassifiedAsFinancingActivities" order="45" xlink:arcrole="http://www.xbrl.org/2003/arcrole/summation-item" priority="1" weight="-1.0" />
    <calculationArc xlink:type="arc" xlink:from="ifrs-full_CashFlowsFromUsedInFinancingActivities" xlink:to="ifrs-full_PaymentsOfLeaseLiabilitiesClassifiedAsFinancingActivities" order="46" xlink:arcrole="http://www.xbrl.org/2003/arcrole/summation-item" priority="1" weight="-1.0" />
    <calculationArc xlink:type="arc" xlink:from="ifrs-full_CashFlowsFromUsedInFinancingActivities" xlink:to="ifrs-full_ProceedsFromChangesInOwnershipInterestsInSubsidiaries" order="47" xlink:arcrole="http://www.xbrl.org/2003/arcrole/summation-item" priority="1" weight="1.0" />
    <calculationArc xlink:type="arc" xlink:from="ifrs-full_CashFlowsFromUsedInFinancingActivities" xlink:to="ifrs-full_PaymentsToAcquireOrRedeemEntitysShares" order="42" xlink:arcrole="http://www.xbrl.org/2003/arcrole/summation-item" priority="1" weight="-1.0" />
  </calculationLink>
</linkbase>