<?xml version="1.0" encoding="utf-8"?>
<linkbase xsi:schemaLocation="http://www.xbrl.org/2003/linkbase http://www.xbrl.org/2003/xbrl-linkbase-2003-12-31.xsd" xmlns:xsi="http://www.w3.org/2001/XMLSchema-instance" xmlns="http://www.xbrl.org/2003/linkbase">
  <roleRef roleURI="http://rbinternational.com/roles/NotesAndMandatoryItems" xlink:href="rbi-2021-12-31.xsd#NotesAndMandatoryItems" xlink:type="simple" xmlns:xlink="http://www.w3.org/1999/xlink" />
  <roleRef roleURI="http://rbinternational.com/roles/IncomeStatement" xlink:href="rbi-2021-12-31.xsd#IncomeStatement" xlink:type="simple" xmlns:xlink="http://www.w3.org/1999/xlink" />
  <roleRef roleURI="http://rbinternational.com/roles/OtherComprehensiveIncomeAndTotalComprehensiveIncome" xlink:href="rbi-2021-12-31.xsd#OtherComprehensiveIncomeAndTotalComprehensiveIncome" xlink:type="simple" xmlns:xlink="http://www.w3.org/1999/xlink" />
  <roleRef roleURI="http://rbinternational.com/roles/BalanceSheet" xlink:href="rbi-2021-12-31.xsd#BalanceSheet" xlink:type="simple" xmlns:xlink="http://www.w3.org/1999/xlink" />
  <roleRef roleURI="http://rbinternational.com/roles/ChangesInEquity" xlink:href="rbi-2021-12-31.xsd#ChangesInEquity" xlink:type="simple" xmlns:xlink="http://www.w3.org/1999/xlink" />
  <roleRef roleURI="http://rbinternational.com/roles/StatementOfCashFlows" xlink:href="rbi-2021-12-31.xsd#StatementOfCashFlows" xlink:type="simple" xmlns:xlink="http://www.w3.org/1999/xlink" />
  <presentationLink xlink:role="http://rbinternational.com/roles/NotesAndMandatoryItems" xlink:type="extended" xmlns:xlink="http://www.w3.org/1999/xlink">
    <loc xlink:type="locator" xlink:href="http://xbrl.ifrs.org/taxonomy/2020-03-16/full_ifrs/full_ifrs-cor_2020-03-16.xsd#ifrs-full_NameOfUltimateParentOfGroup" xlink:label="ifrs-full_NameOfUltimateParentOfGroup" />
    <loc xlink:type="locator" xlink:href="http://xbrl.ifrs.org/taxonomy/2020-03-16/full_ifrs/full_ifrs-cor_2020-03-16.xsd#ifrs-full_AddressOfRegisteredOfficeOfEntity" xlink:label="ifrs-full_AddressOfRegisteredOfficeOfEntity" />
    <loc xlink:type="locator" xlink:href="http://xbrl.ifrs.org/taxonomy/2020-03-16/full_ifrs/full_ifrs-cor_2020-03-16.xsd#ifrs-full_PrincipalPlaceOfBusiness" xlink:label="ifrs-full_PrincipalPlaceOfBusiness" />
    <loc xlink:type="locator" xlink:href="http://xbrl.ifrs.org/taxonomy/2020-03-16/full_ifrs/full_ifrs-cor_2020-03-16.xsd#ifrs-full_DomicileOfEntity" xlink:label="ifrs-full_DomicileOfEntity" />
    <loc xlink:type="locator" xlink:href="http://xbrl.ifrs.org/taxonomy/2020-03-16/full_ifrs/full_ifrs-cor_2020-03-16.xsd#ifrs-full_LegalFormOfEntity" xlink:label="ifrs-full_LegalFormOfEntity" />
    <loc xlink:type="locator" xlink:href="http://www.esma.europa.eu/taxonomy/2020-03-16/esef_cor.xsd#esef_cor_NotesAccountingPoliciesAndMandatoryTags" xlink:label="esef_cor_NotesAccountingPoliciesAndMandatoryTags" />
    <loc xlink:type="locator" xlink:href="http://xbrl.ifrs.org/taxonomy/2020-03-16/full_ifrs/full_ifrs-cor_2020-03-16.xsd#ifrs-full_DescriptionOfNatureOfEntitysOperationsAndPrincipalActivities" xlink:label="ifrs-full_DescriptionOfNatureOfEntitysOperationsAndPrincipalActivities" />
    <loc xlink:type="locator" xlink:href="http://xbrl.ifrs.org/taxonomy/2020-03-16/full_ifrs/full_ifrs-cor_2020-03-16.xsd#ifrs-full_CountryOfIncorporation" xlink:label="ifrs-full_CountryOfIncorporation" />
    <loc xlink:type="locator" xlink:href="http://xbrl.ifrs.org/taxonomy/2020-03-16/full_ifrs/full_ifrs-cor_2020-03-16.xsd#ifrs-full_NameOfReportingEntityOrOtherMeansOfIdentification" xlink:label="ifrs-full_NameOfReportingEntityOrOtherMeansOfIdentification" />
    <presentationArc xlink:type="arc" xlink:from="esef_cor_NotesAccountingPoliciesAndMandatoryTags" xlink:to="ifrs-full_NameOfUltimateParentOfGroup" order="1" xlink:arcrole="http://www.xbrl.org/2003/arcrole/parent-child" priority="1" />
    <presentationArc xlink:type="arc" xlink:from="esef_cor_NotesAccountingPoliciesAndMandatoryTags" xlink:to="ifrs-full_NameOfReportingEntityOrOtherMeansOfIdentification" order="1" xlink:arcrole="http://www.xbrl.org/2003/arcrole/parent-child" priority="1" />
    <presentationArc xlink:type="arc" xlink:from="esef_cor_NotesAccountingPoliciesAndMandatoryTags" xlink:to="ifrs-full_LegalFormOfEntity" order="1" xlink:arcrole="http://www.xbrl.org/2003/arcrole/parent-child" priority="1" />
    <presentationArc xlink:type="arc" xlink:from="esef_cor_NotesAccountingPoliciesAndMandatoryTags" xlink:to="ifrs-full_PrincipalPlaceOfBusiness" order="1" xlink:arcrole="http://www.xbrl.org/2003/arcrole/parent-child" priority="1" />
    <presentationArc xlink:type="arc" xlink:from="esef_cor_NotesAccountingPoliciesAndMandatoryTags" xlink:to="ifrs-full_AddressOfRegisteredOfficeOfEntity" order="1" xlink:arcrole="http://www.xbrl.org/2003/arcrole/parent-child" priority="1" />
    <presentationArc xlink:type="arc" xlink:from="esef_cor_NotesAccountingPoliciesAndMandatoryTags" xlink:to="ifrs-full_DomicileOfEntity" order="1" xlink:arcrole="http://www.xbrl.org/2003/arcrole/parent-child" priority="1" />
    <presentationArc xlink:type="arc" xlink:from="esef_cor_NotesAccountingPoliciesAndMandatoryTags" xlink:to="ifrs-full_CountryOfIncorporation" order="1" xlink:arcrole="http://www.xbrl.org/2003/arcrole/parent-child" priority="1" />
    <presentationArc xlink:type="arc" xlink:from="esef_cor_NotesAccountingPoliciesAndMandatoryTags" xlink:to="ifrs-full_DescriptionOfNatureOfEntitysOperationsAndPrincipalActivities" order="1" xlink:arcrole="http://www.xbrl.org/2003/arcrole/parent-child" priority="1" />
  </presentationLink>
  <presentationLink xlink:role="http://rbinternational.com/roles/IncomeStatement" xlink:type="extended" xmlns:xlink="http://www.w3.org/1999/xlink">
    <loc xlink:type="locator" xlink:href="http://xbrl.ifrs.org/taxonomy/2020-03-16/full_ifrs/full_ifrs-cor_2020-03-16.xsd#ifrs-full_ProfitLossAttributableToNoncontrollingInterests" xlink:label="ifrs-full_ProfitLossAttributableToNoncontrollingInterests" />
    <loc xlink:type="locator" xlink:href="rbi-2021-12-31.xsd#RBI_NetGainsLossesFromHedgeAccounting" xlink:label="RBI_NetGainsLossesFromHedgeAccounting" />
    <loc xlink:type="locator" xlink:href="http://xbrl.ifrs.org/taxonomy/2020-03-16/full_ifrs/full_ifrs-cor_2020-03-16.xsd#ifrs-full_WeightedAverageShares" xlink:label="ifrs-full_WeightedAverageShares" />
    <loc xlink:type="locator" xlink:href="http://xbrl.ifrs.org/taxonomy/2020-03-16/full_ifrs/full_ifrs-cor_2020-03-16.xsd#ifrs-full_EarningsPerShareAbstract" xlink:label="ifrs-full_EarningsPerShareAbstract" />
    <loc xlink:type="locator" xlink:href="http://xbrl.ifrs.org/taxonomy/2020-03-16/full_ifrs/full_ifrs-cor_2020-03-16.xsd#ifrs-full_FeeAndCommissionExpense" xlink:label="ifrs-full_FeeAndCommissionExpense" />
    <loc xlink:type="locator" xlink:href="http://xbrl.ifrs.org/taxonomy/2020-03-16/full_ifrs/full_ifrs-cor_2020-03-16.xsd#ifrs-full_ProfitLossAttributableToOrdinaryEquityHoldersOfParentEntity" xlink:label="ifrs-full_ProfitLossAttributableToOrdinaryEquityHoldersOfParentEntity" />
    <loc xlink:type="locator" xlink:href="http://xbrl.ifrs.org/taxonomy/2020-03-16/full_ifrs/full_ifrs-cor_2020-03-16.xsd#ifrs-full_RevenueFromInterest" xlink:label="ifrs-full_RevenueFromInterest" />
    <loc xlink:type="locator" xlink:href="http://xbrl.ifrs.org/taxonomy/2020-03-16/full_ifrs/full_ifrs-cor_2020-03-16.xsd#ifrs-full_ProfitLoss" xlink:label="ifrs-full_ProfitLoss" />
    <loc xlink:type="locator" xlink:href="http://xbrl.ifrs.org/taxonomy/2020-03-16/full_ifrs/full_ifrs-cor_2020-03-16.xsd#ifrs-full_ImpairmentLossImpairmentGainAndReversalOfImpairmentLossDeterminedInAccordanceWithIFRS9" xlink:label="ifrs-full_ImpairmentLossImpairmentGainAndReversalOfImpairmentLossDeterminedInAccordanceWithIFRS9" />
    <loc xlink:type="locator" xlink:href="http://xbrl.ifrs.org/taxonomy/2020-03-16/full_ifrs/full_ifrs-cor_2020-03-16.xsd#ifrs-full_ProfitLossFromDiscontinuedOperations" xlink:label="ifrs-full_ProfitLossFromDiscontinuedOperations" />
    <loc xlink:type="locator" xlink:href="http://xbrl.ifrs.org/taxonomy/2020-03-16/full_ifrs/full_ifrs-cor_2020-03-16.xsd#ifrs-full_IncomeStatementAbstract" xlink:label="ifrs-full_IncomeStatementAbstract" />
    <loc xlink:type="locator" xlink:href="http://xbrl.ifrs.org/taxonomy/2020-03-16/full_ifrs/full_ifrs-cor_2020-03-16.xsd#ifrs-full_InterestExpense" xlink:label="ifrs-full_InterestExpense" />
    <loc xlink:type="locator" xlink:href="http://xbrl.ifrs.org/taxonomy/2020-03-16/full_ifrs/full_ifrs-cor_2020-03-16.xsd#ifrs-full_OtherOperatingIncomeExpense" xlink:label="ifrs-full_OtherOperatingIncomeExpense" />
    <loc xlink:type="locator" xlink:href="http://xbrl.ifrs.org/taxonomy/2020-03-16/full_ifrs/full_ifrs-cor_2020-03-16.xsd#ifrs-full_InterestRevenueExpense" xlink:label="ifrs-full_InterestRevenueExpense" />
    <loc xlink:type="locator" xlink:href="rbi-2021-12-31.xsd#RBI_LevisAndSpecialGovernmentalMeasures" xlink:label="RBI_LevisAndSpecialGovernmentalMeasures" />
    <loc xlink:type="locator" xlink:href="http://xbrl.ifrs.org/taxonomy/2020-03-16/full_ifrs/full_ifrs-cor_2020-03-16.xsd#ifrs-full_ProfitLossBeforeTax" xlink:label="ifrs-full_ProfitLossBeforeTax" />
    <loc xlink:type="locator" xlink:href="http://xbrl.ifrs.org/taxonomy/2020-03-16/full_ifrs/full_ifrs-cor_2020-03-16.xsd#ifrs-full_FeeAndCommissionIncome" xlink:label="ifrs-full_FeeAndCommissionIncome" />
    <loc xlink:type="locator" xlink:href="http://xbrl.ifrs.org/taxonomy/2020-03-16/full_ifrs/full_ifrs-cor_2020-03-16.xsd#ifrs-full_GeneralAndAdministrativeExpense" xlink:label="ifrs-full_GeneralAndAdministrativeExpense" />
    <loc xlink:type="locator" xlink:href="http://xbrl.ifrs.org/taxonomy/2020-03-16/full_ifrs/full_ifrs-cor_2020-03-16.xsd#ifrs-full_RevenueFromDividends" xlink:label="ifrs-full_RevenueFromDividends" />
    <loc xlink:type="locator" xlink:href="http://xbrl.ifrs.org/taxonomy/2020-03-16/full_ifrs/full_ifrs-cor_2020-03-16.xsd#ifrs-full_ProfitLossFromContinuingOperations" xlink:label="ifrs-full_ProfitLossFromContinuingOperations" />
    <loc xlink:type="locator" xlink:href="http://xbrl.ifrs.org/taxonomy/2020-03-16/full_ifrs/full_ifrs-cor_2020-03-16.xsd#ifrs-full_ProfitLossAttributableToOwnersOfParent" xlink:label="ifrs-full_ProfitLossAttributableToOwnersOfParent" />
    <loc xlink:type="locator" xlink:href="http://xbrl.ifrs.org/taxonomy/2020-03-16/full_ifrs/full_ifrs-cor_2020-03-16.xsd#ifrs-full_OtherGainsLosses" xlink:label="ifrs-full_OtherGainsLosses" />
    <loc xlink:type="locator" xlink:href="rbi-2021-12-31.xsd#RBI_OtherAdministrativeExpenses" xlink:label="RBI_OtherAdministrativeExpenses" />
    <loc xlink:type="locator" xlink:href="http://xbrl.ifrs.org/taxonomy/2020-03-16/full_ifrs/full_ifrs-cor_2020-03-16.xsd#ifrs-full_DepreciationAndAmortisationExpense" xlink:label="ifrs-full_DepreciationAndAmortisationExpense" />
    <loc xlink:type="locator" xlink:href="http://xbrl.ifrs.org/taxonomy/2020-03-16/full_ifrs/full_ifrs-cor_2020-03-16.xsd#ifrs-full_IncomeTaxExpenseContinuingOperations" xlink:label="ifrs-full_IncomeTaxExpenseContinuingOperations" />
    <loc xlink:type="locator" xlink:href="http://xbrl.ifrs.org/taxonomy/2020-03-16/full_ifrs/full_ifrs-cor_2020-03-16.xsd#ifrs-full_BasicEarningsLossPerShare" xlink:label="ifrs-full_BasicEarningsLossPerShare" />
    <loc xlink:type="locator" xlink:href="rbi-2021-12-31.xsd#RBI_OperatingIncome" xlink:label="RBI_OperatingIncome" />
    <loc xlink:type="locator" xlink:href="http://xbrl.ifrs.org/taxonomy/2020-03-16/full_ifrs/full_ifrs-cor_2020-03-16.xsd#ifrs-full_BasicEarningsLossPerShareFromContinuingOperations" xlink:label="ifrs-full_BasicEarningsLossPerShareFromContinuingOperations" />
    <loc xlink:type="locator" xlink:href="http://xbrl.ifrs.org/taxonomy/2020-03-16/full_ifrs/full_ifrs-cor_2020-03-16.xsd#ifrs-full_DividendsPaidOtherShares" xlink:label="ifrs-full_DividendsPaidOtherShares" />
    <loc xlink:type="locator" xlink:href="http://xbrl.ifrs.org/taxonomy/2020-03-16/full_ifrs/full_ifrs-cor_2020-03-16.xsd#ifrs-full_ProfitLossFromOperatingActivities" xlink:label="ifrs-full_ProfitLossFromOperatingActivities" />
    <loc xlink:type="locator" xlink:href="http://xbrl.ifrs.org/taxonomy/2020-03-16/full_ifrs/full_ifrs-cor_2020-03-16.xsd#ifrs-full_FeeAndCommissionIncomeExpense" xlink:label="ifrs-full_FeeAndCommissionIncomeExpense" />
    <loc xlink:type="locator" xlink:href="rbi-2021-12-31.xsd#RBI_NetTradingIncomeAndFairValueResult" xlink:label="RBI_NetTradingIncomeAndFairValueResult" />
    <loc xlink:type="locator" xlink:href="http://xbrl.ifrs.org/taxonomy/2020-03-16/full_ifrs/full_ifrs-cor_2020-03-16.xsd#ifrs-full_ProfitLossAbstract" xlink:label="ifrs-full_ProfitLossAbstract" />
    <loc xlink:type="locator" xlink:href="http://xbrl.ifrs.org/taxonomy/2020-03-16/full_ifrs/full_ifrs-cor_2020-03-16.xsd#ifrs-full_ShareOfProfitLossOfAssociatesAccountedForUsingEquityMethod" xlink:label="ifrs-full_ShareOfProfitLossOfAssociatesAccountedForUsingEquityMethod" />
    <loc xlink:type="locator" xlink:href="http://xbrl.ifrs.org/taxonomy/2020-03-16/full_ifrs/full_ifrs-cor_2020-03-16.xsd#ifrs-full_InterestRevenueCalculatedUsingEffectiveInterestMethod" xlink:label="ifrs-full_InterestRevenueCalculatedUsingEffectiveInterestMethod" />
    <loc xlink:type="locator" xlink:href="http://xbrl.ifrs.org/taxonomy/2020-03-16/full_ifrs/full_ifrs-cor_2020-03-16.xsd#ifrs-full_EmployeeBenefitsExpense" xlink:label="ifrs-full_EmployeeBenefitsExpense" />
    <presentationArc xlink:type="arc" xlink:from="ifrs-full_IncomeStatementAbstract" xlink:to="ifrs-full_ProfitLossAbstract" order="1" xlink:arcrole="http://www.xbrl.org/2003/arcrole/parent-child" priority="1" />
    <presentationArc xlink:type="arc" xlink:from="ifrs-full_ProfitLossAbstract" xlink:to="ifrs-full_InterestRevenueExpense" order="1" xlink:arcrole="http://www.xbrl.org/2003/arcrole/parent-child" priority="1" preferredLabel="http://www.xbrl.org/2003/role/totalLabel" />
    <presentationArc xlink:type="arc" xlink:from="ifrs-full_ProfitLossAbstract" xlink:to="ifrs-full_InterestRevenueCalculatedUsingEffectiveInterestMethod" order="3" xlink:arcrole="http://www.xbrl.org/2003/arcrole/parent-child" priority="1" />
    <presentationArc xlink:type="arc" xlink:from="ifrs-full_ProfitLossAbstract" xlink:to="ifrs-full_RevenueFromInterest" order="5" xlink:arcrole="http://www.xbrl.org/2003/arcrole/parent-child" priority="1" />
    <presentationArc xlink:type="arc" xlink:from="ifrs-full_ProfitLossAbstract" xlink:to="ifrs-full_InterestExpense" order="7" xlink:arcrole="http://www.xbrl.org/2003/arcrole/parent-child" priority="1" />
    <presentationArc xlink:type="arc" xlink:from="ifrs-full_ProfitLossAbstract" xlink:to="ifrs-full_RevenueFromDividends" order="9" xlink:arcrole="http://www.xbrl.org/2003/arcrole/parent-child" priority="1" />
    <presentationArc xlink:type="arc" xlink:from="ifrs-full_ProfitLossAbstract" xlink:to="ifrs-full_ShareOfProfitLossOfAssociatesAccountedForUsingEquityMethod" order="11" xlink:arcrole="http://www.xbrl.org/2003/arcrole/parent-child" priority="1" />
    <presentationArc xlink:type="arc" xlink:from="ifrs-full_ProfitLossAbstract" xlink:to="ifrs-full_FeeAndCommissionIncomeExpense" order="13" xlink:arcrole="http://www.xbrl.org/2003/arcrole/parent-child" priority="1" preferredLabel="http://www.xbrl.org/2003/role/totalLabel" />
    <presentationArc xlink:type="arc" xlink:from="ifrs-full_ProfitLossAbstract" xlink:to="ifrs-full_FeeAndCommissionIncome" order="15" xlink:arcrole="http://www.xbrl.org/2003/arcrole/parent-child" priority="1" />
    <presentationArc xlink:type="arc" xlink:from="ifrs-full_ProfitLossAbstract" xlink:to="ifrs-full_FeeAndCommissionExpense" order="17" xlink:arcrole="http://www.xbrl.org/2003/arcrole/parent-child" priority="1" />
    <presentationArc xlink:type="arc" xlink:from="ifrs-full_ProfitLossAbstract" xlink:to="RBI_NetTradingIncomeAndFairValueResult" order="19" xlink:arcrole="http://www.xbrl.org/2003/arcrole/parent-child" priority="1" />
    <presentationArc xlink:type="arc" xlink:from="ifrs-full_ProfitLossAbstract" xlink:to="RBI_NetGainsLossesFromHedgeAccounting" order="21" xlink:arcrole="http://www.xbrl.org/2003/arcrole/parent-child" priority="1" />
    <presentationArc xlink:type="arc" xlink:from="ifrs-full_ProfitLossAbstract" xlink:to="ifrs-full_OtherOperatingIncomeExpense" order="23" xlink:arcrole="http://www.xbrl.org/2003/arcrole/parent-child" priority="1" />
    <presentationArc xlink:type="arc" xlink:from="ifrs-full_ProfitLossAbstract" xlink:to="RBI_OperatingIncome" order="25" xlink:arcrole="http://www.xbrl.org/2003/arcrole/parent-child" priority="1" />
    <presentationArc xlink:type="arc" xlink:from="ifrs-full_ProfitLossAbstract" xlink:to="ifrs-full_EmployeeBenefitsExpense" order="27" xlink:arcrole="http://www.xbrl.org/2003/arcrole/parent-child" priority="1" />
    <presentationArc xlink:type="arc" xlink:from="ifrs-full_ProfitLossAbstract" xlink:to="RBI_OtherAdministrativeExpenses" order="29" xlink:arcrole="http://www.xbrl.org/2003/arcrole/parent-child" priority="1" />
    <presentationArc xlink:type="arc" xlink:from="ifrs-full_ProfitLossAbstract" xlink:to="ifrs-full_DepreciationAndAmortisationExpense" order="31" xlink:arcrole="http://www.xbrl.org/2003/arcrole/parent-child" priority="1" />
    <presentationArc xlink:type="arc" xlink:from="ifrs-full_ProfitLossAbstract" xlink:to="ifrs-full_GeneralAndAdministrativeExpense" order="33" xlink:arcrole="http://www.xbrl.org/2003/arcrole/parent-child" priority="1" preferredLabel="http://www.xbrl.org/2003/role/totalLabel" />
    <presentationArc xlink:type="arc" xlink:from="ifrs-full_ProfitLossAbstract" xlink:to="ifrs-full_ProfitLossFromOperatingActivities" order="35" xlink:arcrole="http://www.xbrl.org/2003/arcrole/parent-child" priority="1" preferredLabel="http://www.xbrl.org/2003/role/totalLabel" />
    <presentationArc xlink:type="arc" xlink:from="ifrs-full_ProfitLossAbstract" xlink:to="ifrs-full_OtherGainsLosses" order="37" xlink:arcrole="http://www.xbrl.org/2003/arcrole/parent-child" priority="1" />
    <presentationArc xlink:type="arc" xlink:from="ifrs-full_ProfitLossAbstract" xlink:to="RBI_LevisAndSpecialGovernmentalMeasures" order="39" xlink:arcrole="http://www.xbrl.org/2003/arcrole/parent-child" priority="1" />
    <presentationArc xlink:type="arc" xlink:from="ifrs-full_ProfitLossAbstract" xlink:to="ifrs-full_ImpairmentLossImpairmentGainAndReversalOfImpairmentLossDeterminedInAccordanceWithIFRS9" order="41" xlink:arcrole="http://www.xbrl.org/2003/arcrole/parent-child" priority="1" />
    <presentationArc xlink:type="arc" xlink:from="ifrs-full_ProfitLossAbstract" xlink:to="ifrs-full_ProfitLossBeforeTax" order="43" xlink:arcrole="http://www.xbrl.org/2003/arcrole/parent-child" priority="1" preferredLabel="http://www.xbrl.org/2003/role/totalLabel" />
    <presentationArc xlink:type="arc" xlink:from="ifrs-full_ProfitLossAbstract" xlink:to="ifrs-full_IncomeTaxExpenseContinuingOperations" order="45" xlink:arcrole="http://www.xbrl.org/2003/arcrole/parent-child" priority="1" />
    <presentationArc xlink:type="arc" xlink:from="ifrs-full_ProfitLossAbstract" xlink:to="ifrs-full_ProfitLossFromContinuingOperations" order="47" xlink:arcrole="http://www.xbrl.org/2003/arcrole/parent-child" priority="1" preferredLabel="http://www.xbrl.org/2003/role/totalLabel" />
    <presentationArc xlink:type="arc" xlink:from="ifrs-full_ProfitLossAbstract" xlink:to="ifrs-full_ProfitLossFromDiscontinuedOperations" order="49" xlink:arcrole="http://www.xbrl.org/2003/arcrole/parent-child" priority="1" />
    <presentationArc xlink:type="arc" xlink:from="ifrs-full_ProfitLossAbstract" xlink:to="ifrs-full_ProfitLoss" order="51" xlink:arcrole="http://www.xbrl.org/2003/arcrole/parent-child" priority="1" preferredLabel="http://www.xbrl.org/2003/role/totalLabel" />
    <presentationArc xlink:type="arc" xlink:from="ifrs-full_ProfitLossAbstract" xlink:to="ifrs-full_ProfitLossAttributableToNoncontrollingInterests" order="53" xlink:arcrole="http://www.xbrl.org/2003/arcrole/parent-child" priority="1" />
    <presentationArc xlink:type="arc" xlink:from="ifrs-full_ProfitLossAbstract" xlink:to="ifrs-full_ProfitLossAttributableToOwnersOfParent" order="55" xlink:arcrole="http://www.xbrl.org/2003/arcrole/parent-child" priority="1" />
    <presentationArc xlink:type="arc" xlink:from="ifrs-full_IncomeStatementAbstract" xlink:to="ifrs-full_EarningsPerShareAbstract" order="1" xlink:arcrole="http://www.xbrl.org/2003/arcrole/parent-child" priority="1" />
    <presentationArc xlink:type="arc" xlink:from="ifrs-full_EarningsPerShareAbstract" xlink:to="ifrs-full_DividendsPaidOtherShares" order="3" xlink:arcrole="http://www.xbrl.org/2003/arcrole/parent-child" priority="1" />
    <presentationArc xlink:type="arc" xlink:from="ifrs-full_EarningsPerShareAbstract" xlink:to="ifrs-full_ProfitLossAttributableToOrdinaryEquityHoldersOfParentEntity" order="5" xlink:arcrole="http://www.xbrl.org/2003/arcrole/parent-child" priority="1" />
    <presentationArc xlink:type="arc" xlink:from="ifrs-full_EarningsPerShareAbstract" xlink:to="ifrs-full_WeightedAverageShares" order="7" xlink:arcrole="http://www.xbrl.org/2003/arcrole/parent-child" priority="1" />
    <presentationArc xlink:type="arc" xlink:from="ifrs-full_EarningsPerShareAbstract" xlink:to="ifrs-full_BasicEarningsLossPerShare" order="9" xlink:arcrole="http://www.xbrl.org/2003/arcrole/parent-child" priority="1" />
    <presentationArc xlink:type="arc" xlink:from="ifrs-full_EarningsPerShareAbstract" xlink:to="ifrs-full_BasicEarningsLossPerShareFromContinuingOperations" order="11" xlink:arcrole="http://www.xbrl.org/2003/arcrole/parent-child" priority="1" />
  </presentationLink>
  <presentationLink xlink:role="http://rbinternational.com/roles/OtherComprehensiveIncomeAndTotalComprehensiveIncome" xlink:type="extended" xmlns:xlink="http://www.w3.org/1999/xlink">
    <loc xlink:type="locator" xlink:href="http://xbrl.ifrs.org/taxonomy/2020-03-16/full_ifrs/full_ifrs-cor_2020-03-16.xsd#ifrs-full_ProfitLossAttributableToNoncontrollingInterests" xlink:label="ifrs-full_ProfitLossAttributableToNoncontrollingInterests" />
    <loc xlink:type="locator" xlink:href="http://xbrl.ifrs.org/taxonomy/2020-03-16/full_ifrs/full_ifrs-cor_2020-03-16.xsd#ifrs-full_OtherComprehensiveIncomeThatWillBeReclassifiedToProfitOrLossBeforeTax" xlink:label="ifrs-full_OtherComprehensiveIncomeThatWillBeReclassifiedToProfitOrLossBeforeTax" />
    <loc xlink:type="locator" xlink:href="http://xbrl.ifrs.org/taxonomy/2020-03-16/full_ifrs/full_ifrs-cor_2020-03-16.xsd#ifrs-full_StatementOfComprehensiveIncomeAbstract" xlink:label="ifrs-full_StatementOfComprehensiveIncomeAbstract" />
    <loc xlink:type="locator" xlink:href="http://xbrl.ifrs.org/taxonomy/2020-03-16/full_ifrs/full_ifrs-cor_2020-03-16.xsd#ifrs-full_ProfitLoss" xlink:label="ifrs-full_ProfitLoss" />
    <loc xlink:type="locator" xlink:href="http://xbrl.ifrs.org/taxonomy/2020-03-16/full_ifrs/full_ifrs-cor_2020-03-16.xsd#ifrs-full_GainsLossesOnCashFlowHedgesBeforeTax" xlink:label="ifrs-full_GainsLossesOnCashFlowHedgesBeforeTax" />
    <loc xlink:type="locator" xlink:href="http://xbrl.ifrs.org/taxonomy/2020-03-16/full_ifrs/full_ifrs-cor_2020-03-16.xsd#ifrs-full_GainsLossesOnHedgesOfNetInvestmentsInForeignOperationsBeforeTax" xlink:label="ifrs-full_GainsLossesOnHedgesOfNetInvestmentsInForeignOperationsBeforeTax" />
    <loc xlink:type="locator" xlink:href="http://xbrl.ifrs.org/taxonomy/2020-03-16/full_ifrs/full_ifrs-cor_2020-03-16.xsd#ifrs-full_GainsLossesOnExchangeDifferencesOnTranslationBeforeTax" xlink:label="ifrs-full_GainsLossesOnExchangeDifferencesOnTranslationBeforeTax" />
    <loc xlink:type="locator" xlink:href="http://xbrl.ifrs.org/taxonomy/2020-03-16/full_ifrs/full_ifrs-cor_2020-03-16.xsd#ifrs-full_OtherComprehensiveIncomeBeforeTaxChangeInFairValueOfFinancialLiabilityAttributableToChangeInCreditRiskOfLiability" xlink:label="ifrs-full_OtherComprehensiveIncomeBeforeTaxChangeInFairValueOfFinancialLiabilityAttributableToChangeInCreditRiskOfLiability" />
    <loc xlink:type="locator" xlink:href="http://xbrl.ifrs.org/taxonomy/2020-03-16/full_ifrs/full_ifrs-cor_2020-03-16.xsd#ifrs-full_ComprehensiveIncomeAttributableToOwnersOfParent" xlink:label="ifrs-full_ComprehensiveIncomeAttributableToOwnersOfParent" />
    <loc xlink:type="locator" xlink:href="http://xbrl.ifrs.org/taxonomy/2020-03-16/full_ifrs/full_ifrs-cor_2020-03-16.xsd#ifrs-full_ComprehensiveIncomeAttributableToNoncontrollingInterests" xlink:label="ifrs-full_ComprehensiveIncomeAttributableToNoncontrollingInterests" />
    <loc xlink:type="locator" xlink:href="http://xbrl.ifrs.org/taxonomy/2020-03-16/full_ifrs/full_ifrs-cor_2020-03-16.xsd#ifrs-full_IncomeTaxRelatingToComponentsOfOtherComprehensiveIncomeThatWillNotBeReclassifiedToProfitOrLoss" xlink:label="ifrs-full_IncomeTaxRelatingToComponentsOfOtherComprehensiveIncomeThatWillNotBeReclassifiedToProfitOrLoss" />
    <loc xlink:type="locator" xlink:href="http://xbrl.ifrs.org/taxonomy/2020-03-16/full_ifrs/full_ifrs-cor_2020-03-16.xsd#ifrs-full_ComprehensiveIncome" xlink:label="ifrs-full_ComprehensiveIncome" />
    <loc xlink:type="locator" xlink:href="http://xbrl.ifrs.org/taxonomy/2020-03-16/full_ifrs/full_ifrs-cor_2020-03-16.xsd#ifrs-full_ShareOfOtherComprehensiveIncomeOfAssociatesAndJointVenturesAccountedForUsingEquityMethodThatWillNotBeReclassifiedToProfitOrLossBeforeTax" xlink:label="ifrs-full_ShareOfOtherComprehensiveIncomeOfAssociatesAndJointVenturesAccountedForUsingEquityMethodThatWillNotBeReclassifiedToProfitOrLossBeforeTax" />
    <loc xlink:type="locator" xlink:href="http://xbrl.ifrs.org/taxonomy/2020-03-16/full_ifrs/full_ifrs-cor_2020-03-16.xsd#ifrs-full_GainsLossesOnFinancialAssetsMeasuredAtFairValueThroughOtherComprehensiveIncomeBeforeTax" xlink:label="ifrs-full_GainsLossesOnFinancialAssetsMeasuredAtFairValueThroughOtherComprehensiveIncomeBeforeTax" />
    <loc xlink:type="locator" xlink:href="http://xbrl.ifrs.org/taxonomy/2020-03-16/full_ifrs/full_ifrs-cor_2020-03-16.xsd#ifrs-full_OtherComprehensiveIncomeBeforeTaxGainsLossesOnRemeasurementsOfDefinedBenefitPlans" xlink:label="ifrs-full_OtherComprehensiveIncomeBeforeTaxGainsLossesOnRemeasurementsOfDefinedBenefitPlans" />
    <loc xlink:type="locator" xlink:href="http://xbrl.ifrs.org/taxonomy/2020-03-16/full_ifrs/full_ifrs-cor_2020-03-16.xsd#ifrs-full_OtherComprehensiveIncomeBeforeTaxGainsLossesFromInvestmentsInEquityInstruments" xlink:label="ifrs-full_OtherComprehensiveIncomeBeforeTaxGainsLossesFromInvestmentsInEquityInstruments" />
    <loc xlink:type="locator" xlink:href="http://xbrl.ifrs.org/taxonomy/2020-03-16/full_ifrs/full_ifrs-cor_2020-03-16.xsd#ifrs-full_IncomeTaxRelatingToComponentsOfOtherComprehensiveIncomeThatWillBeReclassifiedToProfitOrLoss" xlink:label="ifrs-full_IncomeTaxRelatingToComponentsOfOtherComprehensiveIncomeThatWillBeReclassifiedToProfitOrLoss" />
    <loc xlink:type="locator" xlink:href="http://xbrl.ifrs.org/taxonomy/2020-03-16/full_ifrs/full_ifrs-cor_2020-03-16.xsd#ifrs-full_OtherComprehensiveIncome" xlink:label="ifrs-full_OtherComprehensiveIncome" />
    <loc xlink:type="locator" xlink:href="http://xbrl.ifrs.org/taxonomy/2020-03-16/full_ifrs/full_ifrs-cor_2020-03-16.xsd#ifrs-full_OtherComprehensiveIncomeThatWillNotBeReclassifiedToProfitOrLossBeforeTax" xlink:label="ifrs-full_OtherComprehensiveIncomeThatWillNotBeReclassifiedToProfitOrLossBeforeTax" />
    <loc xlink:type="locator" xlink:href="http://xbrl.ifrs.org/taxonomy/2020-03-16/full_ifrs/full_ifrs-cor_2020-03-16.xsd#ifrs-full_ShareOfOtherComprehensiveIncomeOfAssociatesAndJointVenturesAccountedForUsingEquityMethodThatWillBeReclassifiedToProfitOrLossBeforeTax" xlink:label="ifrs-full_ShareOfOtherComprehensiveIncomeOfAssociatesAndJointVenturesAccountedForUsingEquityMethodThatWillBeReclassifiedToProfitOrLossBeforeTax" />
    <loc xlink:type="locator" xlink:href="http://xbrl.ifrs.org/taxonomy/2020-03-16/full_ifrs/full_ifrs-cor_2020-03-16.xsd#ifrs-full_OtherComprehensiveIncomeAttributableToNoncontrollingInterests" xlink:label="ifrs-full_OtherComprehensiveIncomeAttributableToNoncontrollingInterests" />
    <presentationArc xlink:type="arc" xlink:from="ifrs-full_StatementOfComprehensiveIncomeAbstract" xlink:to="ifrs-full_ProfitLoss" order="1" xlink:arcrole="http://www.xbrl.org/2003/arcrole/parent-child" priority="1" />
    <presentationArc xlink:type="arc" xlink:from="ifrs-full_StatementOfComprehensiveIncomeAbstract" xlink:to="ifrs-full_OtherComprehensiveIncomeThatWillNotBeReclassifiedToProfitOrLossBeforeTax" order="3" xlink:arcrole="http://www.xbrl.org/2003/arcrole/parent-child" priority="1" preferredLabel="http://www.xbrl.org/2003/role/totalLabel" />
    <presentationArc xlink:type="arc" xlink:from="ifrs-full_StatementOfComprehensiveIncomeAbstract" xlink:to="ifrs-full_OtherComprehensiveIncomeBeforeTaxGainsLossesOnRemeasurementsOfDefinedBenefitPlans" order="5" xlink:arcrole="http://www.xbrl.org/2003/arcrole/parent-child" priority="1" />
    <presentationArc xlink:type="arc" xlink:from="ifrs-full_StatementOfComprehensiveIncomeAbstract" xlink:to="ifrs-full_OtherComprehensiveIncomeBeforeTaxGainsLossesFromInvestmentsInEquityInstruments" order="7" xlink:arcrole="http://www.xbrl.org/2003/arcrole/parent-child" priority="1" />
    <presentationArc xlink:type="arc" xlink:from="ifrs-full_StatementOfComprehensiveIncomeAbstract" xlink:to="ifrs-full_OtherComprehensiveIncomeBeforeTaxChangeInFairValueOfFinancialLiabilityAttributableToChangeInCreditRiskOfLiability" order="9" xlink:arcrole="http://www.xbrl.org/2003/arcrole/parent-child" priority="1" />
    <presentationArc xlink:type="arc" xlink:from="ifrs-full_StatementOfComprehensiveIncomeAbstract" xlink:to="ifrs-full_ShareOfOtherComprehensiveIncomeOfAssociatesAndJointVenturesAccountedForUsingEquityMethodThatWillNotBeReclassifiedToProfitOrLossBeforeTax" order="11" xlink:arcrole="http://www.xbrl.org/2003/arcrole/parent-child" priority="1" />
    <presentationArc xlink:type="arc" xlink:from="ifrs-full_StatementOfComprehensiveIncomeAbstract" xlink:to="ifrs-full_IncomeTaxRelatingToComponentsOfOtherComprehensiveIncomeThatWillNotBeReclassifiedToProfitOrLoss" order="13" xlink:arcrole="http://www.xbrl.org/2003/arcrole/parent-child" priority="1" />
    <presentationArc xlink:type="arc" xlink:from="ifrs-full_StatementOfComprehensiveIncomeAbstract" xlink:to="ifrs-full_OtherComprehensiveIncomeThatWillBeReclassifiedToProfitOrLossBeforeTax" order="15" xlink:arcrole="http://www.xbrl.org/2003/arcrole/parent-child" priority="1" preferredLabel="http://www.xbrl.org/2003/role/totalLabel" />
    <presentationArc xlink:type="arc" xlink:from="ifrs-full_StatementOfComprehensiveIncomeAbstract" xlink:to="ifrs-full_GainsLossesOnExchangeDifferencesOnTranslationBeforeTax" order="17" xlink:arcrole="http://www.xbrl.org/2003/arcrole/parent-child" priority="1" />
    <presentationArc xlink:type="arc" xlink:from="ifrs-full_StatementOfComprehensiveIncomeAbstract" xlink:to="ifrs-full_GainsLossesOnHedgesOfNetInvestmentsInForeignOperationsBeforeTax" order="19" xlink:arcrole="http://www.xbrl.org/2003/arcrole/parent-child" priority="1" />
    <presentationArc xlink:type="arc" xlink:from="ifrs-full_StatementOfComprehensiveIncomeAbstract" xlink:to="ifrs-full_GainsLossesOnCashFlowHedgesBeforeTax" order="21" xlink:arcrole="http://www.xbrl.org/2003/arcrole/parent-child" priority="1" />
    <presentationArc xlink:type="arc" xlink:from="ifrs-full_StatementOfComprehensiveIncomeAbstract" xlink:to="ifrs-full_GainsLossesOnFinancialAssetsMeasuredAtFairValueThroughOtherComprehensiveIncomeBeforeTax" order="23" xlink:arcrole="http://www.xbrl.org/2003/arcrole/parent-child" priority="1" />
    <presentationArc xlink:type="arc" xlink:from="ifrs-full_StatementOfComprehensiveIncomeAbstract" xlink:to="ifrs-full_ShareOfOtherComprehensiveIncomeOfAssociatesAndJointVenturesAccountedForUsingEquityMethodThatWillBeReclassifiedToProfitOrLossBeforeTax" order="25" xlink:arcrole="http://www.xbrl.org/2003/arcrole/parent-child" priority="1" />
    <presentationArc xlink:type="arc" xlink:from="ifrs-full_StatementOfComprehensiveIncomeAbstract" xlink:to="ifrs-full_IncomeTaxRelatingToComponentsOfOtherComprehensiveIncomeThatWillBeReclassifiedToProfitOrLoss" order="27" xlink:arcrole="http://www.xbrl.org/2003/arcrole/parent-child" priority="1" />
    <presentationArc xlink:type="arc" xlink:from="ifrs-full_StatementOfComprehensiveIncomeAbstract" xlink:to="ifrs-full_OtherComprehensiveIncome" order="29" xlink:arcrole="http://www.xbrl.org/2003/arcrole/parent-child" priority="1" preferredLabel="http://www.xbrl.org/2003/role/totalLabel" />
    <presentationArc xlink:type="arc" xlink:from="ifrs-full_StatementOfComprehensiveIncomeAbstract" xlink:to="ifrs-full_ComprehensiveIncome" order="31" xlink:arcrole="http://www.xbrl.org/2003/arcrole/parent-child" priority="1" preferredLabel="http://www.xbrl.org/2003/role/totalLabel" />
    <presentationArc xlink:type="arc" xlink:from="ifrs-full_StatementOfComprehensiveIncomeAbstract" xlink:to="ifrs-full_ComprehensiveIncomeAttributableToNoncontrollingInterests" order="33" xlink:arcrole="http://www.xbrl.org/2003/arcrole/parent-child" priority="1" />
    <presentationArc xlink:type="arc" xlink:from="ifrs-full_StatementOfComprehensiveIncomeAbstract" xlink:to="ifrs-full_ProfitLossAttributableToNoncontrollingInterests" order="35" xlink:arcrole="http://www.xbrl.org/2003/arcrole/parent-child" priority="1" />
    <presentationArc xlink:type="arc" xlink:from="ifrs-full_StatementOfComprehensiveIncomeAbstract" xlink:to="ifrs-full_OtherComprehensiveIncomeAttributableToNoncontrollingInterests" order="37" xlink:arcrole="http://www.xbrl.org/2003/arcrole/parent-child" priority="1" />
    <presentationArc xlink:type="arc" xlink:from="ifrs-full_StatementOfComprehensiveIncomeAbstract" xlink:to="ifrs-full_ComprehensiveIncomeAttributableToOwnersOfParent" order="39" xlink:arcrole="http://www.xbrl.org/2003/arcrole/parent-child" priority="1" />
  </presentationLink>
  <presentationLink xlink:role="http://rbinternational.com/roles/BalanceSheet" xlink:type="extended" xmlns:xlink="http://www.w3.org/1999/xlink">
    <loc xlink:type="locator" xlink:href="http://xbrl.ifrs.org/taxonomy/2020-03-16/full_ifrs/full_ifrs-cor_2020-03-16.xsd#ifrs-full_CurrentTaxAssetsCurrent" xlink:label="ifrs-full_CurrentTaxAssetsCurrent" />
    <loc xlink:type="locator" xlink:href="http://xbrl.ifrs.org/taxonomy/2020-03-16/full_ifrs/full_ifrs-cor_2020-03-16.xsd#ifrs-full_OtherAssets" xlink:label="ifrs-full_OtherAssets" />
    <loc xlink:type="locator" xlink:href="http://xbrl.ifrs.org/taxonomy/2020-03-16/full_ifrs/full_ifrs-cor_2020-03-16.xsd#ifrs-full_DeferredTaxAssets" xlink:label="ifrs-full_DeferredTaxAssets" />
    <loc xlink:type="locator" xlink:href="http://xbrl.ifrs.org/taxonomy/2020-03-16/full_ifrs/full_ifrs-cor_2020-03-16.xsd#ifrs-full_FinancialAssetsAtFairValueThroughProfitOrLossDesignatedAsUponInitialRecognition" xlink:label="ifrs-full_FinancialAssetsAtFairValueThroughProfitOrLossDesignatedAsUponInitialRecognition" />
    <loc xlink:type="locator" xlink:href="http://xbrl.ifrs.org/taxonomy/2020-03-16/full_ifrs/full_ifrs-cor_2020-03-16.xsd#ifrs-full_FinancialLiabilitiesAtFairValueThroughProfitOrLossDesignatedAsUponInitialRecognition" xlink:label="ifrs-full_FinancialLiabilitiesAtFairValueThroughProfitOrLossDesignatedAsUponInitialRecognition" />
    <loc xlink:type="locator" xlink:href="http://xbrl.ifrs.org/taxonomy/2020-03-16/full_ifrs/full_ifrs-cor_2020-03-16.xsd#ifrs-full_FinancialLiabilitiesAtFairValueThroughProfitOrLossClassifiedAsHeldForTrading" xlink:label="ifrs-full_FinancialLiabilitiesAtFairValueThroughProfitOrLossClassifiedAsHeldForTrading" />
    <loc xlink:type="locator" xlink:href="http://xbrl.ifrs.org/taxonomy/2020-03-16/full_ifrs/full_ifrs-cor_2020-03-16.xsd#ifrs-full_DeferredTaxLiabilities" xlink:label="ifrs-full_DeferredTaxLiabilities" />
    <loc xlink:type="locator" xlink:href="http://xbrl.ifrs.org/taxonomy/2020-03-16/full_ifrs/full_ifrs-cor_2020-03-16.xsd#ifrs-full_EquityAndLiabilitiesAbstract" xlink:label="ifrs-full_EquityAndLiabilitiesAbstract" />
    <loc xlink:type="locator" xlink:href="http://xbrl.ifrs.org/taxonomy/2020-03-16/full_ifrs/full_ifrs-cor_2020-03-16.xsd#ifrs-full_FinancialAssetsAtAmortisedCost" xlink:label="ifrs-full_FinancialAssetsAtAmortisedCost" />
    <loc xlink:type="locator" xlink:href="http://xbrl.ifrs.org/taxonomy/2020-03-16/full_ifrs/full_ifrs-cor_2020-03-16.xsd#ifrs-full_FinancialLiabilitiesAtAmortisedCost" xlink:label="ifrs-full_FinancialLiabilitiesAtAmortisedCost" />
    <loc xlink:type="locator" xlink:href="http://xbrl.ifrs.org/taxonomy/2020-03-16/full_ifrs/full_ifrs-cor_2020-03-16.xsd#ifrs-full_EquityAttributableToOwnersOfParent" xlink:label="ifrs-full_EquityAttributableToOwnersOfParent" />
    <loc xlink:type="locator" xlink:href="rbi-2021-12-31.xsd#RBI_HedgeAccountingPassiva" xlink:label="RBI_HedgeAccountingPassiva" />
    <loc xlink:type="locator" xlink:href="http://xbrl.ifrs.org/taxonomy/2020-03-16/full_ifrs/full_ifrs-cor_2020-03-16.xsd#ifrs-full_EquityAndLiabilities" xlink:label="ifrs-full_EquityAndLiabilities" />
    <loc xlink:type="locator" xlink:href="http://xbrl.ifrs.org/taxonomy/2020-03-16/full_ifrs/full_ifrs-cor_2020-03-16.xsd#ifrs-full_StatementOfFinancialPositionAbstract" xlink:label="ifrs-full_StatementOfFinancialPositionAbstract" />
    <loc xlink:type="locator" xlink:href="http://xbrl.ifrs.org/taxonomy/2020-03-16/full_ifrs/full_ifrs-cor_2020-03-16.xsd#ifrs-full_AssetsAbstract" xlink:label="ifrs-full_AssetsAbstract" />
    <loc xlink:type="locator" xlink:href="http://xbrl.ifrs.org/taxonomy/2020-03-16/full_ifrs/full_ifrs-cor_2020-03-16.xsd#ifrs-full_CurrentTaxLiabilities" xlink:label="ifrs-full_CurrentTaxLiabilities" />
    <loc xlink:type="locator" xlink:href="http://xbrl.ifrs.org/taxonomy/2020-03-16/full_ifrs/full_ifrs-cor_2020-03-16.xsd#ifrs-full_OtherLiabilities" xlink:label="ifrs-full_OtherLiabilities" />
    <loc xlink:type="locator" xlink:href="http://xbrl.ifrs.org/taxonomy/2020-03-16/full_ifrs/full_ifrs-cor_2020-03-16.xsd#ifrs-full_Provisions" xlink:label="ifrs-full_Provisions" />
    <loc xlink:type="locator" xlink:href="http://xbrl.ifrs.org/taxonomy/2020-03-16/full_ifrs/full_ifrs-cor_2020-03-16.xsd#ifrs-full_Equity" xlink:label="ifrs-full_Equity" />
    <loc xlink:type="locator" xlink:href="http://xbrl.ifrs.org/taxonomy/2020-03-16/full_ifrs/full_ifrs-cor_2020-03-16.xsd#ifrs-full_FinancialAssetsAtFairValueThroughProfitOrLossMandatorilyMeasuredAtFairValue" xlink:label="ifrs-full_FinancialAssetsAtFairValueThroughProfitOrLossMandatorilyMeasuredAtFairValue" />
    <loc xlink:type="locator" xlink:href="http://xbrl.ifrs.org/taxonomy/2020-03-16/full_ifrs/full_ifrs-cor_2020-03-16.xsd#ifrs-full_InvestmentsInSubsidiariesJointVenturesAndAssociates" xlink:label="ifrs-full_InvestmentsInSubsidiariesJointVenturesAndAssociates" />
    <loc xlink:type="locator" xlink:href="rbi-2021-12-31.xsd#RBI_HedgeAccountingAktiva" xlink:label="RBI_HedgeAccountingAktiva" />
    <loc xlink:type="locator" xlink:href="http://xbrl.ifrs.org/taxonomy/2020-03-16/full_ifrs/full_ifrs-cor_2020-03-16.xsd#ifrs-full_OtherEquityInterest" xlink:label="ifrs-full_OtherEquityInterest" />
    <loc xlink:type="locator" xlink:href="http://xbrl.ifrs.org/taxonomy/2020-03-16/full_ifrs/full_ifrs-cor_2020-03-16.xsd#ifrs-full_NoncontrollingInterests" xlink:label="ifrs-full_NoncontrollingInterests" />
    <loc xlink:type="locator" xlink:href="http://xbrl.ifrs.org/taxonomy/2020-03-16/full_ifrs/full_ifrs-cor_2020-03-16.xsd#ifrs-full_FinancialAssetsAtFairValueThroughOtherComprehensiveIncome" xlink:label="ifrs-full_FinancialAssetsAtFairValueThroughOtherComprehensiveIncome" />
    <loc xlink:type="locator" xlink:href="http://xbrl.ifrs.org/taxonomy/2020-03-16/full_ifrs/full_ifrs-cor_2020-03-16.xsd#ifrs-full_IntangibleAssetsAndGoodwill" xlink:label="ifrs-full_IntangibleAssetsAndGoodwill" />
    <loc xlink:type="locator" xlink:href="http://xbrl.ifrs.org/taxonomy/2020-03-16/full_ifrs/full_ifrs-cor_2020-03-16.xsd#ifrs-full_LiabilitiesIncludedInDisposalGroupsClassifiedAsHeldForSale" xlink:label="ifrs-full_LiabilitiesIncludedInDisposalGroupsClassifiedAsHeldForSale" />
    <loc xlink:type="locator" xlink:href="http://xbrl.ifrs.org/taxonomy/2020-03-16/full_ifrs/full_ifrs-cor_2020-03-16.xsd#ifrs-full_NoncurrentAssetsOrDisposalGroupsClassifiedAsHeldForSaleOrAsHeldForDistributionToOwners" xlink:label="ifrs-full_NoncurrentAssetsOrDisposalGroupsClassifiedAsHeldForSaleOrAsHeldForDistributionToOwners" />
    <loc xlink:type="locator" xlink:href="http://xbrl.ifrs.org/taxonomy/2020-03-16/full_ifrs/full_ifrs-cor_2020-03-16.xsd#ifrs-full_Assets" xlink:label="ifrs-full_Assets" />
    <loc xlink:type="locator" xlink:href="http://xbrl.ifrs.org/taxonomy/2020-03-16/full_ifrs/full_ifrs-cor_2020-03-16.xsd#ifrs-full_CashAndCashEquivalents" xlink:label="ifrs-full_CashAndCashEquivalents" />
    <loc xlink:type="locator" xlink:href="http://xbrl.ifrs.org/taxonomy/2020-03-16/full_ifrs/full_ifrs-cor_2020-03-16.xsd#ifrs-full_FinancialAssetsAtFairValueThroughProfitOrLossClassifiedAsHeldForTrading" xlink:label="ifrs-full_FinancialAssetsAtFairValueThroughProfitOrLossClassifiedAsHeldForTrading" />
    <loc xlink:type="locator" xlink:href="rbi-2021-12-31.xsd#RBI_TangibleFixedAssets" xlink:label="RBI_TangibleFixedAssets" />
    <presentationArc xlink:type="arc" xlink:from="ifrs-full_StatementOfFinancialPositionAbstract" xlink:to="ifrs-full_AssetsAbstract" order="1" xlink:arcrole="http://www.xbrl.org/2003/arcrole/parent-child" priority="1" />
    <presentationArc xlink:type="arc" xlink:from="ifrs-full_AssetsAbstract" xlink:to="ifrs-full_CashAndCashEquivalents" order="1" xlink:arcrole="http://www.xbrl.org/2003/arcrole/parent-child" priority="1" />
    <presentationArc xlink:type="arc" xlink:from="ifrs-full_AssetsAbstract" xlink:to="ifrs-full_FinancialAssetsAtAmortisedCost" order="3" xlink:arcrole="http://www.xbrl.org/2003/arcrole/parent-child" priority="1" />
    <presentationArc xlink:type="arc" xlink:from="ifrs-full_AssetsAbstract" xlink:to="ifrs-full_FinancialAssetsAtFairValueThroughOtherComprehensiveIncome" order="5" xlink:arcrole="http://www.xbrl.org/2003/arcrole/parent-child" priority="1" />
    <presentationArc xlink:type="arc" xlink:from="ifrs-full_AssetsAbstract" xlink:to="ifrs-full_FinancialAssetsAtFairValueThroughProfitOrLossMandatorilyMeasuredAtFairValue" order="7" xlink:arcrole="http://www.xbrl.org/2003/arcrole/parent-child" priority="1" />
    <presentationArc xlink:type="arc" xlink:from="ifrs-full_AssetsAbstract" xlink:to="ifrs-full_FinancialAssetsAtFairValueThroughProfitOrLossDesignatedAsUponInitialRecognition" order="9" xlink:arcrole="http://www.xbrl.org/2003/arcrole/parent-child" priority="1" />
    <presentationArc xlink:type="arc" xlink:from="ifrs-full_AssetsAbstract" xlink:to="ifrs-full_FinancialAssetsAtFairValueThroughProfitOrLossClassifiedAsHeldForTrading" order="11" xlink:arcrole="http://www.xbrl.org/2003/arcrole/parent-child" priority="1" />
    <presentationArc xlink:type="arc" xlink:from="ifrs-full_AssetsAbstract" xlink:to="RBI_HedgeAccountingAktiva" order="13" xlink:arcrole="http://www.xbrl.org/2003/arcrole/parent-child" priority="1" />
    <presentationArc xlink:type="arc" xlink:from="ifrs-full_AssetsAbstract" xlink:to="ifrs-full_InvestmentsInSubsidiariesJointVenturesAndAssociates" order="15" xlink:arcrole="http://www.xbrl.org/2003/arcrole/parent-child" priority="1" />
    <presentationArc xlink:type="arc" xlink:from="ifrs-full_AssetsAbstract" xlink:to="RBI_TangibleFixedAssets" order="17" xlink:arcrole="http://www.xbrl.org/2003/arcrole/parent-child" priority="1" />
    <presentationArc xlink:type="arc" xlink:from="ifrs-full_AssetsAbstract" xlink:to="ifrs-full_IntangibleAssetsAndGoodwill" order="19" xlink:arcrole="http://www.xbrl.org/2003/arcrole/parent-child" priority="1" />
    <presentationArc xlink:type="arc" xlink:from="ifrs-full_AssetsAbstract" xlink:to="ifrs-full_CurrentTaxAssetsCurrent" order="21" xlink:arcrole="http://www.xbrl.org/2003/arcrole/parent-child" priority="1" />
    <presentationArc xlink:type="arc" xlink:from="ifrs-full_AssetsAbstract" xlink:to="ifrs-full_DeferredTaxAssets" order="23" xlink:arcrole="http://www.xbrl.org/2003/arcrole/parent-child" priority="1" />
    <presentationArc xlink:type="arc" xlink:from="ifrs-full_AssetsAbstract" xlink:to="ifrs-full_NoncurrentAssetsOrDisposalGroupsClassifiedAsHeldForSaleOrAsHeldForDistributionToOwners" order="25" xlink:arcrole="http://www.xbrl.org/2003/arcrole/parent-child" priority="1" />
    <presentationArc xlink:type="arc" xlink:from="ifrs-full_AssetsAbstract" xlink:to="ifrs-full_OtherAssets" order="27" xlink:arcrole="http://www.xbrl.org/2003/arcrole/parent-child" priority="1" />
    <presentationArc xlink:type="arc" xlink:from="ifrs-full_AssetsAbstract" xlink:to="ifrs-full_Assets" order="29" xlink:arcrole="http://www.xbrl.org/2003/arcrole/parent-child" priority="1" preferredLabel="http://www.xbrl.org/2003/role/totalLabel" />
    <presentationArc xlink:type="arc" xlink:from="ifrs-full_StatementOfFinancialPositionAbstract" xlink:to="ifrs-full_EquityAndLiabilitiesAbstract" order="1" xlink:arcrole="http://www.xbrl.org/2003/arcrole/parent-child" priority="1" />
    <presentationArc xlink:type="arc" xlink:from="ifrs-full_EquityAndLiabilitiesAbstract" xlink:to="ifrs-full_FinancialLiabilitiesAtAmortisedCost" order="1" xlink:arcrole="http://www.xbrl.org/2003/arcrole/parent-child" priority="1" />
    <presentationArc xlink:type="arc" xlink:from="ifrs-full_EquityAndLiabilitiesAbstract" xlink:to="ifrs-full_FinancialLiabilitiesAtFairValueThroughProfitOrLossDesignatedAsUponInitialRecognition" order="3" xlink:arcrole="http://www.xbrl.org/2003/arcrole/parent-child" priority="1" />
    <presentationArc xlink:type="arc" xlink:from="ifrs-full_EquityAndLiabilitiesAbstract" xlink:to="ifrs-full_FinancialLiabilitiesAtFairValueThroughProfitOrLossClassifiedAsHeldForTrading" order="5" xlink:arcrole="http://www.xbrl.org/2003/arcrole/parent-child" priority="1" />
    <presentationArc xlink:type="arc" xlink:from="ifrs-full_EquityAndLiabilitiesAbstract" xlink:to="RBI_HedgeAccountingPassiva" order="7" xlink:arcrole="http://www.xbrl.org/2003/arcrole/parent-child" priority="1" />
    <presentationArc xlink:type="arc" xlink:from="ifrs-full_EquityAndLiabilitiesAbstract" xlink:to="ifrs-full_Provisions" order="9" xlink:arcrole="http://www.xbrl.org/2003/arcrole/parent-child" priority="1" />
    <presentationArc xlink:type="arc" xlink:from="ifrs-full_EquityAndLiabilitiesAbstract" xlink:to="ifrs-full_CurrentTaxLiabilities" order="11" xlink:arcrole="http://www.xbrl.org/2003/arcrole/parent-child" priority="1" />
    <presentationArc xlink:type="arc" xlink:from="ifrs-full_EquityAndLiabilitiesAbstract" xlink:to="ifrs-full_DeferredTaxLiabilities" order="13" xlink:arcrole="http://www.xbrl.org/2003/arcrole/parent-child" priority="1" />
    <presentationArc xlink:type="arc" xlink:from="ifrs-full_EquityAndLiabilitiesAbstract" xlink:to="ifrs-full_LiabilitiesIncludedInDisposalGroupsClassifiedAsHeldForSale" order="15" xlink:arcrole="http://www.xbrl.org/2003/arcrole/parent-child" priority="1" />
    <presentationArc xlink:type="arc" xlink:from="ifrs-full_EquityAndLiabilitiesAbstract" xlink:to="ifrs-full_OtherLiabilities" order="17" xlink:arcrole="http://www.xbrl.org/2003/arcrole/parent-child" priority="1" />
    <presentationArc xlink:type="arc" xlink:from="ifrs-full_EquityAndLiabilitiesAbstract" xlink:to="ifrs-full_Equity" order="19" xlink:arcrole="http://www.xbrl.org/2003/arcrole/parent-child" priority="1" preferredLabel="http://www.xbrl.org/2003/role/totalLabel" />
    <presentationArc xlink:type="arc" xlink:from="ifrs-full_EquityAndLiabilitiesAbstract" xlink:to="ifrs-full_EquityAttributableToOwnersOfParent" order="21" xlink:arcrole="http://www.xbrl.org/2003/arcrole/parent-child" priority="1" />
    <presentationArc xlink:type="arc" xlink:from="ifrs-full_EquityAndLiabilitiesAbstract" xlink:to="ifrs-full_NoncontrollingInterests" order="23" xlink:arcrole="http://www.xbrl.org/2003/arcrole/parent-child" priority="1" />
    <presentationArc xlink:type="arc" xlink:from="ifrs-full_EquityAndLiabilitiesAbstract" xlink:to="ifrs-full_OtherEquityInterest" order="25" xlink:arcrole="http://www.xbrl.org/2003/arcrole/parent-child" priority="1" />
    <presentationArc xlink:type="arc" xlink:from="ifrs-full_EquityAndLiabilitiesAbstract" xlink:to="ifrs-full_EquityAndLiabilities" order="27" xlink:arcrole="http://www.xbrl.org/2003/arcrole/parent-child" priority="1" preferredLabel="http://www.xbrl.org/2003/role/totalLabel" />
  </presentationLink>
  <presentationLink xlink:role="http://rbinternational.com/roles/ChangesInEquity" xlink:type="extended" xmlns:xlink="http://www.w3.org/1999/xlink">
    <loc xlink:type="locator" xlink:href="http://xbrl.ifrs.org/taxonomy/2020-03-16/full_ifrs/full_ifrs-cor_2020-03-16.xsd#ifrs-full_StatementOfChangesInEquityAbstract" xlink:label="ifrs-full_StatementOfChangesInEquityAbstract" />
    <loc xlink:type="locator" xlink:href="http://xbrl.ifrs.org/taxonomy/2020-03-16/full_ifrs/full_ifrs-cor_2020-03-16.xsd#ifrs-full_DividendsPaid" xlink:label="ifrs-full_DividendsPaid" />
    <loc xlink:type="locator" xlink:href="http://xbrl.ifrs.org/taxonomy/2020-03-16/full_ifrs/full_ifrs-cor_2020-03-16.xsd#ifrs-full_EquityAttributableToOwnersOfParentMember" xlink:label="ifrs-full_EquityAttributableToOwnersOfParentMember" />
    <loc xlink:type="locator" xlink:href="http://xbrl.ifrs.org/taxonomy/2020-03-16/full_ifrs/full_ifrs-cor_2020-03-16.xsd#ifrs-full_ComprehensiveIncome" xlink:label="ifrs-full_ComprehensiveIncome" />
    <loc xlink:type="locator" xlink:href="http://xbrl.ifrs.org/taxonomy/2020-03-16/full_ifrs/full_ifrs-cor_2020-03-16.xsd#ifrs-full_AccumulatedOtherComprehensiveIncomeMember" xlink:label="ifrs-full_AccumulatedOtherComprehensiveIncomeMember" />
    <loc xlink:type="locator" xlink:href="rbi-2021-12-31.xsd#RBI_AllocationDividendAT1" xlink:label="RBI_AllocationDividendAT1" />
    <loc xlink:type="locator" xlink:href="http://xbrl.ifrs.org/taxonomy/2020-03-16/full_ifrs/full_ifrs-cor_2020-03-16.xsd#ifrs-full_IssueOfEquity" xlink:label="ifrs-full_IssueOfEquity" />
    <loc xlink:type="locator" xlink:href="http://xbrl.ifrs.org/taxonomy/2020-03-16/full_ifrs/full_ifrs-cor_2020-03-16.xsd#ifrs-full_RetainedEarningsMember" xlink:label="ifrs-full_RetainedEarningsMember" />
    <loc xlink:type="locator" xlink:href="http://xbrl.ifrs.org/taxonomy/2020-03-16/full_ifrs/full_ifrs-cor_2020-03-16.xsd#ifrs-full_IssuedCapitalMember" xlink:label="ifrs-full_IssuedCapitalMember" />
    <loc xlink:type="locator" xlink:href="http://xbrl.ifrs.org/taxonomy/2020-03-16/full_ifrs/full_ifrs-cor_2020-03-16.xsd#ifrs-full_IncreaseDecreaseThroughTransfersAndOtherChangesEquity" xlink:label="ifrs-full_IncreaseDecreaseThroughTransfersAndOtherChangesEquity" />
    <loc xlink:type="locator" xlink:href="http://xbrl.ifrs.org/taxonomy/2020-03-16/full_ifrs/full_ifrs-cor_2020-03-16.xsd#ifrs-full_IncreaseDecreaseThroughTreasuryShareTransactions" xlink:label="ifrs-full_IncreaseDecreaseThroughTreasuryShareTransactions" />
    <loc xlink:type="locator" xlink:href="http://xbrl.ifrs.org/taxonomy/2020-03-16/full_ifrs/full_ifrs-cor_2020-03-16.xsd#ifrs-full_Equity" xlink:label="ifrs-full_Equity" />
    <loc xlink:type="locator" xlink:href="http://xbrl.ifrs.org/taxonomy/2020-03-16/full_ifrs/full_ifrs-cor_2020-03-16.xsd#ifrs-full_Equity" xlink:label="ifrs-full_Equity_PeriodEnd" />
    <loc xlink:type="locator" xlink:href="http://xbrl.ifrs.org/taxonomy/2020-03-16/full_ifrs/full_ifrs-cor_2020-03-16.xsd#ifrs-full_SharePremiumMember" xlink:label="ifrs-full_SharePremiumMember" />
    <loc xlink:type="locator" xlink:href="http://xbrl.ifrs.org/taxonomy/2020-03-16/full_ifrs/full_ifrs-cor_2020-03-16.xsd#ifrs-full_NoncontrollingInterestsMember" xlink:label="ifrs-full_NoncontrollingInterestsMember" />
    <loc xlink:type="locator" xlink:href="http://xbrl.ifrs.org/taxonomy/2020-03-16/full_ifrs/full_ifrs-cor_2020-03-16.xsd#ifrs-full_ComponentsOfEquityAxis" xlink:label="ifrs-full_ComponentsOfEquityAxis" />
    <loc xlink:type="locator" xlink:href="http://xbrl.ifrs.org/taxonomy/2020-03-16/full_ifrs/full_ifrs-cor_2020-03-16.xsd#ifrs-full_OtherEquityInterestMember" xlink:label="ifrs-full_OtherEquityInterestMember" />
    <loc xlink:type="locator" xlink:href="http://xbrl.ifrs.org/taxonomy/2020-03-16/full_ifrs/full_ifrs-cor_2020-03-16.xsd#ifrs-full_StatementOfChangesInEquityTable" xlink:label="ifrs-full_StatementOfChangesInEquityTable" />
    <loc xlink:type="locator" xlink:href="http://xbrl.ifrs.org/taxonomy/2020-03-16/full_ifrs/full_ifrs-cor_2020-03-16.xsd#ifrs-full_EquityMember" xlink:label="ifrs-full_EquityMember" />
    <loc xlink:type="locator" xlink:href="http://xbrl.ifrs.org/taxonomy/2020-03-16/full_ifrs/full_ifrs-cor_2020-03-16.xsd#ifrs-full_StatementOfChangesInEquityLineItems" xlink:label="ifrs-full_StatementOfChangesInEquityLineItems" />
    <presentationArc xlink:type="arc" xlink:from="ifrs-full_StatementOfChangesInEquityAbstract" xlink:to="ifrs-full_StatementOfChangesInEquityTable" order="1" xlink:arcrole="http://www.xbrl.org/2003/arcrole/parent-child" priority="1" />
    <presentationArc xlink:type="arc" xlink:from="ifrs-full_StatementOfChangesInEquityTable" xlink:to="ifrs-full_ComponentsOfEquityAxis" order="0" xlink:arcrole="http://www.xbrl.org/2003/arcrole/parent-child" priority="1" />
    <presentationArc xlink:type="arc" xlink:from="ifrs-full_ComponentsOfEquityAxis" xlink:to="ifrs-full_EquityMember" order="0" xlink:arcrole="http://www.xbrl.org/2003/arcrole/parent-child" priority="1" />
    <presentationArc xlink:type="arc" xlink:from="ifrs-full_EquityMember" xlink:to="ifrs-full_AccumulatedOtherComprehensiveIncomeMember" order="0" xlink:arcrole="http://www.xbrl.org/2003/arcrole/parent-child" priority="1" />
    <presentationArc xlink:type="arc" xlink:from="ifrs-full_EquityMember" xlink:to="ifrs-full_EquityAttributableToOwnersOfParentMember" order="1" xlink:arcrole="http://www.xbrl.org/2003/arcrole/parent-child" priority="1" />
    <presentationArc xlink:type="arc" xlink:from="ifrs-full_EquityAttributableToOwnersOfParentMember" xlink:to="ifrs-full_IssuedCapitalMember" order="0" xlink:arcrole="http://www.xbrl.org/2003/arcrole/parent-child" priority="1" />
    <presentationArc xlink:type="arc" xlink:from="ifrs-full_EquityAttributableToOwnersOfParentMember" xlink:to="ifrs-full_OtherEquityInterestMember" order="1" xlink:arcrole="http://www.xbrl.org/2003/arcrole/parent-child" priority="1" />
    <presentationArc xlink:type="arc" xlink:from="ifrs-full_EquityAttributableToOwnersOfParentMember" xlink:to="ifrs-full_RetainedEarningsMember" order="2" xlink:arcrole="http://www.xbrl.org/2003/arcrole/parent-child" priority="1" />
    <presentationArc xlink:type="arc" xlink:from="ifrs-full_EquityAttributableToOwnersOfParentMember" xlink:to="ifrs-full_SharePremiumMember" order="3" xlink:arcrole="http://www.xbrl.org/2003/arcrole/parent-child" priority="1" />
    <presentationArc xlink:type="arc" xlink:from="ifrs-full_EquityMember" xlink:to="ifrs-full_NoncontrollingInterestsMember" order="2" xlink:arcrole="http://www.xbrl.org/2003/arcrole/parent-child" priority="1" />
    <presentationArc xlink:type="arc" xlink:from="ifrs-full_StatementOfChangesInEquityAbstract" xlink:to="ifrs-full_StatementOfChangesInEquityLineItems" order="1" xlink:arcrole="http://www.xbrl.org/2003/arcrole/parent-child" priority="1" />
    <presentationArc xlink:type="arc" xlink:from="ifrs-full_StatementOfChangesInEquityLineItems" xlink:to="ifrs-full_Equity" order="0" xlink:arcrole="http://www.xbrl.org/2003/arcrole/parent-child" priority="1" preferredLabel="http://www.xbrl.org/2003/role/periodStartLabel" />
    <presentationArc xlink:type="arc" xlink:from="ifrs-full_StatementOfChangesInEquityLineItems" xlink:to="ifrs-full_IssueOfEquity" order="9" xlink:arcrole="http://www.xbrl.org/2003/arcrole/parent-child" priority="1" />
    <presentationArc xlink:type="arc" xlink:from="ifrs-full_StatementOfChangesInEquityLineItems" xlink:to="RBI_AllocationDividendAT1" order="17" xlink:arcrole="http://www.xbrl.org/2003/arcrole/parent-child" priority="1" />
    <presentationArc xlink:type="arc" xlink:from="ifrs-full_StatementOfChangesInEquityLineItems" xlink:to="ifrs-full_DividendsPaid" order="25" xlink:arcrole="http://www.xbrl.org/2003/arcrole/parent-child" priority="1" />
    <presentationArc xlink:type="arc" xlink:from="ifrs-full_StatementOfChangesInEquityLineItems" xlink:to="ifrs-full_IncreaseDecreaseThroughTreasuryShareTransactions" order="33" xlink:arcrole="http://www.xbrl.org/2003/arcrole/parent-child" priority="1" />
    <presentationArc xlink:type="arc" xlink:from="ifrs-full_StatementOfChangesInEquityLineItems" xlink:to="ifrs-full_IncreaseDecreaseThroughTransfersAndOtherChangesEquity" order="41" xlink:arcrole="http://www.xbrl.org/2003/arcrole/parent-child" priority="1" />
    <presentationArc xlink:type="arc" xlink:from="ifrs-full_StatementOfChangesInEquityLineItems" xlink:to="ifrs-full_ComprehensiveIncome" order="49" xlink:arcrole="http://www.xbrl.org/2003/arcrole/parent-child" priority="1" />
    <presentationArc xlink:type="arc" xlink:from="ifrs-full_StatementOfChangesInEquityLineItems" xlink:to="ifrs-full_Equity_PeriodEnd" order="157" xlink:arcrole="http://www.xbrl.org/2003/arcrole/parent-child" priority="1" preferredLabel="http://www.xbrl.org/2003/role/periodEndLabel" />
  </presentationLink>
  <presentationLink xlink:role="http://rbinternational.com/roles/StatementOfCashFlows" xlink:type="extended" xmlns:xlink="http://www.w3.org/1999/xlink">
    <loc xlink:type="locator" xlink:href="http://xbrl.ifrs.org/taxonomy/2020-03-16/full_ifrs/full_ifrs-cor_2020-03-16.xsd#ifrs-full_PaymentsToAcquireOrRedeemEntitysShares" xlink:label="ifrs-full_PaymentsToAcquireOrRedeemEntitysShares" />
    <loc xlink:type="locator" xlink:href="http://xbrl.ifrs.org/taxonomy/2020-03-16/full_ifrs/full_ifrs-cor_2020-03-16.xsd#ifrs-full_DividendsReceivedClassifiedAsOperatingActivities" xlink:label="ifrs-full_DividendsReceivedClassifiedAsOperatingActivities" />
    <loc xlink:type="locator" xlink:href="rbi-2021-12-31.xsd#RBI_FinancialAssetsDesignatedFairValueThroughProfitLoss" xlink:label="RBI_FinancialAssetsDesignatedFairValueThroughProfitLoss" />
    <loc xlink:type="locator" xlink:href="rbi-2021-12-31.xsd#RBI_NetProvisioningForLiabilitiesAndChargesAndImpairmentLossesOnFinancialAssets" xlink:label="RBI_NetProvisioningForLiabilitiesAndChargesAndImpairmentLossesOnFinancialAssets" />
    <loc xlink:type="locator" xlink:href="rbi-2021-12-31.xsd#RBI_OtherAssets" xlink:label="RBI_OtherAssets" />
    <loc xlink:type="locator" xlink:href="rbi-2021-12-31.xsd#RBI_NonTradingFinancialAssetsMandatorilyFairValueThroughProfitLoss" xlink:label="RBI_NonTradingFinancialAssetsMandatorilyFairValueThroughProfitLoss" />
    <loc xlink:type="locator" xlink:href="http://xbrl.ifrs.org/taxonomy/2020-03-16/full_ifrs/full_ifrs-cor_2020-03-16.xsd#ifrs-full_DividendsPaidClassifiedAsFinancingActivities" xlink:label="ifrs-full_DividendsPaidClassifiedAsFinancingActivities" />
    <loc xlink:type="locator" xlink:href="http://xbrl.ifrs.org/taxonomy/2020-03-16/full_ifrs/full_ifrs-cor_2020-03-16.xsd#ifrs-full_OtherInflowsOutflowsOfCashClassifiedAsInvestingActivities" xlink:label="ifrs-full_OtherInflowsOutflowsOfCashClassifiedAsInvestingActivities" />
    <loc xlink:type="locator" xlink:href="http://xbrl.ifrs.org/taxonomy/2020-03-16/full_ifrs/full_ifrs-cor_2020-03-16.xsd#ifrs-full_CashFlowsFromUsedInOperatingActivities" xlink:label="ifrs-full_CashFlowsFromUsedInOperatingActivities" />
    <loc xlink:type="locator" xlink:href="http://xbrl.ifrs.org/taxonomy/2020-03-16/full_ifrs/full_ifrs-cor_2020-03-16.xsd#ifrs-full_StatementOfCashFlowsAbstract" xlink:label="ifrs-full_StatementOfCashFlowsAbstract" />
    <loc xlink:type="locator" xlink:href="rbi-2021-12-31.xsd#RBI_FianancialAssetsAmortizedCost" xlink:label="RBI_FianancialAssetsAmortizedCost" />
    <loc xlink:type="locator" xlink:href="http://xbrl.ifrs.org/taxonomy/2020-03-16/full_ifrs/full_ifrs-cor_2020-03-16.xsd#ifrs-full_CashFlowsFromUsedInFinancingActivities" xlink:label="ifrs-full_CashFlowsFromUsedInFinancingActivities" />
    <loc xlink:type="locator" xlink:href="rbi-2021-12-31.xsd#RBI_TangibleAndIntangibleFixedAssetsPurchase" xlink:label="RBI_TangibleAndIntangibleFixedAssetsPurchase" />
    <loc xlink:type="locator" xlink:href="http://xbrl.ifrs.org/taxonomy/2020-03-16/full_ifrs/full_ifrs-cor_2020-03-16.xsd#ifrs-full_RepaymentsOfSubordinatedLiabilities" xlink:label="ifrs-full_RepaymentsOfSubordinatedLiabilities" />
    <loc xlink:type="locator" xlink:href="http://xbrl.ifrs.org/taxonomy/2020-03-16/full_ifrs/full_ifrs-cor_2020-03-16.xsd#ifrs-full_EffectOfExchangeRateChangesOnCashAndCashEquivalents" xlink:label="ifrs-full_EffectOfExchangeRateChangesOnCashAndCashEquivalents" />
    <loc xlink:type="locator" xlink:href="rbi-2021-12-31.xsd#RBI_FinancialLiabilitiesAmortizedCost" xlink:label="RBI_FinancialLiabilitiesAmortizedCost" />
    <loc xlink:type="locator" xlink:href="rbi-2021-12-31.xsd#RBI_OtherLiabilities" xlink:label="RBI_OtherLiabilities" />
    <loc xlink:type="locator" xlink:href="rbi-2021-12-31.xsd#RBI_ProfitLossBeforeTaxCashFlow" xlink:label="RBI_ProfitLossBeforeTaxCashFlow" />
    <loc xlink:type="locator" xlink:href="http://xbrl.ifrs.org/taxonomy/2020-03-16/full_ifrs/full_ifrs-cor_2020-03-16.xsd#ifrs-full_OtherCashPaymentsToAcquireEquityOrDebtInstrumentsOfOtherEntitiesClassifiedAsInvestingActivities" xlink:label="ifrs-full_OtherCashPaymentsToAcquireEquityOrDebtInstrumentsOfOtherEntitiesClassifiedAsInvestingActivities" />
    <loc xlink:type="locator" xlink:href="http://xbrl.ifrs.org/taxonomy/2020-03-16/full_ifrs/full_ifrs-cor_2020-03-16.xsd#ifrs-full_AdjustmentsForDepreciationAndAmortisationExpenseAndImpairmentLossReversalOfImpairmentLossRecognisedInProfitOrLoss" xlink:label="ifrs-full_AdjustmentsForDepreciationAndAmortisationExpenseAndImpairmentLossReversalOfImpairmentLossRecognisedInProfitOrLoss" />
    <loc xlink:type="locator" xlink:href="http://xbrl.ifrs.org/taxonomy/2020-03-16/full_ifrs/full_ifrs-cor_2020-03-16.xsd#ifrs-full_CashFlowsUsedInObtainingControlOfSubsidiariesOrOtherBusinessesClassifiedAsInvestingActivities" xlink:label="ifrs-full_CashFlowsUsedInObtainingControlOfSubsidiariesOrOtherBusinessesClassifiedAsInvestingActivities" />
    <loc xlink:type="locator" xlink:href="http://xbrl.ifrs.org/taxonomy/2020-03-16/full_ifrs/full_ifrs-cor_2020-03-16.xsd#ifrs-full_CashFlowsFromLosingControlOfSubsidiariesOrOtherBusinessesClassifiedAsInvestingActivities" xlink:label="ifrs-full_CashFlowsFromLosingControlOfSubsidiariesOrOtherBusinessesClassifiedAsInvestingActivities" />
    <loc xlink:type="locator" xlink:href="http://xbrl.ifrs.org/taxonomy/2020-03-16/full_ifrs/full_ifrs-cor_2020-03-16.xsd#ifrs-full_InterestPaidClassifiedAsOperatingActivities" xlink:label="ifrs-full_InterestPaidClassifiedAsOperatingActivities" />
    <loc xlink:type="locator" xlink:href="http://xbrl.ifrs.org/taxonomy/2020-03-16/full_ifrs/full_ifrs-cor_2020-03-16.xsd#ifrs-full_IncomeTaxesPaidRefundClassifiedAsOperatingActivities" xlink:label="ifrs-full_IncomeTaxesPaidRefundClassifiedAsOperatingActivities" />
    <loc xlink:type="locator" xlink:href="rbi-2021-12-31.xsd#RBI_FinancialLiabilitesDesignatedFairValueThroughProfitLoss" xlink:label="RBI_FinancialLiabilitesDesignatedFairValueThroughProfitLoss" />
    <loc xlink:type="locator" xlink:href="rbi-2021-12-31.xsd#RBI_ProvisionsForLiabilitesAndCharges" xlink:label="RBI_ProvisionsForLiabilitesAndCharges" />
    <loc xlink:type="locator" xlink:href="http://xbrl.ifrs.org/taxonomy/2020-03-16/full_ifrs/full_ifrs-cor_2020-03-16.xsd#ifrs-full_AdjustmentsForReconcileProfitLoss" xlink:label="ifrs-full_AdjustmentsForReconcileProfitLoss" />
    <loc xlink:type="locator" xlink:href="http://xbrl.ifrs.org/taxonomy/2020-03-16/full_ifrs/full_ifrs-cor_2020-03-16.xsd#ifrs-full_ProceedsFromIssuingShares" xlink:label="ifrs-full_ProceedsFromIssuingShares" />
    <loc xlink:type="locator" xlink:href="http://xbrl.ifrs.org/taxonomy/2020-03-16/full_ifrs/full_ifrs-cor_2020-03-16.xsd#ifrs-full_ProceedsFromChangesInOwnershipInterestsInSubsidiaries" xlink:label="ifrs-full_ProceedsFromChangesInOwnershipInterestsInSubsidiaries" />
    <loc xlink:type="locator" xlink:href="http://xbrl.ifrs.org/taxonomy/2020-03-16/full_ifrs/full_ifrs-cor_2020-03-16.xsd#ifrs-full_ProceedsFromIssueOfSubordinatedLiabilities" xlink:label="ifrs-full_ProceedsFromIssueOfSubordinatedLiabilities" />
    <loc xlink:type="locator" xlink:href="http://xbrl.ifrs.org/taxonomy/2020-03-16/full_ifrs/full_ifrs-cor_2020-03-16.xsd#ifrs-full_AdjustmentsForUndistributedProfitsOfAssociates" xlink:label="ifrs-full_AdjustmentsForUndistributedProfitsOfAssociates" />
    <loc xlink:type="locator" xlink:href="rbi-2021-12-31.xsd#RBI_GainsLossesFromTheMeasurementAndDerecognitionOfAssetsAndLiabilities" xlink:label="RBI_GainsLossesFromTheMeasurementAndDerecognitionOfAssetsAndLiabilities" />
    <loc xlink:type="locator" xlink:href="http://xbrl.ifrs.org/taxonomy/2020-03-16/full_ifrs/full_ifrs-cor_2020-03-16.xsd#ifrs-full_OtherCashReceiptsFromSalesOfEquityOrDebtInstrumentsOfOtherEntitiesClassifiedAsInvestingActivities" xlink:label="ifrs-full_OtherCashReceiptsFromSalesOfEquityOrDebtInstrumentsOfOtherEntitiesClassifiedAsInvestingActivities" />
    <loc xlink:type="locator" xlink:href="rbi-2021-12-31.xsd#RBI_FinancialAssetsHeldForTrading" xlink:label="RBI_FinancialAssetsHeldForTrading" />
    <loc xlink:type="locator" xlink:href="rbi-2021-12-31.xsd#RBI_FinancialLiabilitesHeldForTrading" xlink:label="RBI_FinancialLiabilitesHeldForTrading" />
    <loc xlink:type="locator" xlink:href="http://xbrl.ifrs.org/taxonomy/2020-03-16/full_ifrs/full_ifrs-cor_2020-03-16.xsd#ifrs-full_CashAndCashEquivalents" xlink:label="ifrs-full_CashAndCashEquivalents" />
    <loc xlink:type="locator" xlink:href="http://xbrl.ifrs.org/taxonomy/2020-03-16/full_ifrs/full_ifrs-cor_2020-03-16.xsd#ifrs-full_CashAndCashEquivalents" xlink:label="ifrs-full_CashAndCashEquivalents_PeriodEnd" />
    <loc xlink:type="locator" xlink:href="http://xbrl.ifrs.org/taxonomy/2020-03-16/full_ifrs/full_ifrs-cor_2020-03-16.xsd#ifrs-full_CashFlowsFromUsedInInvestingActivities" xlink:label="ifrs-full_CashFlowsFromUsedInInvestingActivities" />
    <loc xlink:type="locator" xlink:href="rbi-2021-12-31.xsd#RBI_FinancialAssetsFairValueThroughOtherComprehensiveIncome" xlink:label="RBI_FinancialAssetsFairValueThroughOtherComprehensiveIncome" />
    <loc xlink:type="locator" xlink:href="rbi-2021-12-31.xsd#RBI_TangibleAndIntangibleFixedAssetsSale" xlink:label="RBI_TangibleAndIntangibleFixedAssetsSale" />
    <loc xlink:type="locator" xlink:href="http://xbrl.ifrs.org/taxonomy/2020-03-16/full_ifrs/full_ifrs-cor_2020-03-16.xsd#ifrs-full_OtherAdjustmentsToReconcileProfitLoss" xlink:label="ifrs-full_OtherAdjustmentsToReconcileProfitLoss" />
    <loc xlink:type="locator" xlink:href="http://xbrl.ifrs.org/taxonomy/2020-03-16/full_ifrs/full_ifrs-cor_2020-03-16.xsd#ifrs-full_InterestReceivedClassifiedAsOperatingActivities" xlink:label="ifrs-full_InterestReceivedClassifiedAsOperatingActivities" />
    <loc xlink:type="locator" xlink:href="http://xbrl.ifrs.org/taxonomy/2020-03-16/full_ifrs/full_ifrs-cor_2020-03-16.xsd#ifrs-full_PaymentsOfLeaseLiabilitiesClassifiedAsFinancingActivities" xlink:label="ifrs-full_PaymentsOfLeaseLiabilitiesClassifiedAsFinancingActivities" />
    <presentationArc xlink:type="arc" xlink:from="ifrs-full_StatementOfCashFlowsAbstract" xlink:to="ifrs-full_CashAndCashEquivalents" order="1" xlink:arcrole="http://www.xbrl.org/2003/arcrole/parent-child" priority="1" preferredLabel="http://www.xbrl.org/2003/role/periodStartLabel" />
    <presentationArc xlink:type="arc" xlink:from="ifrs-full_StatementOfCashFlowsAbstract" xlink:to="RBI_ProfitLossBeforeTaxCashFlow" order="3" xlink:arcrole="http://www.xbrl.org/2003/arcrole/parent-child" priority="1" />
    <presentationArc xlink:type="arc" xlink:from="ifrs-full_StatementOfCashFlowsAbstract" xlink:to="ifrs-full_AdjustmentsForDepreciationAndAmortisationExpenseAndImpairmentLossReversalOfImpairmentLossRecognisedInProfitOrLoss" order="5" xlink:arcrole="http://www.xbrl.org/2003/arcrole/parent-child" priority="1" />
    <presentationArc xlink:type="arc" xlink:from="ifrs-full_StatementOfCashFlowsAbstract" xlink:to="RBI_NetProvisioningForLiabilitiesAndChargesAndImpairmentLossesOnFinancialAssets" order="7" xlink:arcrole="http://www.xbrl.org/2003/arcrole/parent-child" priority="1" />
    <presentationArc xlink:type="arc" xlink:from="ifrs-full_StatementOfCashFlowsAbstract" xlink:to="RBI_GainsLossesFromTheMeasurementAndDerecognitionOfAssetsAndLiabilities" order="9" xlink:arcrole="http://www.xbrl.org/2003/arcrole/parent-child" priority="1" />
    <presentationArc xlink:type="arc" xlink:from="ifrs-full_StatementOfCashFlowsAbstract" xlink:to="ifrs-full_AdjustmentsForUndistributedProfitsOfAssociates" order="11" xlink:arcrole="http://www.xbrl.org/2003/arcrole/parent-child" priority="1" />
    <presentationArc xlink:type="arc" xlink:from="ifrs-full_StatementOfCashFlowsAbstract" xlink:to="ifrs-full_OtherAdjustmentsToReconcileProfitLoss" order="13" xlink:arcrole="http://www.xbrl.org/2003/arcrole/parent-child" priority="1" />
    <presentationArc xlink:type="arc" xlink:from="ifrs-full_StatementOfCashFlowsAbstract" xlink:to="ifrs-full_AdjustmentsForReconcileProfitLoss" order="15" xlink:arcrole="http://www.xbrl.org/2003/arcrole/parent-child" priority="1" />
    <presentationArc xlink:type="arc" xlink:from="ifrs-full_StatementOfCashFlowsAbstract" xlink:to="RBI_FianancialAssetsAmortizedCost" order="17" xlink:arcrole="http://www.xbrl.org/2003/arcrole/parent-child" priority="1" />
    <presentationArc xlink:type="arc" xlink:from="ifrs-full_StatementOfCashFlowsAbstract" xlink:to="RBI_FinancialAssetsFairValueThroughOtherComprehensiveIncome" order="19" xlink:arcrole="http://www.xbrl.org/2003/arcrole/parent-child" priority="1" />
    <presentationArc xlink:type="arc" xlink:from="ifrs-full_StatementOfCashFlowsAbstract" xlink:to="RBI_NonTradingFinancialAssetsMandatorilyFairValueThroughProfitLoss" order="21" xlink:arcrole="http://www.xbrl.org/2003/arcrole/parent-child" priority="1" />
    <presentationArc xlink:type="arc" xlink:from="ifrs-full_StatementOfCashFlowsAbstract" xlink:to="RBI_FinancialAssetsDesignatedFairValueThroughProfitLoss" order="23" xlink:arcrole="http://www.xbrl.org/2003/arcrole/parent-child" priority="1" />
    <presentationArc xlink:type="arc" xlink:from="ifrs-full_StatementOfCashFlowsAbstract" xlink:to="RBI_FinancialAssetsHeldForTrading" order="25" xlink:arcrole="http://www.xbrl.org/2003/arcrole/parent-child" priority="1" />
    <presentationArc xlink:type="arc" xlink:from="ifrs-full_StatementOfCashFlowsAbstract" xlink:to="RBI_OtherAssets" order="27" xlink:arcrole="http://www.xbrl.org/2003/arcrole/parent-child" priority="1" />
    <presentationArc xlink:type="arc" xlink:from="ifrs-full_StatementOfCashFlowsAbstract" xlink:to="RBI_FinancialLiabilitiesAmortizedCost" order="29" xlink:arcrole="http://www.xbrl.org/2003/arcrole/parent-child" priority="1" />
    <presentationArc xlink:type="arc" xlink:from="ifrs-full_StatementOfCashFlowsAbstract" xlink:to="RBI_FinancialLiabilitesDesignatedFairValueThroughProfitLoss" order="31" xlink:arcrole="http://www.xbrl.org/2003/arcrole/parent-child" priority="1" />
    <presentationArc xlink:type="arc" xlink:from="ifrs-full_StatementOfCashFlowsAbstract" xlink:to="RBI_FinancialLiabilitesHeldForTrading" order="33" xlink:arcrole="http://www.xbrl.org/2003/arcrole/parent-child" priority="1" />
    <presentationArc xlink:type="arc" xlink:from="ifrs-full_StatementOfCashFlowsAbstract" xlink:to="RBI_ProvisionsForLiabilitesAndCharges" order="35" xlink:arcrole="http://www.xbrl.org/2003/arcrole/parent-child" priority="1" />
    <presentationArc xlink:type="arc" xlink:from="ifrs-full_StatementOfCashFlowsAbstract" xlink:to="RBI_OtherLiabilities" order="37" xlink:arcrole="http://www.xbrl.org/2003/arcrole/parent-child" priority="1" />
    <presentationArc xlink:type="arc" xlink:from="ifrs-full_StatementOfCashFlowsAbstract" xlink:to="ifrs-full_InterestReceivedClassifiedAsOperatingActivities" order="39" xlink:arcrole="http://www.xbrl.org/2003/arcrole/parent-child" priority="1" />
    <presentationArc xlink:type="arc" xlink:from="ifrs-full_StatementOfCashFlowsAbstract" xlink:to="ifrs-full_InterestPaidClassifiedAsOperatingActivities" order="41" xlink:arcrole="http://www.xbrl.org/2003/arcrole/parent-child" priority="1" />
    <presentationArc xlink:type="arc" xlink:from="ifrs-full_StatementOfCashFlowsAbstract" xlink:to="ifrs-full_DividendsReceivedClassifiedAsOperatingActivities" order="43" xlink:arcrole="http://www.xbrl.org/2003/arcrole/parent-child" priority="1" />
    <presentationArc xlink:type="arc" xlink:from="ifrs-full_StatementOfCashFlowsAbstract" xlink:to="ifrs-full_IncomeTaxesPaidRefundClassifiedAsOperatingActivities" order="45" xlink:arcrole="http://www.xbrl.org/2003/arcrole/parent-child" priority="1" />
    <presentationArc xlink:type="arc" xlink:from="ifrs-full_StatementOfCashFlowsAbstract" xlink:to="ifrs-full_CashFlowsFromUsedInOperatingActivities" order="47" xlink:arcrole="http://www.xbrl.org/2003/arcrole/parent-child" priority="1" preferredLabel="http://www.xbrl.org/2003/role/totalLabel" />
    <presentationArc xlink:type="arc" xlink:from="ifrs-full_StatementOfCashFlowsAbstract" xlink:to="ifrs-full_OtherInflowsOutflowsOfCashClassifiedAsInvestingActivities" order="49" xlink:arcrole="http://www.xbrl.org/2003/arcrole/parent-child" priority="1" />
    <presentationArc xlink:type="arc" xlink:from="ifrs-full_StatementOfCashFlowsAbstract" xlink:to="ifrs-full_OtherCashPaymentsToAcquireEquityOrDebtInstrumentsOfOtherEntitiesClassifiedAsInvestingActivities" order="51" xlink:arcrole="http://www.xbrl.org/2003/arcrole/parent-child" priority="1" />
    <presentationArc xlink:type="arc" xlink:from="ifrs-full_StatementOfCashFlowsAbstract" xlink:to="RBI_TangibleAndIntangibleFixedAssetsPurchase" order="53" xlink:arcrole="http://www.xbrl.org/2003/arcrole/parent-child" priority="1" />
    <presentationArc xlink:type="arc" xlink:from="ifrs-full_StatementOfCashFlowsAbstract" xlink:to="ifrs-full_CashFlowsUsedInObtainingControlOfSubsidiariesOrOtherBusinessesClassifiedAsInvestingActivities" order="55" xlink:arcrole="http://www.xbrl.org/2003/arcrole/parent-child" priority="1" />
    <presentationArc xlink:type="arc" xlink:from="ifrs-full_StatementOfCashFlowsAbstract" xlink:to="ifrs-full_OtherCashReceiptsFromSalesOfEquityOrDebtInstrumentsOfOtherEntitiesClassifiedAsInvestingActivities" order="57" xlink:arcrole="http://www.xbrl.org/2003/arcrole/parent-child" priority="1" />
    <presentationArc xlink:type="arc" xlink:from="ifrs-full_StatementOfCashFlowsAbstract" xlink:to="RBI_TangibleAndIntangibleFixedAssetsSale" order="59" xlink:arcrole="http://www.xbrl.org/2003/arcrole/parent-child" priority="1" />
    <presentationArc xlink:type="arc" xlink:from="ifrs-full_StatementOfCashFlowsAbstract" xlink:to="ifrs-full_CashFlowsFromLosingControlOfSubsidiariesOrOtherBusinessesClassifiedAsInvestingActivities" order="61" xlink:arcrole="http://www.xbrl.org/2003/arcrole/parent-child" priority="1" />
    <presentationArc xlink:type="arc" xlink:from="ifrs-full_StatementOfCashFlowsAbstract" xlink:to="ifrs-full_CashFlowsFromUsedInInvestingActivities" order="63" xlink:arcrole="http://www.xbrl.org/2003/arcrole/parent-child" priority="1" preferredLabel="http://www.xbrl.org/2003/role/totalLabel" />
    <presentationArc xlink:type="arc" xlink:from="ifrs-full_StatementOfCashFlowsAbstract" xlink:to="ifrs-full_ProceedsFromIssuingShares" order="65" xlink:arcrole="http://www.xbrl.org/2003/arcrole/parent-child" priority="1" />
    <presentationArc xlink:type="arc" xlink:from="ifrs-full_StatementOfCashFlowsAbstract" xlink:to="ifrs-full_PaymentsToAcquireOrRedeemEntitysShares" order="67" xlink:arcrole="http://www.xbrl.org/2003/arcrole/parent-child" priority="1" />
    <presentationArc xlink:type="arc" xlink:from="ifrs-full_StatementOfCashFlowsAbstract" xlink:to="ifrs-full_ProceedsFromIssueOfSubordinatedLiabilities" order="69" xlink:arcrole="http://www.xbrl.org/2003/arcrole/parent-child" priority="1" />
    <presentationArc xlink:type="arc" xlink:from="ifrs-full_StatementOfCashFlowsAbstract" xlink:to="ifrs-full_RepaymentsOfSubordinatedLiabilities" order="71" xlink:arcrole="http://www.xbrl.org/2003/arcrole/parent-child" priority="1" />
    <presentationArc xlink:type="arc" xlink:from="ifrs-full_StatementOfCashFlowsAbstract" xlink:to="ifrs-full_DividendsPaidClassifiedAsFinancingActivities" order="73" xlink:arcrole="http://www.xbrl.org/2003/arcrole/parent-child" priority="1" />
    <presentationArc xlink:type="arc" xlink:from="ifrs-full_StatementOfCashFlowsAbstract" xlink:to="ifrs-full_PaymentsOfLeaseLiabilitiesClassifiedAsFinancingActivities" order="75" xlink:arcrole="http://www.xbrl.org/2003/arcrole/parent-child" priority="1" />
    <presentationArc xlink:type="arc" xlink:from="ifrs-full_StatementOfCashFlowsAbstract" xlink:to="ifrs-full_ProceedsFromChangesInOwnershipInterestsInSubsidiaries" order="77" xlink:arcrole="http://www.xbrl.org/2003/arcrole/parent-child" priority="1" />
    <presentationArc xlink:type="arc" xlink:from="ifrs-full_StatementOfCashFlowsAbstract" xlink:to="ifrs-full_CashFlowsFromUsedInFinancingActivities" order="79" xlink:arcrole="http://www.xbrl.org/2003/arcrole/parent-child" priority="1" preferredLabel="http://www.xbrl.org/2003/role/totalLabel" />
    <presentationArc xlink:type="arc" xlink:from="ifrs-full_StatementOfCashFlowsAbstract" xlink:to="ifrs-full_EffectOfExchangeRateChangesOnCashAndCashEquivalents" order="81" xlink:arcrole="http://www.xbrl.org/2003/arcrole/parent-child" priority="1" />
    <presentationArc xlink:type="arc" xlink:from="ifrs-full_StatementOfCashFlowsAbstract" xlink:to="ifrs-full_CashAndCashEquivalents_PeriodEnd" order="83" xlink:arcrole="http://www.xbrl.org/2003/arcrole/parent-child" priority="1" preferredLabel="http://www.xbrl.org/2003/role/periodEndLabel" />
  </presentationLink>
</linkbase>