﻿<?xml version="1.0" encoding="utf-8"?>
<tp:taxonomyPackage xmlns:xsd="http://www.w3.org/2001/XMLSchema" xmlns:xsi="http://www.w3.org/2001/XMLSchema-instance" xsi:schemaLocation="http://xbrl.org/2016/taxonomy-package http://www.xbrl.org/2016/taxonomy-package.xsd" xmlns:tp="http://xbrl.org/2016/taxonomy-package">
  <tp:identifier>https://www.tatrabanka.sk/xbrl/2021-12-31</tp:identifier>
  <tp:name xml:lang="en">Tatra banka, a.s. XBRL Taxonomy</tp:name>
  <tp:name xml:lang="sk">Tatra banka, a.s. XBRL Taxonomy</tp:name>
  <tp:description xml:lang="en">Financial report prepared for the European Standard Electronic Format.</tp:description>
  <tp:description xml:lang="sk">Financial report prepared for the European Standard Electronic Format.</tp:description>
  <tp:version>2022-04-27</tp:version>
  <tp:publisher xml:lang="en">Tatra banka, a.s.</tp:publisher>
  <tp:publisher xml:lang="sk">Tatra banka, a.s.</tp:publisher>
  <tp:publisherURL>https://www.tatrabanka.sk</tp:publisherURL>
  <tp:publisherCountry>SK</tp:publisherCountry>
  <tp:publicationDate>2022-04-27</tp:publicationDate>
  <tp:entryPoints>
    <tp:entryPoint>
      <tp:name xml:lang="en">Tatra banka, a.s. XBRL taxonomy for the period from 2021-01-01 to 2021-12-31</tp:name>
      <tp:name xml:lang="sk">Tatra banka, a.s. XBRL taxonomy for the period from 2021-01-01 to 2021-12-31</tp:name>
      <tp:description xml:lang="en">Entry point to be used to load Tatra banka, a.s. XBRL report for the period from 2021-01-01 to 2021-12-31</tp:description>
      <tp:description xml:lang="sk">Entry point to be used to load Tatra banka, a.s. XBRL report for the period from 2021-01-01 to 2021-12-31</tp:description>
      <tp:entryPointDocument href="https://www.tatrabanka.sk/3157002JBFAI478MD587-2021-12-31.xsd" />
      <tp:languages>
        <tp:language>sk</tp:language>
        <tp:language>en</tp:language>
      </tp:languages>
    </tp:entryPoint>
  </tp:entryPoints>
</tp:taxonomyPackage>