<?xml version="1.0" encoding="utf-8"?>
<linkbase xsi:schemaLocation="http://www.xbrl.org/2003/linkbase http://www.xbrl.org/2003/xbrl-linkbase-2003-12-31.xsd" xmlns:xsi="http://www.w3.org/2001/XMLSchema-instance" xmlns="http://www.xbrl.org/2003/linkbase">
  <roleRef roleURI="http://www.esma.europa.eu/xbrl/role/cor/esef_role-999999" xlink:href="http://www.esma.europa.eu/taxonomy/2021-03-24/esef_cor.xsd#esef_role-999999" xlink:type="simple" xmlns:xlink="http://www.w3.org/1999/xlink" />
  <arcroleRef arcroleURI="http://xbrl.org/int/dim/arcrole/domain-member" xlink:href="http://www.xbrl.org/2005/xbrldt-2005.xsd#domain-member" xlink:type="simple" xmlns:xlink="http://www.w3.org/1999/xlink" />
  <definitionLink xlink:role="http://www.esma.europa.eu/xbrl/role/cor/esef_role-999999" xlink:type="extended" xmlns:xlink="http://www.w3.org/1999/xlink">
    <loc xlink:type="locator" xlink:href="http://xbrl.ifrs.org/taxonomy/2021-03-24/full_ifrs/full_ifrs-cor_2021-03-24.xsd#ifrs-full_IncomeTaxExpenseContinuingOperations" xlink:label="ifrs-full_IncomeTaxExpenseContinuingOperations" />
    <loc xlink:type="locator" xlink:href="http://xbrl.ifrs.org/taxonomy/2021-03-24/full_ifrs/full_ifrs-cor_2021-03-24.xsd#ifrs-full_ProfitLossBeforeTax" xlink:label="ifrs-full_ProfitLossBeforeTax" />
    <loc xlink:type="locator" xlink:href="http://www.esma.europa.eu/taxonomy/2021-03-24/esef_cor.xsd#esef_cor_LineItemsNotDimensionallyQualifiedPlaceholder" xlink:label="esef_cor_LineItemsNotDimensionallyQualifiedPlaceholder" />
    <loc xlink:type="locator" xlink:href="http://xbrl.ifrs.org/taxonomy/2021-03-24/full_ifrs/full_ifrs-cor_2021-03-24.xsd#ifrs-full_Revenue" xlink:label="ifrs-full_Revenue" />
    <loc xlink:type="locator" xlink:href="http://xbrl.ifrs.org/taxonomy/2021-03-24/full_ifrs/full_ifrs-cor_2021-03-24.xsd#ifrs-full_OtherAssets" xlink:label="ifrs-full_OtherAssets" />
    <loc xlink:type="locator" xlink:href="http://xbrl.ifrs.org/taxonomy/2021-03-24/full_ifrs/full_ifrs-cor_2021-03-24.xsd#ifrs-full_EmployeeBenefitsExpense" xlink:label="ifrs-full_EmployeeBenefitsExpense" />
    <loc xlink:type="locator" xlink:href="http://xbrl.ifrs.org/taxonomy/2021-03-24/full_ifrs/full_ifrs-cor_2021-03-24.xsd#ifrs-full_CurrentAssets" xlink:label="ifrs-full_CurrentAssets" />
    <loc xlink:type="locator" xlink:href="http://xbrl.ifrs.org/taxonomy/2021-03-24/full_ifrs/full_ifrs-cor_2021-03-24.xsd#ifrs-full_StatementOfIFRSCompliance" xlink:label="ifrs-full_StatementOfIFRSCompliance" />
    <loc xlink:type="locator" xlink:href="http://xbrl.ifrs.org/taxonomy/2021-03-24/full_ifrs/full_ifrs-cor_2021-03-24.xsd#ifrs-full_ShorttermBorrowings" xlink:label="ifrs-full_ShorttermBorrowings" />
    <loc xlink:type="locator" xlink:href="http://xbrl.ifrs.org/taxonomy/2021-03-24/full_ifrs/full_ifrs-cor_2021-03-24.xsd#ifrs-full_OtherFinanceIncomeCost" xlink:label="ifrs-full_OtherFinanceIncomeCost" />
    <loc xlink:type="locator" xlink:href="http://xbrl.ifrs.org/taxonomy/2021-03-24/full_ifrs/full_ifrs-cor_2021-03-24.xsd#ifrs-full_NoncurrentFinancialLiabilities" xlink:label="ifrs-full_NoncurrentFinancialLiabilities" />
    <loc xlink:type="locator" xlink:href="http://xbrl.ifrs.org/taxonomy/2021-03-24/full_ifrs/full_ifrs-cor_2021-03-24.xsd#ifrs-full_InvestmentAccountedForUsingEquityMethod" xlink:label="ifrs-full_InvestmentAccountedForUsingEquityMethod" />
    <loc xlink:type="locator" xlink:href="http://xbrl.ifrs.org/taxonomy/2021-03-24/full_ifrs/full_ifrs-cor_2021-03-24.xsd#ifrs-full_IssuedCapitalOrdinaryShares" xlink:label="ifrs-full_IssuedCapitalOrdinaryShares" />
    <loc xlink:type="locator" xlink:href="http://xbrl.ifrs.org/taxonomy/2021-03-24/full_ifrs/full_ifrs-cor_2021-03-24.xsd#ifrs-full_ShareOfProfitLossOfAssociatesAndJointVenturesAccountedForUsingEquityMethod" xlink:label="ifrs-full_ShareOfProfitLossOfAssociatesAndJointVenturesAccountedForUsingEquityMethod" />
    <loc xlink:type="locator" xlink:href="http://xbrl.ifrs.org/taxonomy/2021-03-24/full_ifrs/full_ifrs-cor_2021-03-24.xsd#ifrs-full_CurrentLiabilities" xlink:label="ifrs-full_CurrentLiabilities" />
    <loc xlink:type="locator" xlink:href="http://xbrl.ifrs.org/taxonomy/2021-03-24/full_ifrs/full_ifrs-cor_2021-03-24.xsd#ifrs-full_OtherCurrentBorrowingsAndCurrentPortionOfOtherNoncurrentBorrowings" xlink:label="ifrs-full_OtherCurrentBorrowingsAndCurrentPortionOfOtherNoncurrentBorrowings" />
    <loc xlink:type="locator" xlink:href="http://xbrl.ifrs.org/taxonomy/2021-03-24/full_ifrs/full_ifrs-cor_2021-03-24.xsd#ifrs-full_TradeAndOtherCurrentPayables" xlink:label="ifrs-full_TradeAndOtherCurrentPayables" />
    <loc xlink:type="locator" xlink:href="http://xbrl.ifrs.org/taxonomy/2021-03-24/full_ifrs/full_ifrs-cor_2021-03-24.xsd#ifrs-full_Liabilities" xlink:label="ifrs-full_Liabilities" />
    <loc xlink:type="locator" xlink:href="http://xbrl.ifrs.org/taxonomy/2021-03-24/full_ifrs/full_ifrs-cor_2021-03-24.xsd#ifrs-full_AccruedIncomeIncludingContractAssets" xlink:label="ifrs-full_AccruedIncomeIncludingContractAssets" />
    <loc xlink:type="locator" xlink:href="http://xbrl.ifrs.org/taxonomy/2021-03-24/full_ifrs/full_ifrs-cor_2021-03-24.xsd#ifrs-full_OtherOperatingIncomeExpense" xlink:label="ifrs-full_OtherOperatingIncomeExpense" />
    <loc xlink:type="locator" xlink:href="http://xbrl.ifrs.org/taxonomy/2021-03-24/full_ifrs/full_ifrs-cor_2021-03-24.xsd#ifrs-full_Goodwill" xlink:label="ifrs-full_Goodwill" />
    <loc xlink:type="locator" xlink:href="http://xbrl.ifrs.org/taxonomy/2021-03-24/full_ifrs/full_ifrs-cor_2021-03-24.xsd#ifrs-full_Equity" xlink:label="ifrs-full_Equity" />
    <loc xlink:type="locator" xlink:href="http://xbrl.ifrs.org/taxonomy/2021-03-24/full_ifrs/full_ifrs-cor_2021-03-24.xsd#ifrs-full_ImpairmentLossReversalOfImpairmentLossRecognisedInProfitOrLossLoansAndAdvances" xlink:label="ifrs-full_ImpairmentLossReversalOfImpairmentLossRecognisedInProfitOrLossLoansAndAdvances" />
    <loc xlink:type="locator" xlink:href="http://xbrl.ifrs.org/taxonomy/2021-03-24/full_ifrs/full_ifrs-cor_2021-03-24.xsd#ifrs-full_LoansAndReceivables" xlink:label="ifrs-full_LoansAndReceivables" />
    <loc xlink:type="locator" xlink:href="http://xbrl.ifrs.org/taxonomy/2021-03-24/full_ifrs/full_ifrs-cor_2021-03-24.xsd#ifrs-full_LongtermBorrowings" xlink:label="ifrs-full_LongtermBorrowings" />
    <loc xlink:type="locator" xlink:href="http://xbrl.ifrs.org/taxonomy/2021-03-24/full_ifrs/full_ifrs-cor_2021-03-24.xsd#ifrs-full_EquityAndLiabilities" xlink:label="ifrs-full_EquityAndLiabilities" />
    <loc xlink:type="locator" xlink:href="http://xbrl.ifrs.org/taxonomy/2021-03-24/full_ifrs/full_ifrs-cor_2021-03-24.xsd#ifrs-full_ServicesExpense" xlink:label="ifrs-full_ServicesExpense" />
    <loc xlink:type="locator" xlink:href="http://xbrl.ifrs.org/taxonomy/2021-03-24/full_ifrs/full_ifrs-cor_2021-03-24.xsd#ifrs-full_TradeAndOtherReceivables" xlink:label="ifrs-full_TradeAndOtherReceivables" />
    <loc xlink:type="locator" xlink:href="http://xbrl.ifrs.org/taxonomy/2021-03-24/full_ifrs/full_ifrs-cor_2021-03-24.xsd#ifrs-full_OtherIndividuallyImmaterialComponentsOfOtherComprehensiveIncomeNetOfTax" xlink:label="ifrs-full_OtherIndividuallyImmaterialComponentsOfOtherComprehensiveIncomeNetOfTax" />
    <loc xlink:type="locator" xlink:href="http://xbrl.ifrs.org/taxonomy/2021-03-24/full_ifrs/full_ifrs-cor_2021-03-24.xsd#ifrs-full_NoncurrentPrepaymentsAndNoncurrentAccruedIncomeIncludingNoncurrentContractAssets" xlink:label="ifrs-full_NoncurrentPrepaymentsAndNoncurrentAccruedIncomeIncludingNoncurrentContractAssets" />
    <loc xlink:type="locator" xlink:href="http://xbrl.ifrs.org/taxonomy/2021-03-24/full_ifrs/full_ifrs-cor_2021-03-24.xsd#ifrs-full_CurrentFinancialAssetsAtAmortisedCost" xlink:label="ifrs-full_CurrentFinancialAssetsAtAmortisedCost" />
    <loc xlink:type="locator" xlink:href="http://xbrl.ifrs.org/taxonomy/2021-03-24/full_ifrs/full_ifrs-cor_2021-03-24.xsd#ifrs-full_ComprehensiveIncomeAttributableToNoncontrollingInterests" xlink:label="ifrs-full_ComprehensiveIncomeAttributableToNoncontrollingInterests" />
    <loc xlink:type="locator" xlink:href="http://xbrl.ifrs.org/taxonomy/2021-03-24/full_ifrs/full_ifrs-cor_2021-03-24.xsd#ifrs-full_RevenueFromDividends" xlink:label="ifrs-full_RevenueFromDividends" />
    <loc xlink:type="locator" xlink:href="http://xbrl.ifrs.org/taxonomy/2021-03-24/full_ifrs/full_ifrs-cor_2021-03-24.xsd#ifrs-full_NameOfReportingEntityOrOtherMeansOfIdentification" xlink:label="ifrs-full_NameOfReportingEntityOrOtherMeansOfIdentification" />
    <loc xlink:type="locator" xlink:href="http://xbrl.ifrs.org/taxonomy/2021-03-24/full_ifrs/full_ifrs-cor_2021-03-24.xsd#ifrs-full_FinancialAssetsAtFairValueThroughProfitOrLossDesignatedAsUponInitialRecognition" xlink:label="ifrs-full_FinancialAssetsAtFairValueThroughProfitOrLossDesignatedAsUponInitialRecognition" />
    <loc xlink:type="locator" xlink:href="http://xbrl.ifrs.org/taxonomy/2021-03-24/full_ifrs/full_ifrs-cor_2021-03-24.xsd#ifrs-full_IntangibleAssetsOtherThanGoodwill" xlink:label="ifrs-full_IntangibleAssetsOtherThanGoodwill" />
    <loc xlink:type="locator" xlink:href="http://xbrl.ifrs.org/taxonomy/2021-03-24/full_ifrs/full_ifrs-cor_2021-03-24.xsd#ifrs-full_InterestIncomeOnFinancialAssetsDesignatedAtFairValueThroughProfitOrLoss" xlink:label="ifrs-full_InterestIncomeOnFinancialAssetsDesignatedAtFairValueThroughProfitOrLoss" />
    <loc xlink:type="locator" xlink:href="http://xbrl.ifrs.org/taxonomy/2021-03-24/full_ifrs/full_ifrs-cor_2021-03-24.xsd#ifrs-full_FinanceIncome" xlink:label="ifrs-full_FinanceIncome" />
    <loc xlink:type="locator" xlink:href="http://xbrl.ifrs.org/taxonomy/2021-03-24/full_ifrs/full_ifrs-cor_2021-03-24.xsd#ifrs-full_InterestRevenueCalculatedUsingEffectiveInterestMethod" xlink:label="ifrs-full_InterestRevenueCalculatedUsingEffectiveInterestMethod" />
    <loc xlink:type="locator" xlink:href="http://xbrl.ifrs.org/taxonomy/2021-03-24/full_ifrs/full_ifrs-cor_2021-03-24.xsd#ifrs-full_OtherNoncurrentPayables" xlink:label="ifrs-full_OtherNoncurrentPayables" />
    <loc xlink:type="locator" xlink:href="http://xbrl.ifrs.org/taxonomy/2021-03-24/full_ifrs/full_ifrs-cor_2021-03-24.xsd#ifrs-full_OtherFinanceIncome" xlink:label="ifrs-full_OtherFinanceIncome" />
    <loc xlink:type="locator" xlink:href="http://xbrl.ifrs.org/taxonomy/2021-03-24/full_ifrs/full_ifrs-cor_2021-03-24.xsd#ifrs-full_InterestExpenseOnDebtInstrumentsIssued" xlink:label="ifrs-full_InterestExpenseOnDebtInstrumentsIssued" />
    <loc xlink:type="locator" xlink:href="http://xbrl.ifrs.org/taxonomy/2021-03-24/full_ifrs/full_ifrs-cor_2021-03-24.xsd#ifrs-full_CurrentFinancialLiabilitiesAtAmortisedCost" xlink:label="ifrs-full_CurrentFinancialLiabilitiesAtAmortisedCost" />
    <loc xlink:type="locator" xlink:href="http://xbrl.ifrs.org/taxonomy/2021-03-24/full_ifrs/full_ifrs-cor_2021-03-24.xsd#ifrs-full_CurrentFinancialAssetsAtFairValueThroughProfitOrLossDesignatedUponInitialRecognition" xlink:label="ifrs-full_CurrentFinancialAssetsAtFairValueThroughProfitOrLossDesignatedUponInitialRecognition" />
    <loc xlink:type="locator" xlink:href="http://xbrl.ifrs.org/taxonomy/2021-03-24/full_ifrs/full_ifrs-cor_2021-03-24.xsd#ifrs-full_ComprehensiveIncome" xlink:label="ifrs-full_ComprehensiveIncome" />
    <loc xlink:type="locator" xlink:href="http://xbrl.ifrs.org/taxonomy/2021-03-24/full_ifrs/full_ifrs-cor_2021-03-24.xsd#ifrs-full_CashAndCashEquivalents" xlink:label="ifrs-full_CashAndCashEquivalents" />
    <loc xlink:type="locator" xlink:href="http://xbrl.ifrs.org/taxonomy/2021-03-24/full_ifrs/full_ifrs-cor_2021-03-24.xsd#ifrs-full_Assets" xlink:label="ifrs-full_Assets" />
    <loc xlink:type="locator" xlink:href="http://xbrl.ifrs.org/taxonomy/2021-03-24/full_ifrs/full_ifrs-cor_2021-03-24.xsd#ifrs-full_RetainedEarnings" xlink:label="ifrs-full_RetainedEarnings" />
    <loc xlink:type="locator" xlink:href="http://xbrl.ifrs.org/taxonomy/2021-03-24/full_ifrs/full_ifrs-cor_2021-03-24.xsd#ifrs-full_NoncurrentHeldtomaturityInvestments" xlink:label="ifrs-full_NoncurrentHeldtomaturityInvestments" />
    <loc xlink:type="locator" xlink:href="http://xbrl.ifrs.org/taxonomy/2021-03-24/full_ifrs/full_ifrs-cor_2021-03-24.xsd#ifrs-full_NoncontrollingInterests" xlink:label="ifrs-full_NoncontrollingInterests" />
    <loc xlink:type="locator" xlink:href="http://xbrl.ifrs.org/taxonomy/2021-03-24/full_ifrs/full_ifrs-cor_2021-03-24.xsd#ifrs-full_OtherCurrentLiabilities" xlink:label="ifrs-full_OtherCurrentLiabilities" />
    <loc xlink:type="locator" xlink:href="http://xbrl.ifrs.org/taxonomy/2021-03-24/full_ifrs/full_ifrs-cor_2021-03-24.xsd#ifrs-full_NameOfParentEntity" xlink:label="ifrs-full_NameOfParentEntity" />
    <loc xlink:type="locator" xlink:href="http://xbrl.ifrs.org/taxonomy/2021-03-24/full_ifrs/full_ifrs-cor_2021-03-24.xsd#ifrs-full_InvestmentPropertyCompleted" xlink:label="ifrs-full_InvestmentPropertyCompleted" />
    <loc xlink:type="locator" xlink:href="http://xbrl.ifrs.org/taxonomy/2021-03-24/full_ifrs/full_ifrs-cor_2021-03-24.xsd#ifrs-full_ProfitLossFromOperatingActivities" xlink:label="ifrs-full_ProfitLossFromOperatingActivities" />
    <loc xlink:type="locator" xlink:href="http://xbrl.ifrs.org/taxonomy/2021-03-24/full_ifrs/full_ifrs-cor_2021-03-24.xsd#ifrs-full_ComprehensiveIncomeFromContinuingOperations" xlink:label="ifrs-full_ComprehensiveIncomeFromContinuingOperations" />
    <loc xlink:type="locator" xlink:href="http://xbrl.ifrs.org/taxonomy/2021-03-24/full_ifrs/full_ifrs-cor_2021-03-24.xsd#ifrs-full_DomicileOfEntity" xlink:label="ifrs-full_DomicileOfEntity" />
    <loc xlink:type="locator" xlink:href="http://xbrl.ifrs.org/taxonomy/2021-03-24/full_ifrs/full_ifrs-cor_2021-03-24.xsd#ifrs-full_OperatingExpenseExcludingCostOfSales" xlink:label="ifrs-full_OperatingExpenseExcludingCostOfSales" />
    <loc xlink:type="locator" xlink:href="http://xbrl.ifrs.org/taxonomy/2021-03-24/full_ifrs/full_ifrs-cor_2021-03-24.xsd#ifrs-full_ComprehensiveIncomeAttributableToOwnersOfParent" xlink:label="ifrs-full_ComprehensiveIncomeAttributableToOwnersOfParent" />
    <loc xlink:type="locator" xlink:href="http://xbrl.ifrs.org/taxonomy/2021-03-24/full_ifrs/full_ifrs-cor_2021-03-24.xsd#ifrs-full_ProfitLoss" xlink:label="ifrs-full_ProfitLoss" />
    <loc xlink:type="locator" xlink:href="http://xbrl.ifrs.org/taxonomy/2021-03-24/full_ifrs/full_ifrs-cor_2021-03-24.xsd#ifrs-full_NoncurrentLiabilities" xlink:label="ifrs-full_NoncurrentLiabilities" />
    <loc xlink:type="locator" xlink:href="http://xbrl.ifrs.org/taxonomy/2021-03-24/full_ifrs/full_ifrs-cor_2021-03-24.xsd#ifrs-full_NoncurrentAssets" xlink:label="ifrs-full_NoncurrentAssets" />
    <loc xlink:type="locator" xlink:href="http://xbrl.ifrs.org/taxonomy/2021-03-24/full_ifrs/full_ifrs-cor_2021-03-24.xsd#ifrs-full_StatutoryReserve" xlink:label="ifrs-full_StatutoryReserve" />
    <loc xlink:type="locator" xlink:href="http://xbrl.ifrs.org/taxonomy/2021-03-24/full_ifrs/full_ifrs-cor_2021-03-24.xsd#ifrs-full_OtherFinanceCost" xlink:label="ifrs-full_OtherFinanceCost" />
    <loc xlink:type="locator" xlink:href="http://xbrl.ifrs.org/taxonomy/2021-03-24/full_ifrs/full_ifrs-cor_2021-03-24.xsd#ifrs-full_LegalFormOfEntity" xlink:label="ifrs-full_LegalFormOfEntity" />
    <loc xlink:type="locator" xlink:href="http://xbrl.ifrs.org/taxonomy/2021-03-24/full_ifrs/full_ifrs-cor_2021-03-24.xsd#ifrs-full_PropertyPlantAndEquipment" xlink:label="ifrs-full_PropertyPlantAndEquipment" />
    <loc xlink:type="locator" xlink:href="http://xbrl.ifrs.org/taxonomy/2021-03-24/full_ifrs/full_ifrs-cor_2021-03-24.xsd#ifrs-full_InterestIncomeOnHeldtomaturityInvestments" xlink:label="ifrs-full_InterestIncomeOnHeldtomaturityInvestments" />
    <loc xlink:type="locator" xlink:href="http://xbrl.ifrs.org/taxonomy/2021-03-24/full_ifrs/full_ifrs-cor_2021-03-24.xsd#ifrs-full_CurrentFinancialAssetsMeasuredAtFairValueThroughOtherComprehensiveIncome" xlink:label="ifrs-full_CurrentFinancialAssetsMeasuredAtFairValueThroughOtherComprehensiveIncome" />
    <definitionArc xlink:type="arc" xlink:from="esef_cor_LineItemsNotDimensionallyQualifiedPlaceholder" xlink:to="ifrs-full_NameOfReportingEntityOrOtherMeansOfIdentification" order="1" xlink:arcrole="http://xbrl.org/int/dim/arcrole/domain-member" priority="1" />
    <definitionArc xlink:type="arc" xlink:from="esef_cor_LineItemsNotDimensionallyQualifiedPlaceholder" xlink:to="ifrs-full_DomicileOfEntity" order="2" xlink:arcrole="http://xbrl.org/int/dim/arcrole/domain-member" priority="1" />
    <definitionArc xlink:type="arc" xlink:from="esef_cor_LineItemsNotDimensionallyQualifiedPlaceholder" xlink:to="ifrs-full_LegalFormOfEntity" order="3" xlink:arcrole="http://xbrl.org/int/dim/arcrole/domain-member" priority="1" />
    <definitionArc xlink:type="arc" xlink:from="esef_cor_LineItemsNotDimensionallyQualifiedPlaceholder" xlink:to="ifrs-full_FinancialAssetsAtFairValueThroughProfitOrLossDesignatedAsUponInitialRecognition" order="4" xlink:arcrole="http://xbrl.org/int/dim/arcrole/domain-member" priority="1" />
    <definitionArc xlink:type="arc" xlink:from="esef_cor_LineItemsNotDimensionallyQualifiedPlaceholder" xlink:to="ifrs-full_LoansAndReceivables" order="5" xlink:arcrole="http://xbrl.org/int/dim/arcrole/domain-member" priority="1" />
    <definitionArc xlink:type="arc" xlink:from="esef_cor_LineItemsNotDimensionallyQualifiedPlaceholder" xlink:to="ifrs-full_PropertyPlantAndEquipment" order="6" xlink:arcrole="http://xbrl.org/int/dim/arcrole/domain-member" priority="1" />
    <definitionArc xlink:type="arc" xlink:from="esef_cor_LineItemsNotDimensionallyQualifiedPlaceholder" xlink:to="ifrs-full_InvestmentPropertyCompleted" order="7" xlink:arcrole="http://xbrl.org/int/dim/arcrole/domain-member" priority="1" />
    <definitionArc xlink:type="arc" xlink:from="esef_cor_LineItemsNotDimensionallyQualifiedPlaceholder" xlink:to="ifrs-full_IntangibleAssetsOtherThanGoodwill" order="8" xlink:arcrole="http://xbrl.org/int/dim/arcrole/domain-member" priority="1" />
    <definitionArc xlink:type="arc" xlink:from="esef_cor_LineItemsNotDimensionallyQualifiedPlaceholder" xlink:to="ifrs-full_Goodwill" order="9" xlink:arcrole="http://xbrl.org/int/dim/arcrole/domain-member" priority="1" />
    <definitionArc xlink:type="arc" xlink:from="esef_cor_LineItemsNotDimensionallyQualifiedPlaceholder" xlink:to="ifrs-full_InvestmentAccountedForUsingEquityMethod" order="10" xlink:arcrole="http://xbrl.org/int/dim/arcrole/domain-member" priority="1" />
    <definitionArc xlink:type="arc" xlink:from="esef_cor_LineItemsNotDimensionallyQualifiedPlaceholder" xlink:to="ifrs-full_NoncurrentHeldtomaturityInvestments" order="11" xlink:arcrole="http://xbrl.org/int/dim/arcrole/domain-member" priority="1" />
    <definitionArc xlink:type="arc" xlink:from="esef_cor_LineItemsNotDimensionallyQualifiedPlaceholder" xlink:to="ifrs-full_OtherAssets" order="12" xlink:arcrole="http://xbrl.org/int/dim/arcrole/domain-member" priority="1" />
    <definitionArc xlink:type="arc" xlink:from="esef_cor_LineItemsNotDimensionallyQualifiedPlaceholder" xlink:to="ifrs-full_NoncurrentPrepaymentsAndNoncurrentAccruedIncomeIncludingNoncurrentContractAssets" order="13" xlink:arcrole="http://xbrl.org/int/dim/arcrole/domain-member" priority="1" />
    <definitionArc xlink:type="arc" xlink:from="esef_cor_LineItemsNotDimensionallyQualifiedPlaceholder" xlink:to="ifrs-full_NoncurrentAssets" order="14" xlink:arcrole="http://xbrl.org/int/dim/arcrole/domain-member" priority="1" />
    <definitionArc xlink:type="arc" xlink:from="esef_cor_LineItemsNotDimensionallyQualifiedPlaceholder" xlink:to="ifrs-full_CurrentFinancialAssetsAtFairValueThroughProfitOrLossDesignatedUponInitialRecognition" order="15" xlink:arcrole="http://xbrl.org/int/dim/arcrole/domain-member" priority="1" />
    <definitionArc xlink:type="arc" xlink:from="esef_cor_LineItemsNotDimensionallyQualifiedPlaceholder" xlink:to="ifrs-full_CurrentFinancialAssetsAtAmortisedCost" order="16" xlink:arcrole="http://xbrl.org/int/dim/arcrole/domain-member" priority="1" />
    <definitionArc xlink:type="arc" xlink:from="esef_cor_LineItemsNotDimensionallyQualifiedPlaceholder" xlink:to="ifrs-full_CurrentFinancialAssetsMeasuredAtFairValueThroughOtherComprehensiveIncome" order="17" xlink:arcrole="http://xbrl.org/int/dim/arcrole/domain-member" priority="1" />
    <definitionArc xlink:type="arc" xlink:from="esef_cor_LineItemsNotDimensionallyQualifiedPlaceholder" xlink:to="ifrs-full_ShorttermBorrowings" order="18" xlink:arcrole="http://xbrl.org/int/dim/arcrole/domain-member" priority="1" />
    <definitionArc xlink:type="arc" xlink:from="esef_cor_LineItemsNotDimensionallyQualifiedPlaceholder" xlink:to="ifrs-full_AccruedIncomeIncludingContractAssets" order="19" xlink:arcrole="http://xbrl.org/int/dim/arcrole/domain-member" priority="1" />
    <definitionArc xlink:type="arc" xlink:from="esef_cor_LineItemsNotDimensionallyQualifiedPlaceholder" xlink:to="ifrs-full_TradeAndOtherReceivables" order="20" xlink:arcrole="http://xbrl.org/int/dim/arcrole/domain-member" priority="1" />
    <definitionArc xlink:type="arc" xlink:from="esef_cor_LineItemsNotDimensionallyQualifiedPlaceholder" xlink:to="ifrs-full_CashAndCashEquivalents" order="21" xlink:arcrole="http://xbrl.org/int/dim/arcrole/domain-member" priority="1" />
    <definitionArc xlink:type="arc" xlink:from="esef_cor_LineItemsNotDimensionallyQualifiedPlaceholder" xlink:to="ifrs-full_CurrentAssets" order="22" xlink:arcrole="http://xbrl.org/int/dim/arcrole/domain-member" priority="1" />
    <definitionArc xlink:type="arc" xlink:from="esef_cor_LineItemsNotDimensionallyQualifiedPlaceholder" xlink:to="ifrs-full_Assets" order="23" xlink:arcrole="http://xbrl.org/int/dim/arcrole/domain-member" priority="1" />
    <definitionArc xlink:type="arc" xlink:from="esef_cor_LineItemsNotDimensionallyQualifiedPlaceholder" xlink:to="ifrs-full_IssuedCapitalOrdinaryShares" order="24" xlink:arcrole="http://xbrl.org/int/dim/arcrole/domain-member" priority="1" />
    <definitionArc xlink:type="arc" xlink:from="esef_cor_LineItemsNotDimensionallyQualifiedPlaceholder" xlink:to="ifrs-full_StatutoryReserve" order="25" xlink:arcrole="http://xbrl.org/int/dim/arcrole/domain-member" priority="1" />
    <definitionArc xlink:type="arc" xlink:from="esef_cor_LineItemsNotDimensionallyQualifiedPlaceholder" xlink:to="ifrs-full_RetainedEarnings" order="26" xlink:arcrole="http://xbrl.org/int/dim/arcrole/domain-member" priority="1" />
    <definitionArc xlink:type="arc" xlink:from="esef_cor_LineItemsNotDimensionallyQualifiedPlaceholder" xlink:to="ifrs-full_NoncontrollingInterests" order="27" xlink:arcrole="http://xbrl.org/int/dim/arcrole/domain-member" priority="1" />
    <definitionArc xlink:type="arc" xlink:from="esef_cor_LineItemsNotDimensionallyQualifiedPlaceholder" xlink:to="ifrs-full_Equity" order="28" xlink:arcrole="http://xbrl.org/int/dim/arcrole/domain-member" priority="1" />
    <definitionArc xlink:type="arc" xlink:from="esef_cor_LineItemsNotDimensionallyQualifiedPlaceholder" xlink:to="ifrs-full_NoncurrentFinancialLiabilities" order="29" xlink:arcrole="http://xbrl.org/int/dim/arcrole/domain-member" priority="1" />
    <definitionArc xlink:type="arc" xlink:from="esef_cor_LineItemsNotDimensionallyQualifiedPlaceholder" xlink:to="ifrs-full_LongtermBorrowings" order="30" xlink:arcrole="http://xbrl.org/int/dim/arcrole/domain-member" priority="1" />
    <definitionArc xlink:type="arc" xlink:from="esef_cor_LineItemsNotDimensionallyQualifiedPlaceholder" xlink:to="ifrs-full_OtherNoncurrentPayables" order="31" xlink:arcrole="http://xbrl.org/int/dim/arcrole/domain-member" priority="1" />
    <definitionArc xlink:type="arc" xlink:from="esef_cor_LineItemsNotDimensionallyQualifiedPlaceholder" xlink:to="ifrs-full_NoncurrentLiabilities" order="32" xlink:arcrole="http://xbrl.org/int/dim/arcrole/domain-member" priority="1" />
    <definitionArc xlink:type="arc" xlink:from="esef_cor_LineItemsNotDimensionallyQualifiedPlaceholder" xlink:to="ifrs-full_CurrentFinancialLiabilitiesAtAmortisedCost" order="33" xlink:arcrole="http://xbrl.org/int/dim/arcrole/domain-member" priority="1" />
    <definitionArc xlink:type="arc" xlink:from="esef_cor_LineItemsNotDimensionallyQualifiedPlaceholder" xlink:to="ifrs-full_OtherCurrentBorrowingsAndCurrentPortionOfOtherNoncurrentBorrowings" order="34" xlink:arcrole="http://xbrl.org/int/dim/arcrole/domain-member" priority="1" />
    <definitionArc xlink:type="arc" xlink:from="esef_cor_LineItemsNotDimensionallyQualifiedPlaceholder" xlink:to="ifrs-full_OtherCurrentLiabilities" order="35" xlink:arcrole="http://xbrl.org/int/dim/arcrole/domain-member" priority="1" />
    <definitionArc xlink:type="arc" xlink:from="esef_cor_LineItemsNotDimensionallyQualifiedPlaceholder" xlink:to="ifrs-full_TradeAndOtherCurrentPayables" order="36" xlink:arcrole="http://xbrl.org/int/dim/arcrole/domain-member" priority="1" />
    <definitionArc xlink:type="arc" xlink:from="esef_cor_LineItemsNotDimensionallyQualifiedPlaceholder" xlink:to="ifrs-full_CurrentLiabilities" order="37" xlink:arcrole="http://xbrl.org/int/dim/arcrole/domain-member" priority="1" />
    <definitionArc xlink:type="arc" xlink:from="esef_cor_LineItemsNotDimensionallyQualifiedPlaceholder" xlink:to="ifrs-full_Liabilities" order="38" xlink:arcrole="http://xbrl.org/int/dim/arcrole/domain-member" priority="1" />
    <definitionArc xlink:type="arc" xlink:from="esef_cor_LineItemsNotDimensionallyQualifiedPlaceholder" xlink:to="ifrs-full_EquityAndLiabilities" order="39" xlink:arcrole="http://xbrl.org/int/dim/arcrole/domain-member" priority="1" />
    <definitionArc xlink:type="arc" xlink:from="esef_cor_LineItemsNotDimensionallyQualifiedPlaceholder" xlink:to="ifrs-full_RevenueFromDividends" order="40" xlink:arcrole="http://xbrl.org/int/dim/arcrole/domain-member" priority="1" />
    <definitionArc xlink:type="arc" xlink:from="esef_cor_LineItemsNotDimensionallyQualifiedPlaceholder" xlink:to="ifrs-full_FinanceIncome" order="41" xlink:arcrole="http://xbrl.org/int/dim/arcrole/domain-member" priority="1" />
    <definitionArc xlink:type="arc" xlink:from="esef_cor_LineItemsNotDimensionallyQualifiedPlaceholder" xlink:to="ifrs-full_OtherFinanceIncomeCost" order="42" xlink:arcrole="http://xbrl.org/int/dim/arcrole/domain-member" priority="1" />
    <definitionArc xlink:type="arc" xlink:from="esef_cor_LineItemsNotDimensionallyQualifiedPlaceholder" xlink:to="ifrs-full_Revenue" order="43" xlink:arcrole="http://xbrl.org/int/dim/arcrole/domain-member" priority="1" />
    <definitionArc xlink:type="arc" xlink:from="esef_cor_LineItemsNotDimensionallyQualifiedPlaceholder" xlink:to="ifrs-full_EmployeeBenefitsExpense" order="44" xlink:arcrole="http://xbrl.org/int/dim/arcrole/domain-member" priority="1" />
    <definitionArc xlink:type="arc" xlink:from="esef_cor_LineItemsNotDimensionallyQualifiedPlaceholder" xlink:to="ifrs-full_ServicesExpense" order="45" xlink:arcrole="http://xbrl.org/int/dim/arcrole/domain-member" priority="1" />
    <definitionArc xlink:type="arc" xlink:from="esef_cor_LineItemsNotDimensionallyQualifiedPlaceholder" xlink:to="ifrs-full_OtherOperatingIncomeExpense" order="46" xlink:arcrole="http://xbrl.org/int/dim/arcrole/domain-member" priority="1" />
    <definitionArc xlink:type="arc" xlink:from="esef_cor_LineItemsNotDimensionallyQualifiedPlaceholder" xlink:to="ifrs-full_OperatingExpenseExcludingCostOfSales" order="47" xlink:arcrole="http://xbrl.org/int/dim/arcrole/domain-member" priority="1" />
    <definitionArc xlink:type="arc" xlink:from="esef_cor_LineItemsNotDimensionallyQualifiedPlaceholder" xlink:to="ifrs-full_ProfitLossFromOperatingActivities" order="48" xlink:arcrole="http://xbrl.org/int/dim/arcrole/domain-member" priority="1" />
    <definitionArc xlink:type="arc" xlink:from="esef_cor_LineItemsNotDimensionallyQualifiedPlaceholder" xlink:to="ifrs-full_InterestRevenueCalculatedUsingEffectiveInterestMethod" order="49" xlink:arcrole="http://xbrl.org/int/dim/arcrole/domain-member" priority="1" />
    <definitionArc xlink:type="arc" xlink:from="esef_cor_LineItemsNotDimensionallyQualifiedPlaceholder" xlink:to="ifrs-full_InterestIncomeOnHeldtomaturityInvestments" order="50" xlink:arcrole="http://xbrl.org/int/dim/arcrole/domain-member" priority="1" />
    <definitionArc xlink:type="arc" xlink:from="esef_cor_LineItemsNotDimensionallyQualifiedPlaceholder" xlink:to="ifrs-full_InterestExpenseOnDebtInstrumentsIssued" order="51" xlink:arcrole="http://xbrl.org/int/dim/arcrole/domain-member" priority="1" />
    <definitionArc xlink:type="arc" xlink:from="esef_cor_LineItemsNotDimensionallyQualifiedPlaceholder" xlink:to="ifrs-full_InterestIncomeOnFinancialAssetsDesignatedAtFairValueThroughProfitOrLoss" order="52" xlink:arcrole="http://xbrl.org/int/dim/arcrole/domain-member" priority="1" />
    <definitionArc xlink:type="arc" xlink:from="esef_cor_LineItemsNotDimensionallyQualifiedPlaceholder" xlink:to="ifrs-full_ImpairmentLossReversalOfImpairmentLossRecognisedInProfitOrLossLoansAndAdvances" order="53" xlink:arcrole="http://xbrl.org/int/dim/arcrole/domain-member" priority="1" />
    <definitionArc xlink:type="arc" xlink:from="esef_cor_LineItemsNotDimensionallyQualifiedPlaceholder" xlink:to="ifrs-full_ShareOfProfitLossOfAssociatesAndJointVenturesAccountedForUsingEquityMethod" order="54" xlink:arcrole="http://xbrl.org/int/dim/arcrole/domain-member" priority="1" />
    <definitionArc xlink:type="arc" xlink:from="esef_cor_LineItemsNotDimensionallyQualifiedPlaceholder" xlink:to="ifrs-full_OtherFinanceIncome" order="55" xlink:arcrole="http://xbrl.org/int/dim/arcrole/domain-member" priority="1" />
    <definitionArc xlink:type="arc" xlink:from="esef_cor_LineItemsNotDimensionallyQualifiedPlaceholder" xlink:to="ifrs-full_OtherFinanceCost" order="56" xlink:arcrole="http://xbrl.org/int/dim/arcrole/domain-member" priority="1" />
    <definitionArc xlink:type="arc" xlink:from="esef_cor_LineItemsNotDimensionallyQualifiedPlaceholder" xlink:to="ifrs-full_ProfitLossBeforeTax" order="57" xlink:arcrole="http://xbrl.org/int/dim/arcrole/domain-member" priority="1" />
    <definitionArc xlink:type="arc" xlink:from="esef_cor_LineItemsNotDimensionallyQualifiedPlaceholder" xlink:to="ifrs-full_IncomeTaxExpenseContinuingOperations" order="58" xlink:arcrole="http://xbrl.org/int/dim/arcrole/domain-member" priority="1" />
    <definitionArc xlink:type="arc" xlink:from="esef_cor_LineItemsNotDimensionallyQualifiedPlaceholder" xlink:to="ifrs-full_ProfitLoss" order="59" xlink:arcrole="http://xbrl.org/int/dim/arcrole/domain-member" priority="1" />
    <definitionArc xlink:type="arc" xlink:from="esef_cor_LineItemsNotDimensionallyQualifiedPlaceholder" xlink:to="ifrs-full_ComprehensiveIncomeFromContinuingOperations" order="60" xlink:arcrole="http://xbrl.org/int/dim/arcrole/domain-member" priority="1" />
    <definitionArc xlink:type="arc" xlink:from="esef_cor_LineItemsNotDimensionallyQualifiedPlaceholder" xlink:to="ifrs-full_OtherIndividuallyImmaterialComponentsOfOtherComprehensiveIncomeNetOfTax" order="61" xlink:arcrole="http://xbrl.org/int/dim/arcrole/domain-member" priority="1" />
    <definitionArc xlink:type="arc" xlink:from="esef_cor_LineItemsNotDimensionallyQualifiedPlaceholder" xlink:to="ifrs-full_ComprehensiveIncome" order="62" xlink:arcrole="http://xbrl.org/int/dim/arcrole/domain-member" priority="1" />
    <definitionArc xlink:type="arc" xlink:from="esef_cor_LineItemsNotDimensionallyQualifiedPlaceholder" xlink:to="ifrs-full_ComprehensiveIncomeAttributableToOwnersOfParent" order="63" xlink:arcrole="http://xbrl.org/int/dim/arcrole/domain-member" priority="1" />
    <definitionArc xlink:type="arc" xlink:from="esef_cor_LineItemsNotDimensionallyQualifiedPlaceholder" xlink:to="ifrs-full_ComprehensiveIncomeAttributableToNoncontrollingInterests" order="64" xlink:arcrole="http://xbrl.org/int/dim/arcrole/domain-member" priority="1" />
    <definitionArc xlink:type="arc" xlink:from="esef_cor_LineItemsNotDimensionallyQualifiedPlaceholder" xlink:to="ifrs-full_StatementOfIFRSCompliance" order="65" xlink:arcrole="http://xbrl.org/int/dim/arcrole/domain-member" priority="1" />
    <definitionArc xlink:type="arc" xlink:from="esef_cor_LineItemsNotDimensionallyQualifiedPlaceholder" xlink:to="ifrs-full_NameOfParentEntity" order="66" xlink:arcrole="http://xbrl.org/int/dim/arcrole/domain-member" priority="1" />
  </definitionLink>
</linkbase>