<?xml version="1.0" encoding="utf-8"?>
<linkbase xsi:schemaLocation="http://www.xbrl.org/2003/linkbase http://www.xbrl.org/2003/xbrl-linkbase-2003-12-31.xsd" xmlns:xsi="http://www.w3.org/2001/XMLSchema-instance" xmlns="http://www.xbrl.org/2003/linkbase">
  <roleRef roleURI="http://propartnersholdingas.com/xbrl/2021/roles/VykazOFinancnejSituacii" xlink:href="propartnersholdingas-2021-12-31.xsd#VykazOFinancnejSituacii" xlink:type="simple" xmlns:xlink="http://www.w3.org/1999/xlink" />
  <calculationLink xlink:role="http://propartnersholdingas.com/xbrl/2021/roles/VykazOFinancnejSituacii" xlink:type="extended" xmlns:xlink="http://www.w3.org/1999/xlink">
    <loc xlink:type="locator" xlink:href="http://xbrl.ifrs.org/taxonomy/2021-03-24/full_ifrs/full_ifrs-cor_2021-03-24.xsd#ifrs-full_OtherAssets" xlink:label="ifrs-full_OtherAssets" />
    <loc xlink:type="locator" xlink:href="http://xbrl.ifrs.org/taxonomy/2021-03-24/full_ifrs/full_ifrs-cor_2021-03-24.xsd#ifrs-full_FinancialAssetsAtFairValueThroughProfitOrLossDesignatedAsUponInitialRecognition" xlink:label="ifrs-full_FinancialAssetsAtFairValueThroughProfitOrLossDesignatedAsUponInitialRecognition" />
    <loc xlink:type="locator" xlink:href="http://xbrl.ifrs.org/taxonomy/2021-03-24/full_ifrs/full_ifrs-cor_2021-03-24.xsd#ifrs-full_InvestmentPropertyCompleted" xlink:label="ifrs-full_InvestmentPropertyCompleted" />
    <loc xlink:type="locator" xlink:href="http://xbrl.ifrs.org/taxonomy/2021-03-24/full_ifrs/full_ifrs-cor_2021-03-24.xsd#ifrs-full_LoansAndReceivables" xlink:label="ifrs-full_LoansAndReceivables" />
    <loc xlink:type="locator" xlink:href="http://xbrl.ifrs.org/taxonomy/2021-03-24/full_ifrs/full_ifrs-cor_2021-03-24.xsd#ifrs-full_PropertyPlantAndEquipment" xlink:label="ifrs-full_PropertyPlantAndEquipment" />
    <loc xlink:type="locator" xlink:href="http://xbrl.ifrs.org/taxonomy/2021-03-24/full_ifrs/full_ifrs-cor_2021-03-24.xsd#ifrs-full_NoncurrentAssets" xlink:label="ifrs-full_NoncurrentAssets" />
    <loc xlink:type="locator" xlink:href="http://xbrl.ifrs.org/taxonomy/2021-03-24/full_ifrs/full_ifrs-cor_2021-03-24.xsd#ifrs-full_Goodwill" xlink:label="ifrs-full_Goodwill" />
    <loc xlink:type="locator" xlink:href="http://xbrl.ifrs.org/taxonomy/2021-03-24/full_ifrs/full_ifrs-cor_2021-03-24.xsd#ifrs-full_NoncurrentPrepaymentsAndNoncurrentAccruedIncomeIncludingNoncurrentContractAssets" xlink:label="ifrs-full_NoncurrentPrepaymentsAndNoncurrentAccruedIncomeIncludingNoncurrentContractAssets" />
    <loc xlink:type="locator" xlink:href="http://xbrl.ifrs.org/taxonomy/2021-03-24/full_ifrs/full_ifrs-cor_2021-03-24.xsd#ifrs-full_IntangibleAssetsOtherThanGoodwill" xlink:label="ifrs-full_IntangibleAssetsOtherThanGoodwill" />
    <loc xlink:type="locator" xlink:href="http://xbrl.ifrs.org/taxonomy/2021-03-24/full_ifrs/full_ifrs-cor_2021-03-24.xsd#ifrs-full_NoncurrentHeldtomaturityInvestments" xlink:label="ifrs-full_NoncurrentHeldtomaturityInvestments" />
    <loc xlink:type="locator" xlink:href="http://xbrl.ifrs.org/taxonomy/2021-03-24/full_ifrs/full_ifrs-cor_2021-03-24.xsd#ifrs-full_InvestmentAccountedForUsingEquityMethod" xlink:label="ifrs-full_InvestmentAccountedForUsingEquityMethod" />
    <calculationArc xlink:type="arc" xlink:from="ifrs-full_NoncurrentAssets" xlink:to="ifrs-full_FinancialAssetsAtFairValueThroughProfitOrLossDesignatedAsUponInitialRecognition" order="6" xlink:arcrole="http://www.xbrl.org/2003/arcrole/summation-item" priority="1" weight="1.0" />
    <calculationArc xlink:type="arc" xlink:from="ifrs-full_NoncurrentAssets" xlink:to="ifrs-full_LoansAndReceivables" order="7" xlink:arcrole="http://www.xbrl.org/2003/arcrole/summation-item" priority="1" weight="1.0" />
    <calculationArc xlink:type="arc" xlink:from="ifrs-full_NoncurrentAssets" xlink:to="ifrs-full_PropertyPlantAndEquipment" order="8" xlink:arcrole="http://www.xbrl.org/2003/arcrole/summation-item" priority="1" weight="1.0" />
    <calculationArc xlink:type="arc" xlink:from="ifrs-full_NoncurrentAssets" xlink:to="ifrs-full_InvestmentPropertyCompleted" order="9" xlink:arcrole="http://www.xbrl.org/2003/arcrole/summation-item" priority="1" weight="1.0" />
    <calculationArc xlink:type="arc" xlink:from="ifrs-full_NoncurrentAssets" xlink:to="ifrs-full_IntangibleAssetsOtherThanGoodwill" order="10" xlink:arcrole="http://www.xbrl.org/2003/arcrole/summation-item" priority="1" weight="1.0" />
    <calculationArc xlink:type="arc" xlink:from="ifrs-full_NoncurrentAssets" xlink:to="ifrs-full_Goodwill" order="11" xlink:arcrole="http://www.xbrl.org/2003/arcrole/summation-item" priority="1" weight="1.0" />
    <calculationArc xlink:type="arc" xlink:from="ifrs-full_NoncurrentAssets" xlink:to="ifrs-full_InvestmentAccountedForUsingEquityMethod" order="12" xlink:arcrole="http://www.xbrl.org/2003/arcrole/summation-item" priority="1" weight="1.0" />
    <calculationArc xlink:type="arc" xlink:from="ifrs-full_NoncurrentAssets" xlink:to="ifrs-full_NoncurrentHeldtomaturityInvestments" order="13" xlink:arcrole="http://www.xbrl.org/2003/arcrole/summation-item" priority="1" weight="1.0" />
    <calculationArc xlink:type="arc" xlink:from="ifrs-full_NoncurrentAssets" xlink:to="ifrs-full_OtherAssets" order="14" xlink:arcrole="http://www.xbrl.org/2003/arcrole/summation-item" priority="1" weight="1.0" />
    <calculationArc xlink:type="arc" xlink:from="ifrs-full_NoncurrentAssets" xlink:to="ifrs-full_NoncurrentPrepaymentsAndNoncurrentAccruedIncomeIncludingNoncurrentContractAssets" order="15" xlink:arcrole="http://www.xbrl.org/2003/arcrole/summation-item" priority="1" weight="1.0" />
  </calculationLink>
</linkbase>