<?xml version="1.0" encoding="utf-8"?>
<linkbase xsi:schemaLocation="http://www.xbrl.org/2003/linkbase http://www.xbrl.org/2003/xbrl-linkbase-2003-12-31.xsd" xmlns:xsi="http://www.w3.org/2001/XMLSchema-instance" xmlns="http://www.xbrl.org/2003/linkbase">
  <roleRef roleURI="http://propartnersholdingas.com/xbrl/2021/roles/NotesAndMandatoryItems" xlink:href="propartnersholdingas-2021-12-31.xsd#NotesAndMandatoryItems" xlink:type="simple" xmlns:xlink="http://www.w3.org/1999/xlink" />
  <roleRef roleURI="http://propartnersholdingas.com/xbrl/2021/roles/VykazOFinancnejSituacii" xlink:href="propartnersholdingas-2021-12-31.xsd#VykazOFinancnejSituacii" xlink:type="simple" xmlns:xlink="http://www.w3.org/1999/xlink" />
  <roleRef roleURI="http://propartnersholdingas.com/xbrl/2021/roles/VysledokHospodarenia" xlink:href="propartnersholdingas-2021-12-31.xsd#VysledokHospodarenia" xlink:type="simple" xmlns:xlink="http://www.w3.org/1999/xlink" />
  <presentationLink xlink:role="http://propartnersholdingas.com/xbrl/2021/roles/NotesAndMandatoryItems" xlink:type="extended" xmlns:xlink="http://www.w3.org/1999/xlink">
    <loc xlink:type="locator" xlink:href="http://xbrl.ifrs.org/taxonomy/2021-03-24/full_ifrs/full_ifrs-cor_2021-03-24.xsd#ifrs-full_DomicileOfEntity" xlink:label="ifrs-full_DomicileOfEntity" />
    <loc xlink:type="locator" xlink:href="http://xbrl.ifrs.org/taxonomy/2021-03-24/full_ifrs/full_ifrs-cor_2021-03-24.xsd#ifrs-full_LegalFormOfEntity" xlink:label="ifrs-full_LegalFormOfEntity" />
    <loc xlink:type="locator" xlink:href="http://www.esma.europa.eu/taxonomy/2021-03-24/esef_cor.xsd#esef_cor_NotesAccountingPoliciesAndMandatoryTags" xlink:label="esef_cor_NotesAccountingPoliciesAndMandatoryTags" />
    <loc xlink:type="locator" xlink:href="http://xbrl.ifrs.org/taxonomy/2021-03-24/full_ifrs/full_ifrs-cor_2021-03-24.xsd#ifrs-full_StatementOfIFRSCompliance" xlink:label="ifrs-full_StatementOfIFRSCompliance" />
    <loc xlink:type="locator" xlink:href="http://xbrl.ifrs.org/taxonomy/2021-03-24/full_ifrs/full_ifrs-cor_2021-03-24.xsd#ifrs-full_NameOfParentEntity" xlink:label="ifrs-full_NameOfParentEntity" />
    <loc xlink:type="locator" xlink:href="http://xbrl.ifrs.org/taxonomy/2021-03-24/full_ifrs/full_ifrs-cor_2021-03-24.xsd#ifrs-full_NameOfReportingEntityOrOtherMeansOfIdentification" xlink:label="ifrs-full_NameOfReportingEntityOrOtherMeansOfIdentification" />
    <presentationArc xlink:type="arc" xlink:from="esef_cor_NotesAccountingPoliciesAndMandatoryTags" xlink:to="ifrs-full_NameOfReportingEntityOrOtherMeansOfIdentification" order="1" xlink:arcrole="http://www.xbrl.org/2003/arcrole/parent-child" priority="1" />
    <presentationArc xlink:type="arc" xlink:from="esef_cor_NotesAccountingPoliciesAndMandatoryTags" xlink:to="ifrs-full_DomicileOfEntity" order="1" xlink:arcrole="http://www.xbrl.org/2003/arcrole/parent-child" priority="1" />
    <presentationArc xlink:type="arc" xlink:from="esef_cor_NotesAccountingPoliciesAndMandatoryTags" xlink:to="ifrs-full_LegalFormOfEntity" order="1" xlink:arcrole="http://www.xbrl.org/2003/arcrole/parent-child" priority="1" />
    <presentationArc xlink:type="arc" xlink:from="esef_cor_NotesAccountingPoliciesAndMandatoryTags" xlink:to="ifrs-full_StatementOfIFRSCompliance" order="1" xlink:arcrole="http://www.xbrl.org/2003/arcrole/parent-child" priority="1" />
    <presentationArc xlink:type="arc" xlink:from="esef_cor_NotesAccountingPoliciesAndMandatoryTags" xlink:to="ifrs-full_NameOfParentEntity" order="1" xlink:arcrole="http://www.xbrl.org/2003/arcrole/parent-child" priority="1" />
  </presentationLink>
  <presentationLink xlink:role="http://propartnersholdingas.com/xbrl/2021/roles/VykazOFinancnejSituacii" xlink:type="extended" xmlns:xlink="http://www.w3.org/1999/xlink">
    <loc xlink:type="locator" xlink:href="http://xbrl.ifrs.org/taxonomy/2021-03-24/full_ifrs/full_ifrs-cor_2021-03-24.xsd#ifrs-full_CurrentFinancialAssetsAtAmortisedCost" xlink:label="ifrs-full_CurrentFinancialAssetsAtAmortisedCost" />
    <loc xlink:type="locator" xlink:href="http://xbrl.ifrs.org/taxonomy/2021-03-24/full_ifrs/full_ifrs-cor_2021-03-24.xsd#ifrs-full_IntangibleAssetsOtherThanGoodwill" xlink:label="ifrs-full_IntangibleAssetsOtherThanGoodwill" />
    <loc xlink:type="locator" xlink:href="http://xbrl.ifrs.org/taxonomy/2021-03-24/full_ifrs/full_ifrs-cor_2021-03-24.xsd#ifrs-full_InvestmentAccountedForUsingEquityMethod" xlink:label="ifrs-full_InvestmentAccountedForUsingEquityMethod" />
    <loc xlink:type="locator" xlink:href="http://xbrl.ifrs.org/taxonomy/2021-03-24/full_ifrs/full_ifrs-cor_2021-03-24.xsd#ifrs-full_ShorttermBorrowings" xlink:label="ifrs-full_ShorttermBorrowings" />
    <loc xlink:type="locator" xlink:href="http://xbrl.ifrs.org/taxonomy/2021-03-24/full_ifrs/full_ifrs-cor_2021-03-24.xsd#ifrs-full_Liabilities" xlink:label="ifrs-full_Liabilities" />
    <loc xlink:type="locator" xlink:href="http://xbrl.ifrs.org/taxonomy/2021-03-24/full_ifrs/full_ifrs-cor_2021-03-24.xsd#ifrs-full_NoncontrollingInterests" xlink:label="ifrs-full_NoncontrollingInterests" />
    <loc xlink:type="locator" xlink:href="http://xbrl.ifrs.org/taxonomy/2021-03-24/full_ifrs/full_ifrs-cor_2021-03-24.xsd#ifrs-full_CurrentFinancialAssetsMeasuredAtFairValueThroughOtherComprehensiveIncome" xlink:label="ifrs-full_CurrentFinancialAssetsMeasuredAtFairValueThroughOtherComprehensiveIncome" />
    <loc xlink:type="locator" xlink:href="http://xbrl.ifrs.org/taxonomy/2021-03-24/full_ifrs/full_ifrs-cor_2021-03-24.xsd#ifrs-full_LongtermBorrowings" xlink:label="ifrs-full_LongtermBorrowings" />
    <loc xlink:type="locator" xlink:href="http://xbrl.ifrs.org/taxonomy/2021-03-24/full_ifrs/full_ifrs-cor_2021-03-24.xsd#ifrs-full_CurrentLiabilities" xlink:label="ifrs-full_CurrentLiabilities" />
    <loc xlink:type="locator" xlink:href="http://xbrl.ifrs.org/taxonomy/2021-03-24/full_ifrs/full_ifrs-cor_2021-03-24.xsd#ifrs-full_OtherNoncurrentPayables" xlink:label="ifrs-full_OtherNoncurrentPayables" />
    <loc xlink:type="locator" xlink:href="http://xbrl.ifrs.org/taxonomy/2021-03-24/full_ifrs/full_ifrs-cor_2021-03-24.xsd#ifrs-full_PropertyPlantAndEquipment" xlink:label="ifrs-full_PropertyPlantAndEquipment" />
    <loc xlink:type="locator" xlink:href="http://xbrl.ifrs.org/taxonomy/2021-03-24/full_ifrs/full_ifrs-cor_2021-03-24.xsd#ifrs-full_NoncurrentPrepaymentsAndNoncurrentAccruedIncomeIncludingNoncurrentContractAssets" xlink:label="ifrs-full_NoncurrentPrepaymentsAndNoncurrentAccruedIncomeIncludingNoncurrentContractAssets" />
    <loc xlink:type="locator" xlink:href="http://xbrl.ifrs.org/taxonomy/2021-03-24/full_ifrs/full_ifrs-cor_2021-03-24.xsd#ifrs-full_OtherAssets" xlink:label="ifrs-full_OtherAssets" />
    <loc xlink:type="locator" xlink:href="http://xbrl.ifrs.org/taxonomy/2021-03-24/full_ifrs/full_ifrs-cor_2021-03-24.xsd#ifrs-full_AccruedIncomeIncludingContractAssets" xlink:label="ifrs-full_AccruedIncomeIncludingContractAssets" />
    <loc xlink:type="locator" xlink:href="http://xbrl.ifrs.org/taxonomy/2021-03-24/full_ifrs/full_ifrs-cor_2021-03-24.xsd#ifrs-full_TradeAndOtherReceivables" xlink:label="ifrs-full_TradeAndOtherReceivables" />
    <loc xlink:type="locator" xlink:href="http://xbrl.ifrs.org/taxonomy/2021-03-24/full_ifrs/full_ifrs-cor_2021-03-24.xsd#ifrs-full_NoncurrentFinancialLiabilities" xlink:label="ifrs-full_NoncurrentFinancialLiabilities" />
    <loc xlink:type="locator" xlink:href="http://xbrl.ifrs.org/taxonomy/2021-03-24/full_ifrs/full_ifrs-cor_2021-03-24.xsd#ifrs-full_CurrentAssets" xlink:label="ifrs-full_CurrentAssets" />
    <loc xlink:type="locator" xlink:href="http://xbrl.ifrs.org/taxonomy/2021-03-24/full_ifrs/full_ifrs-cor_2021-03-24.xsd#ifrs-full_CurrentFinancialLiabilitiesAtAmortisedCost" xlink:label="ifrs-full_CurrentFinancialLiabilitiesAtAmortisedCost" />
    <loc xlink:type="locator" xlink:href="http://xbrl.ifrs.org/taxonomy/2021-03-24/full_ifrs/full_ifrs-cor_2021-03-24.xsd#ifrs-full_NoncurrentAssets" xlink:label="ifrs-full_NoncurrentAssets" />
    <loc xlink:type="locator" xlink:href="http://xbrl.ifrs.org/taxonomy/2021-03-24/full_ifrs/full_ifrs-cor_2021-03-24.xsd#ifrs-full_CurrentFinancialAssetsAtFairValueThroughProfitOrLossDesignatedUponInitialRecognition" xlink:label="ifrs-full_CurrentFinancialAssetsAtFairValueThroughProfitOrLossDesignatedUponInitialRecognition" />
    <loc xlink:type="locator" xlink:href="http://xbrl.ifrs.org/taxonomy/2021-03-24/full_ifrs/full_ifrs-cor_2021-03-24.xsd#ifrs-full_StatementOfFinancialPositionAbstract" xlink:label="ifrs-full_StatementOfFinancialPositionAbstract" />
    <loc xlink:type="locator" xlink:href="http://xbrl.ifrs.org/taxonomy/2021-03-24/full_ifrs/full_ifrs-cor_2021-03-24.xsd#ifrs-full_StatutoryReserve" xlink:label="ifrs-full_StatutoryReserve" />
    <loc xlink:type="locator" xlink:href="http://xbrl.ifrs.org/taxonomy/2021-03-24/full_ifrs/full_ifrs-cor_2021-03-24.xsd#ifrs-full_FinancialAssetsAtFairValueThroughProfitOrLossDesignatedAsUponInitialRecognition" xlink:label="ifrs-full_FinancialAssetsAtFairValueThroughProfitOrLossDesignatedAsUponInitialRecognition" />
    <loc xlink:type="locator" xlink:href="http://xbrl.ifrs.org/taxonomy/2021-03-24/full_ifrs/full_ifrs-cor_2021-03-24.xsd#ifrs-full_OtherCurrentBorrowingsAndCurrentPortionOfOtherNoncurrentBorrowings" xlink:label="ifrs-full_OtherCurrentBorrowingsAndCurrentPortionOfOtherNoncurrentBorrowings" />
    <loc xlink:type="locator" xlink:href="http://xbrl.ifrs.org/taxonomy/2021-03-24/full_ifrs/full_ifrs-cor_2021-03-24.xsd#ifrs-full_NoncurrentLiabilities" xlink:label="ifrs-full_NoncurrentLiabilities" />
    <loc xlink:type="locator" xlink:href="http://xbrl.ifrs.org/taxonomy/2021-03-24/full_ifrs/full_ifrs-cor_2021-03-24.xsd#ifrs-full_OtherCurrentLiabilities" xlink:label="ifrs-full_OtherCurrentLiabilities" />
    <loc xlink:type="locator" xlink:href="http://xbrl.ifrs.org/taxonomy/2021-03-24/full_ifrs/full_ifrs-cor_2021-03-24.xsd#ifrs-full_Equity" xlink:label="ifrs-full_Equity" />
    <loc xlink:type="locator" xlink:href="http://xbrl.ifrs.org/taxonomy/2021-03-24/full_ifrs/full_ifrs-cor_2021-03-24.xsd#ifrs-full_TradeAndOtherCurrentPayables" xlink:label="ifrs-full_TradeAndOtherCurrentPayables" />
    <loc xlink:type="locator" xlink:href="http://xbrl.ifrs.org/taxonomy/2021-03-24/full_ifrs/full_ifrs-cor_2021-03-24.xsd#ifrs-full_InvestmentPropertyCompleted" xlink:label="ifrs-full_InvestmentPropertyCompleted" />
    <loc xlink:type="locator" xlink:href="http://xbrl.ifrs.org/taxonomy/2021-03-24/full_ifrs/full_ifrs-cor_2021-03-24.xsd#ifrs-full_IssuedCapitalOrdinaryShares" xlink:label="ifrs-full_IssuedCapitalOrdinaryShares" />
    <loc xlink:type="locator" xlink:href="http://xbrl.ifrs.org/taxonomy/2021-03-24/full_ifrs/full_ifrs-cor_2021-03-24.xsd#ifrs-full_CashAndCashEquivalents" xlink:label="ifrs-full_CashAndCashEquivalents" />
    <loc xlink:type="locator" xlink:href="http://xbrl.ifrs.org/taxonomy/2021-03-24/full_ifrs/full_ifrs-cor_2021-03-24.xsd#ifrs-full_NoncurrentHeldtomaturityInvestments" xlink:label="ifrs-full_NoncurrentHeldtomaturityInvestments" />
    <loc xlink:type="locator" xlink:href="http://xbrl.ifrs.org/taxonomy/2021-03-24/full_ifrs/full_ifrs-cor_2021-03-24.xsd#ifrs-full_Goodwill" xlink:label="ifrs-full_Goodwill" />
    <loc xlink:type="locator" xlink:href="http://xbrl.ifrs.org/taxonomy/2021-03-24/full_ifrs/full_ifrs-cor_2021-03-24.xsd#ifrs-full_RetainedEarnings" xlink:label="ifrs-full_RetainedEarnings" />
    <loc xlink:type="locator" xlink:href="http://xbrl.ifrs.org/taxonomy/2021-03-24/full_ifrs/full_ifrs-cor_2021-03-24.xsd#ifrs-full_EquityAndLiabilities" xlink:label="ifrs-full_EquityAndLiabilities" />
    <loc xlink:type="locator" xlink:href="http://xbrl.ifrs.org/taxonomy/2021-03-24/full_ifrs/full_ifrs-cor_2021-03-24.xsd#ifrs-full_LoansAndReceivables" xlink:label="ifrs-full_LoansAndReceivables" />
    <loc xlink:type="locator" xlink:href="http://xbrl.ifrs.org/taxonomy/2021-03-24/full_ifrs/full_ifrs-cor_2021-03-24.xsd#ifrs-full_Assets" xlink:label="ifrs-full_Assets" />
    <presentationArc xlink:type="arc" xlink:from="ifrs-full_StatementOfFinancialPositionAbstract" xlink:to="ifrs-full_FinancialAssetsAtFairValueThroughProfitOrLossDesignatedAsUponInitialRecognition" order="1" xlink:arcrole="http://www.xbrl.org/2003/arcrole/parent-child" priority="1" />
    <presentationArc xlink:type="arc" xlink:from="ifrs-full_StatementOfFinancialPositionAbstract" xlink:to="ifrs-full_LoansAndReceivables" order="3" xlink:arcrole="http://www.xbrl.org/2003/arcrole/parent-child" priority="1" />
    <presentationArc xlink:type="arc" xlink:from="ifrs-full_StatementOfFinancialPositionAbstract" xlink:to="ifrs-full_PropertyPlantAndEquipment" order="5" xlink:arcrole="http://www.xbrl.org/2003/arcrole/parent-child" priority="1" preferredLabel="http://www.xbrl.org/2003/role/totalLabel" />
    <presentationArc xlink:type="arc" xlink:from="ifrs-full_StatementOfFinancialPositionAbstract" xlink:to="ifrs-full_InvestmentPropertyCompleted" order="7" xlink:arcrole="http://www.xbrl.org/2003/arcrole/parent-child" priority="1" />
    <presentationArc xlink:type="arc" xlink:from="ifrs-full_StatementOfFinancialPositionAbstract" xlink:to="ifrs-full_IntangibleAssetsOtherThanGoodwill" order="9" xlink:arcrole="http://www.xbrl.org/2003/arcrole/parent-child" priority="1" preferredLabel="http://www.xbrl.org/2003/role/totalLabel" />
    <presentationArc xlink:type="arc" xlink:from="ifrs-full_StatementOfFinancialPositionAbstract" xlink:to="ifrs-full_Goodwill" order="11" xlink:arcrole="http://www.xbrl.org/2003/arcrole/parent-child" priority="1" />
    <presentationArc xlink:type="arc" xlink:from="ifrs-full_StatementOfFinancialPositionAbstract" xlink:to="ifrs-full_InvestmentAccountedForUsingEquityMethod" order="13" xlink:arcrole="http://www.xbrl.org/2003/arcrole/parent-child" priority="1" preferredLabel="http://www.xbrl.org/2003/role/totalLabel" />
    <presentationArc xlink:type="arc" xlink:from="ifrs-full_StatementOfFinancialPositionAbstract" xlink:to="ifrs-full_NoncurrentHeldtomaturityInvestments" order="15" xlink:arcrole="http://www.xbrl.org/2003/arcrole/parent-child" priority="1" />
    <presentationArc xlink:type="arc" xlink:from="ifrs-full_StatementOfFinancialPositionAbstract" xlink:to="ifrs-full_OtherAssets" order="17" xlink:arcrole="http://www.xbrl.org/2003/arcrole/parent-child" priority="1" />
    <presentationArc xlink:type="arc" xlink:from="ifrs-full_StatementOfFinancialPositionAbstract" xlink:to="ifrs-full_NoncurrentPrepaymentsAndNoncurrentAccruedIncomeIncludingNoncurrentContractAssets" order="19" xlink:arcrole="http://www.xbrl.org/2003/arcrole/parent-child" priority="1" preferredLabel="http://www.xbrl.org/2003/role/totalLabel" />
    <presentationArc xlink:type="arc" xlink:from="ifrs-full_StatementOfFinancialPositionAbstract" xlink:to="ifrs-full_NoncurrentAssets" order="21" xlink:arcrole="http://www.xbrl.org/2003/arcrole/parent-child" priority="1" preferredLabel="http://www.xbrl.org/2003/role/totalLabel" />
    <presentationArc xlink:type="arc" xlink:from="ifrs-full_StatementOfFinancialPositionAbstract" xlink:to="ifrs-full_CurrentFinancialAssetsAtFairValueThroughProfitOrLossDesignatedUponInitialRecognition" order="23" xlink:arcrole="http://www.xbrl.org/2003/arcrole/parent-child" priority="1" />
    <presentationArc xlink:type="arc" xlink:from="ifrs-full_StatementOfFinancialPositionAbstract" xlink:to="ifrs-full_CurrentFinancialAssetsAtAmortisedCost" order="25" xlink:arcrole="http://www.xbrl.org/2003/arcrole/parent-child" priority="1" />
    <presentationArc xlink:type="arc" xlink:from="ifrs-full_StatementOfFinancialPositionAbstract" xlink:to="ifrs-full_CurrentFinancialAssetsMeasuredAtFairValueThroughOtherComprehensiveIncome" order="27" xlink:arcrole="http://www.xbrl.org/2003/arcrole/parent-child" priority="1" />
    <presentationArc xlink:type="arc" xlink:from="ifrs-full_StatementOfFinancialPositionAbstract" xlink:to="ifrs-full_ShorttermBorrowings" order="29" xlink:arcrole="http://www.xbrl.org/2003/arcrole/parent-child" priority="1" />
    <presentationArc xlink:type="arc" xlink:from="ifrs-full_StatementOfFinancialPositionAbstract" xlink:to="ifrs-full_AccruedIncomeIncludingContractAssets" order="31" xlink:arcrole="http://www.xbrl.org/2003/arcrole/parent-child" priority="1" preferredLabel="http://www.xbrl.org/2003/role/totalLabel" />
    <presentationArc xlink:type="arc" xlink:from="ifrs-full_StatementOfFinancialPositionAbstract" xlink:to="ifrs-full_TradeAndOtherReceivables" order="33" xlink:arcrole="http://www.xbrl.org/2003/arcrole/parent-child" priority="1" preferredLabel="http://www.xbrl.org/2003/role/totalLabel" />
    <presentationArc xlink:type="arc" xlink:from="ifrs-full_StatementOfFinancialPositionAbstract" xlink:to="ifrs-full_CashAndCashEquivalents" order="35" xlink:arcrole="http://www.xbrl.org/2003/arcrole/parent-child" priority="1" preferredLabel="http://www.xbrl.org/2003/role/totalLabel" />
    <presentationArc xlink:type="arc" xlink:from="ifrs-full_StatementOfFinancialPositionAbstract" xlink:to="ifrs-full_CurrentAssets" order="37" xlink:arcrole="http://www.xbrl.org/2003/arcrole/parent-child" priority="1" preferredLabel="http://www.xbrl.org/2003/role/totalLabel" />
    <presentationArc xlink:type="arc" xlink:from="ifrs-full_StatementOfFinancialPositionAbstract" xlink:to="ifrs-full_Assets" order="39" xlink:arcrole="http://www.xbrl.org/2003/arcrole/parent-child" priority="1" preferredLabel="http://www.xbrl.org/2003/role/totalLabel" />
    <presentationArc xlink:type="arc" xlink:from="ifrs-full_StatementOfFinancialPositionAbstract" xlink:to="ifrs-full_IssuedCapitalOrdinaryShares" order="41" xlink:arcrole="http://www.xbrl.org/2003/arcrole/parent-child" priority="1" />
    <presentationArc xlink:type="arc" xlink:from="ifrs-full_StatementOfFinancialPositionAbstract" xlink:to="ifrs-full_StatutoryReserve" order="43" xlink:arcrole="http://www.xbrl.org/2003/arcrole/parent-child" priority="1" />
    <presentationArc xlink:type="arc" xlink:from="ifrs-full_StatementOfFinancialPositionAbstract" xlink:to="ifrs-full_RetainedEarnings" order="45" xlink:arcrole="http://www.xbrl.org/2003/arcrole/parent-child" priority="1" preferredLabel="http://www.xbrl.org/2003/role/totalLabel" />
    <presentationArc xlink:type="arc" xlink:from="ifrs-full_StatementOfFinancialPositionAbstract" xlink:to="ifrs-full_NoncontrollingInterests" order="47" xlink:arcrole="http://www.xbrl.org/2003/arcrole/parent-child" priority="1" />
    <presentationArc xlink:type="arc" xlink:from="ifrs-full_StatementOfFinancialPositionAbstract" xlink:to="ifrs-full_Equity" order="49" xlink:arcrole="http://www.xbrl.org/2003/arcrole/parent-child" priority="1" preferredLabel="http://www.xbrl.org/2003/role/totalLabel" />
    <presentationArc xlink:type="arc" xlink:from="ifrs-full_StatementOfFinancialPositionAbstract" xlink:to="ifrs-full_NoncurrentFinancialLiabilities" order="51" xlink:arcrole="http://www.xbrl.org/2003/arcrole/parent-child" priority="1" preferredLabel="http://www.xbrl.org/2003/role/totalLabel" />
    <presentationArc xlink:type="arc" xlink:from="ifrs-full_StatementOfFinancialPositionAbstract" xlink:to="ifrs-full_LongtermBorrowings" order="53" xlink:arcrole="http://www.xbrl.org/2003/arcrole/parent-child" priority="1" preferredLabel="http://www.xbrl.org/2003/role/totalLabel" />
    <presentationArc xlink:type="arc" xlink:from="ifrs-full_StatementOfFinancialPositionAbstract" xlink:to="ifrs-full_OtherNoncurrentPayables" order="55" xlink:arcrole="http://www.xbrl.org/2003/arcrole/parent-child" priority="1" />
    <presentationArc xlink:type="arc" xlink:from="ifrs-full_StatementOfFinancialPositionAbstract" xlink:to="ifrs-full_NoncurrentLiabilities" order="57" xlink:arcrole="http://www.xbrl.org/2003/arcrole/parent-child" priority="1" />
    <presentationArc xlink:type="arc" xlink:from="ifrs-full_StatementOfFinancialPositionAbstract" xlink:to="ifrs-full_CurrentFinancialLiabilitiesAtAmortisedCost" order="59" xlink:arcrole="http://www.xbrl.org/2003/arcrole/parent-child" priority="1" />
    <presentationArc xlink:type="arc" xlink:from="ifrs-full_StatementOfFinancialPositionAbstract" xlink:to="ifrs-full_OtherCurrentBorrowingsAndCurrentPortionOfOtherNoncurrentBorrowings" order="61" xlink:arcrole="http://www.xbrl.org/2003/arcrole/parent-child" priority="1" />
    <presentationArc xlink:type="arc" xlink:from="ifrs-full_StatementOfFinancialPositionAbstract" xlink:to="ifrs-full_OtherCurrentLiabilities" order="63" xlink:arcrole="http://www.xbrl.org/2003/arcrole/parent-child" priority="1" />
    <presentationArc xlink:type="arc" xlink:from="ifrs-full_StatementOfFinancialPositionAbstract" xlink:to="ifrs-full_TradeAndOtherCurrentPayables" order="65" xlink:arcrole="http://www.xbrl.org/2003/arcrole/parent-child" priority="1" preferredLabel="http://www.xbrl.org/2003/role/totalLabel" />
    <presentationArc xlink:type="arc" xlink:from="ifrs-full_StatementOfFinancialPositionAbstract" xlink:to="ifrs-full_CurrentLiabilities" order="67" xlink:arcrole="http://www.xbrl.org/2003/arcrole/parent-child" priority="1" />
    <presentationArc xlink:type="arc" xlink:from="ifrs-full_StatementOfFinancialPositionAbstract" xlink:to="ifrs-full_Liabilities" order="69" xlink:arcrole="http://www.xbrl.org/2003/arcrole/parent-child" priority="1" preferredLabel="http://www.xbrl.org/2003/role/totalLabel" />
    <presentationArc xlink:type="arc" xlink:from="ifrs-full_StatementOfFinancialPositionAbstract" xlink:to="ifrs-full_EquityAndLiabilities" order="71" xlink:arcrole="http://www.xbrl.org/2003/arcrole/parent-child" priority="1" preferredLabel="http://www.xbrl.org/2003/role/totalLabel" />
  </presentationLink>
  <presentationLink xlink:role="http://propartnersholdingas.com/xbrl/2021/roles/VysledokHospodarenia" xlink:type="extended" xmlns:xlink="http://www.w3.org/1999/xlink">
    <loc xlink:type="locator" xlink:href="http://xbrl.ifrs.org/taxonomy/2021-03-24/full_ifrs/full_ifrs-cor_2021-03-24.xsd#ifrs-full_OperatingExpenseExcludingCostOfSales" xlink:label="ifrs-full_OperatingExpenseExcludingCostOfSales" />
    <loc xlink:type="locator" xlink:href="http://xbrl.ifrs.org/taxonomy/2021-03-24/full_ifrs/full_ifrs-cor_2021-03-24.xsd#ifrs-full_OtherIndividuallyImmaterialComponentsOfOtherComprehensiveIncomeNetOfTax" xlink:label="ifrs-full_OtherIndividuallyImmaterialComponentsOfOtherComprehensiveIncomeNetOfTax" />
    <loc xlink:type="locator" xlink:href="http://xbrl.ifrs.org/taxonomy/2021-03-24/full_ifrs/full_ifrs-cor_2021-03-24.xsd#ifrs-full_ProfitLoss" xlink:label="ifrs-full_ProfitLoss" />
    <loc xlink:type="locator" xlink:href="http://xbrl.ifrs.org/taxonomy/2021-03-24/full_ifrs/full_ifrs-cor_2021-03-24.xsd#ifrs-full_Revenue" xlink:label="ifrs-full_Revenue" />
    <loc xlink:type="locator" xlink:href="http://xbrl.ifrs.org/taxonomy/2021-03-24/full_ifrs/full_ifrs-cor_2021-03-24.xsd#ifrs-full_IncomeStatementAbstract" xlink:label="ifrs-full_IncomeStatementAbstract" />
    <loc xlink:type="locator" xlink:href="http://xbrl.ifrs.org/taxonomy/2021-03-24/full_ifrs/full_ifrs-cor_2021-03-24.xsd#ifrs-full_OtherOperatingIncomeExpense" xlink:label="ifrs-full_OtherOperatingIncomeExpense" />
    <loc xlink:type="locator" xlink:href="http://xbrl.ifrs.org/taxonomy/2021-03-24/full_ifrs/full_ifrs-cor_2021-03-24.xsd#ifrs-full_InterestIncomeOnFinancialAssetsDesignatedAtFairValueThroughProfitOrLoss" xlink:label="ifrs-full_InterestIncomeOnFinancialAssetsDesignatedAtFairValueThroughProfitOrLoss" />
    <loc xlink:type="locator" xlink:href="http://xbrl.ifrs.org/taxonomy/2021-03-24/full_ifrs/full_ifrs-cor_2021-03-24.xsd#ifrs-full_ShareOfProfitLossOfAssociatesAndJointVenturesAccountedForUsingEquityMethod" xlink:label="ifrs-full_ShareOfProfitLossOfAssociatesAndJointVenturesAccountedForUsingEquityMethod" />
    <loc xlink:type="locator" xlink:href="http://xbrl.ifrs.org/taxonomy/2021-03-24/full_ifrs/full_ifrs-cor_2021-03-24.xsd#ifrs-full_ComprehensiveIncomeAttributableToOwnersOfParent" xlink:label="ifrs-full_ComprehensiveIncomeAttributableToOwnersOfParent" />
    <loc xlink:type="locator" xlink:href="http://xbrl.ifrs.org/taxonomy/2021-03-24/full_ifrs/full_ifrs-cor_2021-03-24.xsd#ifrs-full_ProfitLossBeforeTax" xlink:label="ifrs-full_ProfitLossBeforeTax" />
    <loc xlink:type="locator" xlink:href="http://xbrl.ifrs.org/taxonomy/2021-03-24/full_ifrs/full_ifrs-cor_2021-03-24.xsd#ifrs-full_ImpairmentLossReversalOfImpairmentLossRecognisedInProfitOrLossLoansAndAdvances" xlink:label="ifrs-full_ImpairmentLossReversalOfImpairmentLossRecognisedInProfitOrLossLoansAndAdvances" />
    <loc xlink:type="locator" xlink:href="http://xbrl.ifrs.org/taxonomy/2021-03-24/full_ifrs/full_ifrs-cor_2021-03-24.xsd#ifrs-full_ComprehensiveIncomeAttributableToNoncontrollingInterests" xlink:label="ifrs-full_ComprehensiveIncomeAttributableToNoncontrollingInterests" />
    <loc xlink:type="locator" xlink:href="http://xbrl.ifrs.org/taxonomy/2021-03-24/full_ifrs/full_ifrs-cor_2021-03-24.xsd#ifrs-full_OtherFinanceIncomeCost" xlink:label="ifrs-full_OtherFinanceIncomeCost" />
    <loc xlink:type="locator" xlink:href="http://xbrl.ifrs.org/taxonomy/2021-03-24/full_ifrs/full_ifrs-cor_2021-03-24.xsd#ifrs-full_RevenueFromDividends" xlink:label="ifrs-full_RevenueFromDividends" />
    <loc xlink:type="locator" xlink:href="http://xbrl.ifrs.org/taxonomy/2021-03-24/full_ifrs/full_ifrs-cor_2021-03-24.xsd#ifrs-full_FinanceIncome" xlink:label="ifrs-full_FinanceIncome" />
    <loc xlink:type="locator" xlink:href="http://xbrl.ifrs.org/taxonomy/2021-03-24/full_ifrs/full_ifrs-cor_2021-03-24.xsd#ifrs-full_ServicesExpense" xlink:label="ifrs-full_ServicesExpense" />
    <loc xlink:type="locator" xlink:href="http://xbrl.ifrs.org/taxonomy/2021-03-24/full_ifrs/full_ifrs-cor_2021-03-24.xsd#ifrs-full_ComprehensiveIncome" xlink:label="ifrs-full_ComprehensiveIncome" />
    <loc xlink:type="locator" xlink:href="http://xbrl.ifrs.org/taxonomy/2021-03-24/full_ifrs/full_ifrs-cor_2021-03-24.xsd#ifrs-full_ComprehensiveIncomeFromContinuingOperations" xlink:label="ifrs-full_ComprehensiveIncomeFromContinuingOperations" />
    <loc xlink:type="locator" xlink:href="http://xbrl.ifrs.org/taxonomy/2021-03-24/full_ifrs/full_ifrs-cor_2021-03-24.xsd#ifrs-full_OtherFinanceIncome" xlink:label="ifrs-full_OtherFinanceIncome" />
    <loc xlink:type="locator" xlink:href="http://xbrl.ifrs.org/taxonomy/2021-03-24/full_ifrs/full_ifrs-cor_2021-03-24.xsd#ifrs-full_IncomeTaxExpenseContinuingOperations" xlink:label="ifrs-full_IncomeTaxExpenseContinuingOperations" />
    <loc xlink:type="locator" xlink:href="http://xbrl.ifrs.org/taxonomy/2021-03-24/full_ifrs/full_ifrs-cor_2021-03-24.xsd#ifrs-full_ProfitLossFromOperatingActivities" xlink:label="ifrs-full_ProfitLossFromOperatingActivities" />
    <loc xlink:type="locator" xlink:href="http://xbrl.ifrs.org/taxonomy/2021-03-24/full_ifrs/full_ifrs-cor_2021-03-24.xsd#ifrs-full_OtherFinanceCost" xlink:label="ifrs-full_OtherFinanceCost" />
    <loc xlink:type="locator" xlink:href="http://xbrl.ifrs.org/taxonomy/2021-03-24/full_ifrs/full_ifrs-cor_2021-03-24.xsd#ifrs-full_InterestExpenseOnDebtInstrumentsIssued" xlink:label="ifrs-full_InterestExpenseOnDebtInstrumentsIssued" />
    <loc xlink:type="locator" xlink:href="http://xbrl.ifrs.org/taxonomy/2021-03-24/full_ifrs/full_ifrs-cor_2021-03-24.xsd#ifrs-full_InterestRevenueCalculatedUsingEffectiveInterestMethod" xlink:label="ifrs-full_InterestRevenueCalculatedUsingEffectiveInterestMethod" />
    <loc xlink:type="locator" xlink:href="http://xbrl.ifrs.org/taxonomy/2021-03-24/full_ifrs/full_ifrs-cor_2021-03-24.xsd#ifrs-full_InterestIncomeOnHeldtomaturityInvestments" xlink:label="ifrs-full_InterestIncomeOnHeldtomaturityInvestments" />
    <loc xlink:type="locator" xlink:href="http://xbrl.ifrs.org/taxonomy/2021-03-24/full_ifrs/full_ifrs-cor_2021-03-24.xsd#ifrs-full_EmployeeBenefitsExpense" xlink:label="ifrs-full_EmployeeBenefitsExpense" />
    <presentationArc xlink:type="arc" xlink:from="ifrs-full_IncomeStatementAbstract" xlink:to="ifrs-full_RevenueFromDividends" order="1" xlink:arcrole="http://www.xbrl.org/2003/arcrole/parent-child" priority="1" />
    <presentationArc xlink:type="arc" xlink:from="ifrs-full_IncomeStatementAbstract" xlink:to="ifrs-full_FinanceIncome" order="3" xlink:arcrole="http://www.xbrl.org/2003/arcrole/parent-child" priority="1" />
    <presentationArc xlink:type="arc" xlink:from="ifrs-full_IncomeStatementAbstract" xlink:to="ifrs-full_OtherFinanceIncomeCost" order="5" xlink:arcrole="http://www.xbrl.org/2003/arcrole/parent-child" priority="1" />
    <presentationArc xlink:type="arc" xlink:from="ifrs-full_IncomeStatementAbstract" xlink:to="ifrs-full_Revenue" order="7" xlink:arcrole="http://www.xbrl.org/2003/arcrole/parent-child" priority="1" preferredLabel="http://www.xbrl.org/2003/role/totalLabel" />
    <presentationArc xlink:type="arc" xlink:from="ifrs-full_IncomeStatementAbstract" xlink:to="ifrs-full_EmployeeBenefitsExpense" order="9" xlink:arcrole="http://www.xbrl.org/2003/arcrole/parent-child" priority="1" preferredLabel="http://www.xbrl.org/2003/role/totalLabel" />
    <presentationArc xlink:type="arc" xlink:from="ifrs-full_IncomeStatementAbstract" xlink:to="ifrs-full_ServicesExpense" order="11" xlink:arcrole="http://www.xbrl.org/2003/arcrole/parent-child" priority="1" />
    <presentationArc xlink:type="arc" xlink:from="ifrs-full_IncomeStatementAbstract" xlink:to="ifrs-full_OtherOperatingIncomeExpense" order="13" xlink:arcrole="http://www.xbrl.org/2003/arcrole/parent-child" priority="1" />
    <presentationArc xlink:type="arc" xlink:from="ifrs-full_IncomeStatementAbstract" xlink:to="ifrs-full_OperatingExpenseExcludingCostOfSales" order="15" xlink:arcrole="http://www.xbrl.org/2003/arcrole/parent-child" priority="1" />
    <presentationArc xlink:type="arc" xlink:from="ifrs-full_IncomeStatementAbstract" xlink:to="ifrs-full_ProfitLossFromOperatingActivities" order="17" xlink:arcrole="http://www.xbrl.org/2003/arcrole/parent-child" priority="1" preferredLabel="http://www.xbrl.org/2003/role/totalLabel" />
    <presentationArc xlink:type="arc" xlink:from="ifrs-full_IncomeStatementAbstract" xlink:to="ifrs-full_InterestRevenueCalculatedUsingEffectiveInterestMethod" order="19" xlink:arcrole="http://www.xbrl.org/2003/arcrole/parent-child" priority="1" />
    <presentationArc xlink:type="arc" xlink:from="ifrs-full_IncomeStatementAbstract" xlink:to="ifrs-full_InterestIncomeOnHeldtomaturityInvestments" order="21" xlink:arcrole="http://www.xbrl.org/2003/arcrole/parent-child" priority="1" />
    <presentationArc xlink:type="arc" xlink:from="ifrs-full_IncomeStatementAbstract" xlink:to="ifrs-full_InterestExpenseOnDebtInstrumentsIssued" order="23" xlink:arcrole="http://www.xbrl.org/2003/arcrole/parent-child" priority="1" />
    <presentationArc xlink:type="arc" xlink:from="ifrs-full_IncomeStatementAbstract" xlink:to="ifrs-full_InterestIncomeOnFinancialAssetsDesignatedAtFairValueThroughProfitOrLoss" order="25" xlink:arcrole="http://www.xbrl.org/2003/arcrole/parent-child" priority="1" />
    <presentationArc xlink:type="arc" xlink:from="ifrs-full_IncomeStatementAbstract" xlink:to="ifrs-full_ImpairmentLossReversalOfImpairmentLossRecognisedInProfitOrLossLoansAndAdvances" order="27" xlink:arcrole="http://www.xbrl.org/2003/arcrole/parent-child" priority="1" />
    <presentationArc xlink:type="arc" xlink:from="ifrs-full_IncomeStatementAbstract" xlink:to="ifrs-full_ShareOfProfitLossOfAssociatesAndJointVenturesAccountedForUsingEquityMethod" order="29" xlink:arcrole="http://www.xbrl.org/2003/arcrole/parent-child" priority="1" />
    <presentationArc xlink:type="arc" xlink:from="ifrs-full_IncomeStatementAbstract" xlink:to="ifrs-full_OtherFinanceIncome" order="31" xlink:arcrole="http://www.xbrl.org/2003/arcrole/parent-child" priority="1" />
    <presentationArc xlink:type="arc" xlink:from="ifrs-full_IncomeStatementAbstract" xlink:to="ifrs-full_OtherFinanceCost" order="33" xlink:arcrole="http://www.xbrl.org/2003/arcrole/parent-child" priority="1" />
    <presentationArc xlink:type="arc" xlink:from="ifrs-full_IncomeStatementAbstract" xlink:to="ifrs-full_ProfitLossBeforeTax" order="35" xlink:arcrole="http://www.xbrl.org/2003/arcrole/parent-child" priority="1" preferredLabel="http://www.xbrl.org/2003/role/totalLabel" />
    <presentationArc xlink:type="arc" xlink:from="ifrs-full_IncomeStatementAbstract" xlink:to="ifrs-full_IncomeTaxExpenseContinuingOperations" order="37" xlink:arcrole="http://www.xbrl.org/2003/arcrole/parent-child" priority="1" />
    <presentationArc xlink:type="arc" xlink:from="ifrs-full_IncomeStatementAbstract" xlink:to="ifrs-full_ProfitLoss" order="39" xlink:arcrole="http://www.xbrl.org/2003/arcrole/parent-child" priority="1" preferredLabel="http://www.xbrl.org/2003/role/totalLabel" />
    <presentationArc xlink:type="arc" xlink:from="ifrs-full_IncomeStatementAbstract" xlink:to="ifrs-full_ComprehensiveIncomeFromContinuingOperations" order="41" xlink:arcrole="http://www.xbrl.org/2003/arcrole/parent-child" priority="1" />
    <presentationArc xlink:type="arc" xlink:from="ifrs-full_IncomeStatementAbstract" xlink:to="ifrs-full_OtherIndividuallyImmaterialComponentsOfOtherComprehensiveIncomeNetOfTax" order="43" xlink:arcrole="http://www.xbrl.org/2003/arcrole/parent-child" priority="1" />
    <presentationArc xlink:type="arc" xlink:from="ifrs-full_IncomeStatementAbstract" xlink:to="ifrs-full_ComprehensiveIncome" order="45" xlink:arcrole="http://www.xbrl.org/2003/arcrole/parent-child" priority="1" preferredLabel="http://www.xbrl.org/2003/role/totalLabel" />
    <presentationArc xlink:type="arc" xlink:from="ifrs-full_IncomeStatementAbstract" xlink:to="ifrs-full_ComprehensiveIncomeAttributableToOwnersOfParent" order="47" xlink:arcrole="http://www.xbrl.org/2003/arcrole/parent-child" priority="1" preferredLabel="http://www.xbrl.org/2003/role/totalLabel" />
    <presentationArc xlink:type="arc" xlink:from="ifrs-full_IncomeStatementAbstract" xlink:to="ifrs-full_ComprehensiveIncomeAttributableToNoncontrollingInterests" order="49" xlink:arcrole="http://www.xbrl.org/2003/arcrole/parent-child" priority="1" preferredLabel="http://www.xbrl.org/2003/role/totalLabel" />
  </presentationLink>
</linkbase>