﻿<?xml version="1.0" encoding="utf-8"?>
<tp:taxonomyPackage xml:lang="en" xmlns:tp="http://xbrl.org/2016/taxonomy-package" xmlns:xsi="http://www.w3.org/2001/XMLSchema-instance" xsi:schemaLocation="http://xbrl.org/2016/taxonomy-package http://www.xbrl.org/2016/taxonomy-package.xsd">
  <tp:identifier>http://propartnersholdingas.com/xbrl/2021/20211231</tp:identifier>
  <tp:name>2021-12-31_ProPartnersHoldingas_report</tp:name>
  <tp:description>XBRL Taxonomy prepared for the European Standard Electronic Format</tp:description>
  <tp:version>2021-12-31</tp:version>
  <tp:publisher>Pro Partners Holding, a.s.</tp:publisher>
  <tp:publisherURL>http://propartnersholdingas.com/xbrl/2021</tp:publisherURL>
  <tp:publisherCountry>SK</tp:publisherCountry>
  <tp:publicationDate>2022-06-10</tp:publicationDate>
  <tp:entryPoints>
    <tp:entryPoint>
      <tp:name>Pro Partners Holding, a.s. XBRL Taxonomy for 2021-12-31</tp:name>
      <tp:description>Pro Partners Holding, a.s. XBRL report for 2021-12-31</tp:description>
      <tp:entryPointDocument href="http://propartnersholdingas.com/xbrl/2021/propartnersholdingas-2021-12-31.xsd" />
      <tp:entryPointDocument href="http://www.esma.europa.eu/taxonomy/2021-03-24/esef_cor-lab-sk.xml" />
      <tp:entryPointDocument href="http://www.esma.europa.eu/taxonomy/2021-03-24/esef_cor-gen-sk.xml" />
      <tp:languages>
        <tp:language>sk</tp:language>
      </tp:languages>
    </tp:entryPoint>
  </tp:entryPoints>
</tp:taxonomyPackage>